id,text,normalized_text,orig_label,label,label_id
uit_003085,"tội mày quá , lần sau mày bình tĩnh hơn nhé","tội mày quá , lần sau mày bình tĩnh hơn nhé",sadness,sadness,3
uit_004366,cưng ghê,cưng ghê,enjoyment,happiness,2
uit_003044,t không phải con sến súa . ko cần quá cầu kì lãng mạn . cầu hôn tao thế này là tao đổ rồi per,t không phải con sến súa . ko cần quá cầu kì lãng mạn . cầu hôn tao thế này là tao đổ rồi per,enjoyment,happiness,2
uit_000986,"aaaaa con nhện 😨 "" aaaaaaa con ế !"" - nhện said 😂😂😂","aaaaa con nhện 😨 "" aaaaaaa con ế !"" - nhện said 😂😂😂",enjoyment,happiness,2
uit_001934,"k có con gì ác bằng con người , các con bé như thế mà nó không tha","k có con gì ác bằng con người , các con bé như thế mà nó không tha",fear,fear,1
uit_000637,tại sao anh cứ mất công giận dỗi trong khi người xin lỗi vẫn là anh =)),tại sao anh cứ mất công giận dỗi trong khi người xin lỗi vẫn là anh =)),enjoyment,happiness,2
uit_003812,tao cũng hay sử dụng chiêu này và bọn đàn ông vẫn cứ bị lừa ????,tao cũng hay sử dụng chiêu này và bọn đàn ông vẫn cứ bị lừa ????,enjoyment,happiness,2
uit_002812,tội cho chàng trai ấy,tội cho chàng trai ấy,sadness,sadness,3
uit_005273,tự nhiên mình xem và mỉm cười theo .,tự nhiên mình xem và mỉm cười theo .,enjoyment,happiness,2
uit_000513,thần tài cho chủ cửa hàng bán vàng chứ thần tài gì mình đâu,thần tài cho chủ cửa hàng bán vàng chứ thần tài gì mình đâu,other,neutral,4
uit_004656,còn gì đau xót hơn 🙂🙂,còn gì đau xót hơn 🙂🙂,sadness,sadness,3
uit_003120,sau mỗi cuộc chia ly người ở lại vẫn là người đau lòng nhất :((,sau mỗi cuộc chia ly người ở lại vẫn là người đau lòng nhất :((,sadness,sadness,3
uit_003842,bức ảnh xuất sắc ❤️,bức ảnh xuất sắc ❤️,enjoyment,happiness,2
uit_003503,"thời thanh xuân tôi từng yêu quý nét hiền thục của chị hiền mai . và đúng như cái tên hiền mai của chị , tên và tâm tính đều đẹp , hiếu thảo khó ai bằng . em xin chúc bác có thêm nhiều sức khoẻ để chị có được nhg tháng ngày hạnh phúc , ấm áp bên mẹ ạ .","thời thanh xuân tôi từng yêu quý nét hiền thục của chị hiền mai . và đúng như cái tên hiền mai của chị , tên và tâm tính đều đẹp , hiếu thảo khó ai bằng . em xin chúc bác có thêm nhiều sức khoẻ để chị có được nhg tháng ngày hạnh phúc , ấm áp bên mẹ ạ .",enjoyment,happiness,2
uit_000502,hmmmmmmm não tao xoắn mẹ rồi,hmmmmmmm não tao xoắn mẹ rồi,other,neutral,4
uit_004240,gap kiểu này chắc đái ra quần quá,gap kiểu này chắc đái ra quần quá,fear,fear,1
uit_000746,chuẩn,chuẩn,enjoyment,happiness,2
uit_001433,chuẩn lun,chuẩn lun,enjoyment,happiness,2
uit_004234,"lại là lào cai , tự hào quê mình quá :))","lại là lào cai , tự hào quê mình quá :))",enjoyment,happiness,2
uit_000152,ông thần nhây vãi đái 😂😂,ông thần nhây vãi đái 😂😂,enjoyment,happiness,2
uit_001014,em per gì gì đang hot đi làm lại ngực mà đi đoạn đường này thì ngải cứu :)),em per gì gì đang hot đi làm lại ngực mà đi đoạn đường này thì ngải cứu :)),other,neutral,4
uit_001384,dài quá vướn víu,dài quá vướn víu,other,neutral,4
uit_001837,"kết nhất cái điệu "" xời quá là điều bình thường luôn ""","kết nhất cái điệu "" xời quá là điều bình thường luôn """,enjoyment,happiness,2
uit_004795,tao cũng thế mà ba tao vứt hết mẹ rồi,tao cũng thế mà ba tao vứt hết mẹ rồi,other,neutral,4
uit_000615,ngày xưa mừn cũng hay thế lắm .,ngày xưa mừn cũng hay thế lắm .,enjoyment,happiness,2
uit_002907,mai đấu giá thử cai lap cua mình chứa toàn tài liệu tiếng nhật 😂😂,mai đấu giá thử cai lap cua mình chứa toàn tài liệu tiếng nhật 😂😂,enjoyment,happiness,2
uit_002840,em tao thì cứ xác định bố thịt từng đứa 🙂🙂🙂🙂🙂 bố mẹ bênh thì thịt cả bố mẹ luôn sợ máu lồn 🙂🙂🙂🙂🙂🙂,em tao thì cứ xác định bố thịt từng đứa 🙂🙂🙂🙂🙂 bố mẹ bênh thì thịt cả bố mẹ luôn sợ máu lồn 🙂🙂🙂🙂🙂🙂,anger,anger,0
uit_000084,thế làm sao dỗ bạn gái đang giận :(,thế làm sao dỗ bạn gái đang giận :(,sadness,sadness,3
uit_001512,per sự tích con chim họa tao với mấy thắc mắc hồi trước nè,per sự tích con chim họa tao với mấy thắc mắc hồi trước nè,other,neutral,4
uit_003518,"gặp chị này ngoài đời rồi , giọng nhẹ mà hiền lắm nuôn ❤","gặp chị này ngoài đời rồi , giọng nhẹ mà hiền lắm nuôn ❤",enjoyment,happiness,2
uit_002437,bo ̣ n na ̀ y cho đi tu ̀ hê ́ tao,bo ̣ n na ̀ y cho đi tu ̀ hê ́ tao,anger,anger,0
uit_003651,ngồi nhiều quá nhìn họ đau mắt,ngồi nhiều quá nhìn họ đau mắt,sadness,sadness,3
uit_001942,đúng . biết là sự thật tàn nhẫn nhưng vẫn muốn biết rõ cho nhẹ lòng hơn :(,đúng . biết là sự thật tàn nhẫn nhưng vẫn muốn biết rõ cho nhẹ lòng hơn :(,sadness,sadness,3
uit_001098,mát lồng lộng mày ạ,mát lồng lộng mày ạ,enjoyment,happiness,2
uit_000834,per dume đái trong quần,per dume đái trong quần,fear,fear,1
uit_001221,"tao biết trước là nó sẽ lao vào màn hình mà , vậy nên tâm vẫn tỉnh lúc nó lao vào .","tao biết trước là nó sẽ lao vào màn hình mà , vậy nên tâm vẫn tỉnh lúc nó lao vào .",enjoyment,happiness,2
uit_005036,còn tôi tự nhủ dù lớp học tự ý bỏ về hết tôi cũng phải ở lại học đến tiết cuối cùng . hết giờ tôi cứ ngồi đó rồi từ từ bước chậm ra cửa ngoái đầu nhìn lại .,còn tôi tự nhủ dù lớp học tự ý bỏ về hết tôi cũng phải ở lại học đến tiết cuối cùng . hết giờ tôi cứ ngồi đó rồi từ từ bước chậm ra cửa ngoái đầu nhìn lại .,sadness,sadness,3
uit_002010,có ai biết 2 người này không ạ ?,có ai biết 2 người này không ạ ?,other,neutral,4
uit_003169,per kỷ niệm khó quên nhỉ kkk,per kỷ niệm khó quên nhỉ kkk,enjoyment,happiness,2
uit_003022,"per mất dậy vãi , lớn lên nó sẽ biết nó làm như này trên tv là không hay","per mất dậy vãi , lớn lên nó sẽ biết nó làm như này trên tv là không hay",anger,anger,0
uit_002802,""" tim anh em lấy em chơi , quả báo đến sớm em ơi ...""",""" tim anh em lấy em chơi , quả báo đến sớm em ơi ...""",other,neutral,4
uit_000689,cưng xỉu ??,cưng xỉu ??,enjoyment,happiness,2
uit_004132,đau bụng vãi hix,đau bụng vãi hix,sadness,sadness,3
uit_000895,"per đường đi về anh ợ , ô tô chắn hết đg chả đi được ??","per đường đi về anh ợ , ô tô chắn hết đg chả đi được ??",other,neutral,4
uit_002492,mày làm tao buồn đó per ??,mày làm tao buồn đó per ??,sadness,sadness,3
uit_003781,đau đớn quá sao phải tham mấy đồng tiền đó nhỉ,đau đớn quá sao phải tham mấy đồng tiền đó nhỉ,sadness,sadness,3
uit_002856,per thể loại tao thích nè nhưng mày đi coi với tao nha không tao khóc thét rạp,per thể loại tao thích nè nhưng mày đi coi với tao nha không tao khóc thét rạp,fear,fear,1
uit_004177,per câu chuyện ngắn gọn trọn tình 😂😂,per câu chuyện ngắn gọn trọn tình 😂😂,enjoyment,happiness,2
uit_004739,pháp năm nay nhiều biến quá :((,pháp năm nay nhiều biến quá :((,sadness,sadness,3
uit_004880,cần lắm nhiều vụ ly hôn như thế 😂😀😀😁🤣🤣,cần lắm nhiều vụ ly hôn như thế 😂😀😀😁🤣🤣,enjoyment,happiness,2
uit_003845,"ai cho mình xin tên phim với , mình không xem được 😢","ai cho mình xin tên phim với , mình không xem được 😢",sadness,sadness,3
uit_005077,sao không xúm lại rỉa lông tụi đầu bếp nhỉ .,sao không xúm lại rỉa lông tụi đầu bếp nhỉ .,other,neutral,4
uit_003811,yêu hay không yêu không yêu hay yêu nói 1 lời 😂,yêu hay không yêu không yêu hay yêu nói 1 lời 😂,enjoyment,happiness,2
uit_001523,em chờ được mà 🙂,em chờ được mà 🙂,enjoyment,happiness,2
uit_000589,nếu là tao thì nhảy cẩng lên chuẩn mẹ rồi :)) má nhìn trong hình tưởng ma thật ở ngoài đéo biết như lào luôn ớ,nếu là tao thì nhảy cẩng lên chuẩn mẹ rồi :)) má nhìn trong hình tưởng ma thật ở ngoài đéo biết như lào luôn ớ,fear,fear,1
uit_002050,lòng đường là để giao thông chứ để nhà các bác đỗ xe à ?,lòng đường là để giao thông chứ để nhà các bác đỗ xe à ?,anger,anger,0
uit_004872,đúng . a có tầm nhìn . tâm nữa . mình biết,đúng . a có tầm nhìn . tâm nữa . mình biết,enjoyment,happiness,2
uit_004353,diệp ngọc miutokool dautay đây là gì ?,diệp ngọc miutokool dautay đây là gì ?,other,neutral,4
uit_000686,tao cũng phải về mở cho mẹ tao coi 😂😂,tao cũng phải về mở cho mẹ tao coi 😂😂,enjoyment,happiness,2
uit_000829,mua được bộ đồ cho tết điệu đà tán gái mà như thế nào đây thì tán sao được,mua được bộ đồ cho tết điệu đà tán gái mà như thế nào đây thì tán sao được,other,neutral,4
uit_004640,"hỏi thì hỏi cho khôn , hỏi mà như vả thẳng vào mặt người ta :))","hỏi thì hỏi cho khôn , hỏi mà như vả thẳng vào mặt người ta :))",anger,anger,0
uit_001731,lạy chúa con còn lứa tuổi học sinh,lạy chúa con còn lứa tuổi học sinh,other,neutral,4
uit_001568,rơi mất tim . nguy hiểm thiệt ^^,rơi mất tim . nguy hiểm thiệt ^^,fear,fear,1
uit_003724,per nghe chưa nhân viên mới ... kk,per nghe chưa nhân viên mới ... kk,enjoyment,happiness,2
uit_003605,buồn cười vãi ý,buồn cười vãi ý,enjoyment,happiness,2
uit_000851,vào sg 50k / không cũng mua . 100k / không cũng mua ! ha ha,vào sg 50k / không cũng mua . 100k / không cũng mua ! ha ha,enjoyment,happiness,2
uit_005130,xịt nước là ướt rồi,xịt nước là ướt rồi,other,neutral,4
uit_000590,cuộc tình ngang trái của nhà tớ đây ??,cuộc tình ngang trái của nhà tớ đây ??,other,neutral,4
uit_002556,ờ thì 1 con ngựa ăn cả tàu bỏ cỏ vì con ngựa nó ăn hết cỏ rồi 😂😂😂,ờ thì 1 con ngựa ăn cả tàu bỏ cỏ vì con ngựa nó ăn hết cỏ rồi 😂😂😂,other,neutral,4
uit_005271,chúng mày cứ cười . dm mai gần đấy có biến lại thấy anh ấy trong bộ cảnh phục thì lại tung hô quả nằm vùng quá đẳng cấp 😂😂😂,chúng mày cứ cười . dm mai gần đấy có biến lại thấy anh ấy trong bộ cảnh phục thì lại tung hô quả nằm vùng quá đẳng cấp 😂😂😂,enjoyment,happiness,2
uit_001592,tao ngự ở trong uống nước cho nhàn thân rồi,tao ngự ở trong uống nước cho nhàn thân rồi,enjoyment,happiness,2
uit_004876,đi đâu cũng gặp mấy cái thứ,đi đâu cũng gặp mấy cái thứ,anger,anger,0
uit_000631,nhưng nó cười với đứa khác không phải mày .... 💔,nhưng nó cười với đứa khác không phải mày .... 💔,sadness,sadness,3
uit_000532,"yeahh , được mở lại fan cứng rồi =)))","yeahh , được mở lại fan cứng rồi =)))",enjoyment,happiness,2
uit_004471,dễ thương vãiiiiiiiii,dễ thương vãiiiiiiiii,enjoyment,happiness,2
uit_003967,năm nào cũng mua 2 cái đăng ảnh sống ảo xong cất ăn chống đói dần dần :),năm nào cũng mua 2 cái đăng ảnh sống ảo xong cất ăn chống đói dần dần :),enjoyment,happiness,2
uit_002155,chỉ khổ các con thôi !! sao người ta lại có thể mất nhân tính như vậy,chỉ khổ các con thôi !! sao người ta lại có thể mất nhân tính như vậy,sadness,sadness,3
uit_000263,"ổng để móng có 1 bàn tay thôi còn bàn tay kia vẫn sạch sẽ bình thường mà các cụ cứ hỏi chùi đít , đanh răng , quay tay kiểu gì là sao :))","ổng để móng có 1 bàn tay thôi còn bàn tay kia vẫn sạch sẽ bình thường mà các cụ cứ hỏi chùi đít , đanh răng , quay tay kiểu gì là sao :))",other,neutral,4
uit_002281,phải chi quán đầu tư cái máy hút bụi thì đỡ cho anh ấy quá =))),phải chi quán đầu tư cái máy hút bụi thì đỡ cho anh ấy quá =))),other,neutral,4
uit_002884,ê có khi nào đọc bài này xong buồn cười quá cười toác hàm có khi nào đi bệnh viện không các cụ :v,ê có khi nào đọc bài này xong buồn cười quá cười toác hàm có khi nào đi bệnh viện không các cụ :v,enjoyment,happiness,2
uit_001255,sao ảnh này nhìn con rắn đáng yêuc vãi :))),sao ảnh này nhìn con rắn đáng yêuc vãi :))),enjoyment,happiness,2
uit_003566,"đã từng nhưng 10 năm về trước cơ , buồn ghê","đã từng nhưng 10 năm về trước cơ , buồn ghê",sadness,sadness,3
uit_000839,giờ mới biết,giờ mới biết,other,neutral,4
uit_003925,24 tuổi thấy đời đắng và khá mặn,24 tuổi thấy đời đắng và khá mặn,sadness,sadness,3
uit_002350,đây là một câu chuyện buồn 🙁,đây là một câu chuyện buồn 🙁,sadness,sadness,3
uit_000652,là gặp đúng người nhưng lại chẳng đúng thời điểm . cuối cùng vẫn là chúng ta bỏ lỡ nhau 😥😥😥,là gặp đúng người nhưng lại chẳng đúng thời điểm . cuối cùng vẫn là chúng ta bỏ lỡ nhau 😥😥😥,sadness,sadness,3
uit_002638,"per cố gắng lên nha anh , mọi điều tốt đep đang chờ anh 💓💓","per cố gắng lên nha anh , mọi điều tốt đep đang chờ anh 💓💓",enjoyment,happiness,2
uit_004289,máy xay sinh tố chớ gì .,máy xay sinh tố chớ gì .,other,neutral,4
uit_000246,"chủ động nói chuyện , nhắn tin khi có time . nhưng đời không như mơ","chủ động nói chuyện , nhắn tin khi có time . nhưng đời không như mơ",sadness,sadness,3
uit_004221,và tôi đã mất đi 1 người như thế .,và tôi đã mất đi 1 người như thế .,sadness,sadness,3
uit_004243,t cười ỉa ...🤣🤣,t cười ỉa ...🤣🤣,enjoyment,happiness,2
uit_004000,thật là đáng sợ,thật là đáng sợ,fear,fear,1
uit_001661,cái kết có hậu quá :)),cái kết có hậu quá :)),enjoyment,happiness,2
uit_005103,"cấp 1 hiền lành ít nói , ngồi gần 1 cô bé cái gì cũng nhường cô ấy , nhường đến mức nhường luôn tập sách , để bà già phải dẫn ra nhà nó lấy lại ! 😂😂😂","cấp 1 hiền lành ít nói , ngồi gần 1 cô bé cái gì cũng nhường cô ấy , nhường đến mức nhường luôn tập sách , để bà già phải dẫn ra nhà nó lấy lại ! 😂😂😂",enjoyment,happiness,2
uit_000025,"hồi học lớp 5 bảo bố đi mua sgk cho , xong bố đi mua nguyên bộ lớp 4 đầy đủ từ sgk đến vở bài tập 😂","hồi học lớp 5 bảo bố đi mua sgk cho , xong bố đi mua nguyên bộ lớp 4 đầy đủ từ sgk đến vở bài tập 😂",sadness,sadness,3
uit_003047,tôi nói với các ông nhé . dắt bộ qua chốt cũng chưa chắc ngon ăn per,tôi nói với các ông nhé . dắt bộ qua chốt cũng chưa chắc ngon ăn per,other,neutral,4
uit_003681,thế 1 đứa con trai bỏ thời gian ra nói chuyện thân thiết với 1 đứa con gái không phải là nó thích con đó thì có con cặc nó làm vậy,thế 1 đứa con trai bỏ thời gian ra nói chuyện thân thiết với 1 đứa con gái không phải là nó thích con đó thì có con cặc nó làm vậy,anger,anger,0
uit_002496,em vẫn nhớ cái bếp này kkk,em vẫn nhớ cái bếp này kkk,enjoyment,happiness,2
uit_002743,tiếc là 23 cái xuân rồi chưa gặp được em . có ai giống tôi không,tiếc là 23 cái xuân rồi chưa gặp được em . có ai giống tôi không,sadness,sadness,3
uit_004121,cái gì nó cũng có hạn sử dụng cả 🙂,cái gì nó cũng có hạn sử dụng cả 🙂,other,neutral,4
uit_001153,chất đó có làm mềm não không ?,chất đó có làm mềm não không ?,other,neutral,4
uit_003264,không biết s chứ ngày lúc 17t tao đi phục vụ phòng karaoke ... mình tao 2 phòng chạy qua chạy lại mệt quá vì xỉn ... kkk . thế là tao nghỉ trong ngày đầu vào phục vụ karaoke .🤣🤣🤣,không biết s chứ ngày lúc 17t tao đi phục vụ phòng karaoke ... mình tao 2 phòng chạy qua chạy lại mệt quá vì xỉn ... kkk . thế là tao nghỉ trong ngày đầu vào phục vụ karaoke .🤣🤣🤣,enjoyment,happiness,2
uit_000399,bật lửa thời chưa được thu nhỏ,bật lửa thời chưa được thu nhỏ,other,neutral,4
uit_001009,xem mà cuối phim thấy tội chị ma nữ 😂,xem mà cuối phim thấy tội chị ma nữ 😂,sadness,sadness,3
uit_004233,"tính tao tao biết , chẳng có chuyện gì có thể làm tao phát điên cả","tính tao tao biết , chẳng có chuyện gì có thể làm tao phát điên cả",other,neutral,4
uit_000174,ok mà cần gì cứ cắt chất lượng lại thôi vẫn bán giá vậy,ok mà cần gì cứ cắt chất lượng lại thôi vẫn bán giá vậy,other,neutral,4
uit_003269,làm công nhân đã khổ rồi mà tụi nó còn nỡ lòng nào hại người ta nhắn tin,làm công nhân đã khổ rồi mà tụi nó còn nỡ lòng nào hại người ta nhắn tin,sadness,sadness,3
uit_002913,là nhìn người ta đi cạnh 1 cô gái mà bất lực không thể làm gì ngoài việc ngồi nhìn và mỉm cười,là nhìn người ta đi cạnh 1 cô gái mà bất lực không thể làm gì ngoài việc ngồi nhìn và mỉm cười,sadness,sadness,3
uit_004426,bà ma nữ nhập vào nv chính thấy dễ thương dã man 😍😍,bà ma nữ nhập vào nv chính thấy dễ thương dã man 😍😍,enjoyment,happiness,2
uit_004067,"địt mẹ , mình làm khách sạn , lúc vào check phòng kinh vãi lôz . ai họ có ý thức thì không nói , chứ đôi nào mà ...... thì thôi hôm đấy cô dọn phòng xác con mẹ nó định","địt mẹ , mình làm khách sạn , lúc vào check phòng kinh vãi lôz . ai họ có ý thức thì không nói , chứ đôi nào mà ...... thì thôi hôm đấy cô dọn phòng xác con mẹ nó định",anger,anger,0
uit_000929,mấy chị làm chung rất ư là dễ thương luôn,mấy chị làm chung rất ư là dễ thương luôn,enjoyment,happiness,2
uit_002927,"tao tự hỏi sao đứa quay phim nó lại quay đúng lúc thế , chắc chắn nó dự là sẽ nát con xe đó nhưng không nói :))","tao tự hỏi sao đứa quay phim nó lại quay đúng lúc thế , chắc chắn nó dự là sẽ nát con xe đó nhưng không nói :))",other,neutral,4
uit_003139,dume dễ thương vãi ??,dume dễ thương vãi ??,enjoyment,happiness,2
uit_003887,ấn tượng vãi :v bàn tay vàng trong làng vẩy khế :v,ấn tượng vãi :v bàn tay vàng trong làng vẩy khế :v,enjoyment,happiness,2
uit_004605,ghét vãi nồi,ghét vãi nồi,anger,anger,0
uit_000921,"điều đó không quan trọng , quan trọng là đéo xác nhận lời mời kết bạn","điều đó không quan trọng , quan trọng là đéo xác nhận lời mời kết bạn",sadness,sadness,3
uit_001188,thính thơm không,thính thơm không,other,neutral,4
uit_001406,per :)) hiểu được nỗi lòng anh chưa ! mốt đừng giận anh nhiều nữa nha,per :)) hiểu được nỗi lòng anh chưa ! mốt đừng giận anh nhiều nữa nha,enjoyment,happiness,2
uit_005055,em chân thành nên em tổn thương !,em chân thành nên em tổn thương !,sadness,sadness,3
uit_001223,cưng xĩu 😊😊,cưng xĩu 😊😊,enjoyment,happiness,2
uit_002470,"per lắp đi , chứ tốn tiền điện thoại lắm","per lắp đi , chứ tốn tiền điện thoại lắm",other,neutral,4
uit_001642,câu chuyện vui ha =]],câu chuyện vui ha =]],enjoyment,happiness,2
uit_002767,chủ thớt sấp mặt rồi,chủ thớt sấp mặt rồi,sadness,sadness,3
uit_001917,má toàn truyện trong mơ không hà mắc cười quá 😂,má toàn truyện trong mơ không hà mắc cười quá 😂,enjoyment,happiness,2
uit_004255,mẹ đi ngầu chết mẹ đi được chứ kì quặc gì =)))),mẹ đi ngầu chết mẹ đi được chứ kì quặc gì =)))),enjoyment,happiness,2
uit_001961,lò xô xài bằng dầu lửa con gọi là dầu thôi,lò xô xài bằng dầu lửa con gọi là dầu thôi,other,neutral,4
uit_002107,per nhờ mất bạn nên mình mới biết 😂😂😂😂,per nhờ mất bạn nên mình mới biết 😂😂😂😂,enjoyment,happiness,2
uit_003364,per eo ôi làm nhớ hồi nhỏ đi học mẫu giáo quá :))),per eo ôi làm nhớ hồi nhỏ đi học mẫu giáo quá :))),sadness,sadness,3
uit_001304,ngáo như con cáo rồi ????,ngáo như con cáo rồi ????,other,neutral,4
uit_000654,sau này mình có được như vầy không nhỉ 😊,sau này mình có được như vầy không nhỉ 😊,other,neutral,4
uit_002925,why ???? ai đã cướp boss 6 múi của tao vậy 😭😭😭😭,why ???? ai đã cướp boss 6 múi của tao vậy 😭😭😭😭,sadness,sadness,3
uit_000511,anh em để tao hưởng trước nào,anh em để tao hưởng trước nào,enjoyment,happiness,2
uit_003836,chả có tiền mua 😩😩😩,chả có tiền mua 😩😩😩,sadness,sadness,3
uit_004521,đó là khi tao muốn cắn ai đó điên cuồng :),đó là khi tao muốn cắn ai đó điên cuồng :),enjoyment,happiness,2
uit_003233,cả một bầu trời đáng yêu :))))),cả một bầu trời đáng yêu :))))),enjoyment,happiness,2
uit_003248,ước gì được giận lại 😐,ước gì được giận lại 😐,sadness,sadness,3
uit_005094,thả mẹ tay ra :vậy đằng nào em kia cũng không sống nổi 😅,thả mẹ tay ra :vậy đằng nào em kia cũng không sống nổi 😅,other,neutral,4
uit_001438,sau vụ 200k thì vụ 5tr này có nội dung hài hước y hịt :)))),sau vụ 200k thì vụ 5tr này có nội dung hài hước y hịt :)))),enjoyment,happiness,2
uit_001217,khớp vãi =))))))) mặt con bé,khớp vãi =))))))) mặt con bé,enjoyment,happiness,2
uit_004574,23 năm rồi tao còn chưa được đi chơi với bồ trung thu lần nào cả :(,23 năm rồi tao còn chưa được đi chơi với bồ trung thu lần nào cả :(,sadness,sadness,3
uit_004719,nhưng nó giỏi và bản lĩnh đó,nhưng nó giỏi và bản lĩnh đó,enjoyment,happiness,2
uit_000594,"tao toàn thế giận tao tao dỗi lại , lại phải dỗ tao . hahahaha","tao toàn thế giận tao tao dỗi lại , lại phải dỗ tao . hahahaha",enjoyment,happiness,2
uit_003753,chỉ có được cái chữ đẹp . hihihi ...,chỉ có được cái chữ đẹp . hihihi ...,enjoyment,happiness,2
uit_001688,dkm bọn này thất đức thật,dkm bọn này thất đức thật,anger,anger,0
uit_002063,chỉ mong thương nhau đến đầu bạc răng long . vậy là đủ 👌,chỉ mong thương nhau đến đầu bạc răng long . vậy là đủ 👌,enjoyment,happiness,2
uit_005131,hy vọng sẽ mau tìm được anh người yêu thật tốt để 5 năm sau có một gia đình như vậy ❤️❤️,hy vọng sẽ mau tìm được anh người yêu thật tốt để 5 năm sau có một gia đình như vậy ❤️❤️,enjoyment,happiness,2
uit_000406,chạy ngay đi 😒 trước khi bọn chủ tịch vào đây và giả làm con cặc gì đó rồi bị coi thường và chúng mày phải nhận cái kết đấy !!,chạy ngay đi 😒 trước khi bọn chủ tịch vào đây và giả làm con cặc gì đó rồi bị coi thường và chúng mày phải nhận cái kết đấy !!,fear,fear,1
uit_001802,dm đã mải đạp xe rồi còn hỏi hoi cái lol gì vậy ????,dm đã mải đạp xe rồi còn hỏi hoi cái lol gì vậy ????,anger,anger,0
uit_003351,per chị rep khách hàng thế ấy hả 😞 bị bóc phốt rồi,per chị rep khách hàng thế ấy hả 😞 bị bóc phốt rồi,sadness,sadness,3
uit_003363,haiz nuôi được nuôi không thì thôi chứ nuôi mà để v coi được haizz,haiz nuôi được nuôi không thì thôi chứ nuôi mà để v coi được haizz,sadness,sadness,3
uit_000889,cặp phụ lúc nào cũng đáng yêu .,cặp phụ lúc nào cũng đáng yêu .,enjoyment,happiness,2
uit_000902,tại sao cứ đa số là trèo cột điện với mái nhà nhỉ . ai giải thích mình với ??,tại sao cứ đa số là trèo cột điện với mái nhà nhỉ . ai giải thích mình với ??,other,neutral,4
uit_004065,đâu nhất thiết mỗi cầu đường hả bạn ?,đâu nhất thiết mỗi cầu đường hả bạn ?,other,neutral,4
uit_003991,per nếu bạn chưa có việc làm :v,per nếu bạn chưa có việc làm :v,other,neutral,4
uit_000827,lúc đi họp lớp thì đếu thấy ai,lúc đi họp lớp thì đếu thấy ai,other,neutral,4
uit_000311,dume mặc dù tao rất yêu chó nhưng tao cũng sợ chó nữa :((,dume mặc dù tao rất yêu chó nhưng tao cũng sợ chó nữa :((,fear,fear,1
uit_004508,truyện đặng như kim nèk ... tụi bây còn ăn hiếp anh nữa là hối hận không kịp nhé,truyện đặng như kim nèk ... tụi bây còn ăn hiếp anh nữa là hối hận không kịp nhé,anger,anger,0
uit_005196,nhìn muốn tè ra quần rồi,nhìn muốn tè ra quần rồi,fear,fear,1
uit_001576,với mình đoạn mấy thằng đỡ đẻ là hay nhất,với mình đoạn mấy thằng đỡ đẻ là hay nhất,enjoyment,happiness,2
uit_002441,có sáng tạo :)),có sáng tạo :)),enjoyment,happiness,2
uit_004491,"thank you giỏi quá vì nước quên thân , vì dân phục vụ ...","thank you giỏi quá vì nước quên thân , vì dân phục vụ ...",enjoyment,happiness,2
uit_001676,xem cả chục lần vẫn thấy hạnh phúc lây với cụ bà 😊 không biết mai sau mình có được vậy không,xem cả chục lần vẫn thấy hạnh phúc lây với cụ bà 😊 không biết mai sau mình có được vậy không,enjoyment,happiness,2
uit_001309,cái tháng học sấp mặt luôn,cái tháng học sấp mặt luôn,sadness,sadness,3
uit_004242,có ai như tao không đọc đề thì quen nhưng lại quên phương pháp giải . chắc mất gốc rồi :((,có ai như tao không đọc đề thì quen nhưng lại quên phương pháp giải . chắc mất gốc rồi :((,sadness,sadness,3
uit_004015,tội thằng per vãi,tội thằng per vãi,sadness,sadness,3
uit_001190,"sao mày không viết nhanh lên , mày lấy tay chặn làm gì có giúp mày tốt hơn không hả ???","sao mày không viết nhanh lên , mày lấy tay chặn làm gì có giúp mày tốt hơn không hả ???",anger,anger,0
uit_004101,nó tăng động y như tao dị đó :)),nó tăng động y như tao dị đó :)),enjoyment,happiness,2
uit_002285,nhìn đã thật,nhìn đã thật,enjoyment,happiness,2
uit_004614,buồn hơn thế là đối với 1 đứa con gái năm lần bảy lượt chủ động ib họ nhưng vẫn bị xem thường ... xem mà đéo rep ... hết thương là vậy ... 😞😞😞,buồn hơn thế là đối với 1 đứa con gái năm lần bảy lượt chủ động ib họ nhưng vẫn bị xem thường ... xem mà đéo rep ... hết thương là vậy ... 😞😞😞,sadness,sadness,3
uit_000414,"per chế sợ nó hơn sợ chó , nhớ hồi nhỏ đang đánh răng nó rượt mà cầm ca , bàn chảy , miệng thì đầy kem vừa chạy vừa khóc như con chó","per chế sợ nó hơn sợ chó , nhớ hồi nhỏ đang đánh răng nó rượt mà cầm ca , bàn chảy , miệng thì đầy kem vừa chạy vừa khóc như con chó",other,neutral,4
uit_000123,đa ́ người yêuc quá ́,đa ́ người yêuc quá ́,enjoyment,happiness,2
uit_003622,nhiều khi nghĩ mình không phải con gái mà là 1 thằng đàn ông chính hiệu kkkk ....,nhiều khi nghĩ mình không phải con gái mà là 1 thằng đàn ông chính hiệu kkkk ....,enjoyment,happiness,2
uit_000036,thế em ăn cơm chưa ?,thế em ăn cơm chưa ?,other,neutral,4
uit_002890,đú quan trọng bởi người tao yêu củng không đi chơi valungtung thế là tao vui rồi :)),đú quan trọng bởi người tao yêu củng không đi chơi valungtung thế là tao vui rồi :)),enjoyment,happiness,2
uit_000694,per my nè kkk,per my nè kkk,enjoyment,happiness,2
uit_003906,thế mày nằm viện nào tao vào thăm luôn cho động lực,thế mày nằm viện nào tao vào thăm luôn cho động lực,other,neutral,4
uit_002558,"quỳ rồi chết ông chết bà chúng mày à ? tao hồi xưa đi học còn ăn cây như cơm bữa , véo tai mỗi ngày ? dume học thì ngu phá thì giỏi bắt quỳ là nhẹ rồi ở đó mà gáy con cặc","quỳ rồi chết ông chết bà chúng mày à ? tao hồi xưa đi học còn ăn cây như cơm bữa , véo tai mỗi ngày ? dume học thì ngu phá thì giỏi bắt quỳ là nhẹ rồi ở đó mà gáy con cặc",anger,anger,0
uit_004018,cái khó ló cái khôn :))),cái khó ló cái khôn :))),enjoyment,happiness,2
uit_002712,thế giới giờ đáng sợ quá rồi 😌😌 tâm phải tịnh không là tiêu nha mấy ông 😢,thế giới giờ đáng sợ quá rồi 😌😌 tâm phải tịnh không là tiêu nha mấy ông 😢,fear,fear,1
uit_001535,bình yên thật,bình yên thật,enjoyment,happiness,2
uit_004258,dume . lưu manh từ nhỏ . khốn nạn,dume . lưu manh từ nhỏ . khốn nạn,anger,anger,0
uit_002204,tan tành rồi .,tan tành rồi .,sadness,sadness,3
uit_001800,dume cười muốn chết người ta ~~,dume cười muốn chết người ta ~~,enjoyment,happiness,2
uit_000752,per sau khi cưới,per sau khi cưới,other,neutral,4
uit_000117,chỉ cần yên bình như thế này thôi . ❤️❤️❤️,chỉ cần yên bình như thế này thôi . ❤️❤️❤️,enjoyment,happiness,2
uit_000802,tại sao phải đứng ngồi nhìn ? lên bankon cột võng nằm coi mới đã ..,tại sao phải đứng ngồi nhìn ? lên bankon cột võng nằm coi mới đã ..,enjoyment,happiness,2
uit_001213,hay . đỡ mệt,hay . đỡ mệt,enjoyment,happiness,2
uit_003504,phải tao tao vứt luôn xe ??,phải tao tao vứt luôn xe ??,sadness,sadness,3
uit_002394,ngày xưa mìh cũng thế . dume thấy mấy ông đứng đầu đường nhòm nhòm cũng phải lượn qua cái :)),ngày xưa mìh cũng thế . dume thấy mấy ông đứng đầu đường nhòm nhòm cũng phải lượn qua cái :)),enjoyment,happiness,2
uit_000358,nấu kiểu này ngon lắm luôn 😋😋,nấu kiểu này ngon lắm luôn 😋😋,enjoyment,happiness,2
uit_005249,"động lực là tình yêu , gia đình là nơi để về hihi","động lực là tình yêu , gia đình là nơi để về hihi",enjoyment,happiness,2
uit_002415,đố ai định nghĩa được tình yêu . có khó gì đâu một buổi chiều . kề dao vào cổ yêu không hả . gật đầu lia lịa thế là yêu 🤣🤣🤣🤣🤣🤣,đố ai định nghĩa được tình yêu . có khó gì đâu một buổi chiều . kề dao vào cổ yêu không hả . gật đầu lia lịa thế là yêu 🤣🤣🤣🤣🤣🤣,enjoyment,happiness,2
uit_003180,cho tao hỏi mấy con súc vật tụi bây cười cái gì dzậy ? chắc tụi mày phải bị gậy vụt vào mõm thì mới hết dám ngẩng mặt nhìn đời phải không ?,cho tao hỏi mấy con súc vật tụi bây cười cái gì dzậy ? chắc tụi mày phải bị gậy vụt vào mõm thì mới hết dám ngẩng mặt nhìn đời phải không ?,anger,anger,0
uit_004111,per suốt ngày bắt người ta đi tập gym nè >.<,per suốt ngày bắt người ta đi tập gym nè >.<,anger,anger,0
uit_003422,nhanh lẹ hiệu quả cao 😂😂,nhanh lẹ hiệu quả cao 😂😂,enjoyment,happiness,2
uit_001532,nếu yêu anh ! em sẽ hỏi ý kiến anh về mọi việc .,nếu yêu anh ! em sẽ hỏi ý kiến anh về mọi việc .,other,neutral,4
uit_001994,tao phải công nhận là nó giỏi vãi . từ đứa diễn đến đứa quay và edit video .. giỏi vãi 🤣,tao phải công nhận là nó giỏi vãi . từ đứa diễn đến đứa quay và edit video .. giỏi vãi 🤣,enjoyment,happiness,2
uit_000195,"giờ mà quay lại cái thời đi học , tao thề không ngoan nữa mà sẽ bỏ học đi chơi vài bữa","giờ mà quay lại cái thời đi học , tao thề không ngoan nữa mà sẽ bỏ học đi chơi vài bữa",other,neutral,4
uit_004048,chúc bạn có một ngày vui vẻ 😳,chúc bạn có một ngày vui vẻ 😳,enjoyment,happiness,2
uit_004617,điên mẹ rồi,điên mẹ rồi,anger,anger,0
uit_004816,😞 đó sẽ là những kỉ niệm thật đẹp,😞 đó sẽ là những kỉ niệm thật đẹp,sadness,sadness,3
uit_002304,quả drama khi nàng say giấc là minh chứng rõ ràng nhất cho ví dụ trên =))),quả drama khi nàng say giấc là minh chứng rõ ràng nhất cho ví dụ trên =))),other,neutral,4
uit_001650,khi nhỏ còn bị nghiện mùi khói này nữa chớ . 😄,khi nhỏ còn bị nghiện mùi khói này nữa chớ . 😄,enjoyment,happiness,2
uit_004920,"có mà bữa chạy ngược chiều trên qlo 1a tại có hẻm nhỏ để quẹo tắt , chưa kịp quẹo bị 6 anh csgt + 1 xe bắt xe tấp vô chặn đầu xe , hoảng hồn cmnl .","có mà bữa chạy ngược chiều trên qlo 1a tại có hẻm nhỏ để quẹo tắt , chưa kịp quẹo bị 6 anh csgt + 1 xe bắt xe tấp vô chặn đầu xe , hoảng hồn cmnl .",fear,fear,1
uit_003245,nhớ lắm .. cay mắt lắm ....,nhớ lắm .. cay mắt lắm ....,sadness,sadness,3
uit_002543,"bà này đéo gặp mình nhỉ , đọ luôn","bà này đéo gặp mình nhỉ , đọ luôn",other,neutral,4
uit_000775,ahihi khá là buồn cười,ahihi khá là buồn cười,enjoyment,happiness,2
uit_003250,ngày cuối cùng thực sự buồn,ngày cuối cùng thực sự buồn,sadness,sadness,3
uit_004414,đánh cả bố lẫn mẹ nó cho nó chừa,đánh cả bố lẫn mẹ nó cho nó chừa,other,neutral,4
uit_001232,anh có tin em giận lại anh không ?,anh có tin em giận lại anh không ?,enjoyment,happiness,2
uit_004930,từ lúc có vợ nhiều váy mặc để quay video hẳn :)))))),từ lúc có vợ nhiều váy mặc để quay video hẳn :)))))),enjoyment,happiness,2
uit_001580,đậu phộng hahhahah may hềy,đậu phộng hahhahah may hềy,enjoyment,happiness,2
uit_003442,lùn lùn làm sao sống qua nổi những chuyến đi phiêu lưu như vậy,lùn lùn làm sao sống qua nổi những chuyến đi phiêu lưu như vậy,sadness,sadness,3
uit_004220,sao không cho con già đấy mấy cái vào mõm cho vỡ cái nó mõm chó luôn,sao không cho con già đấy mấy cái vào mõm cho vỡ cái nó mõm chó luôn,anger,anger,0
uit_001086,nhưng vẫn tồn tại nhiều đứa con gái không như vậy mà ??,nhưng vẫn tồn tại nhiều đứa con gái không như vậy mà ??,other,neutral,4
uit_004210,per đi bộ ở trường về thì dcm nổi ám ảnh đúng giờ tao về là dcm nó ra nó dí ngày nào cũng dí chạy cái luôn,per đi bộ ở trường về thì dcm nổi ám ảnh đúng giờ tao về là dcm nó ra nó dí ngày nào cũng dí chạy cái luôn,fear,fear,1
uit_003537,"nhà tao bên cạnh phòng tập gym , lúc trước bán dụng cụ thể thao ế vãi ra , nợ nần chồng chất ! từ ngày chuyển sang làm đại lý dầu ăn , gia đình tao phất lên trông thấy !😂😂","nhà tao bên cạnh phòng tập gym , lúc trước bán dụng cụ thể thao ế vãi ra , nợ nần chồng chất ! từ ngày chuyển sang làm đại lý dầu ăn , gia đình tao phất lên trông thấy !😂😂",enjoyment,happiness,2
uit_000266,kiểu xem đứa nào thắng !,kiểu xem đứa nào thắng !,other,neutral,4
uit_002433,má tao coi mà chóng mặt ... cầu này rồi dành cho chân ngắn như tao chắc,má tao coi mà chóng mặt ... cầu này rồi dành cho chân ngắn như tao chắc,other,neutral,4
uit_002338,"từ nhỏ tới lớn đi học toàn ngồi chung bàn với nam , toàn phải đương đầu chiến đấu với vạch phấn chia đôi bàn ghế . 🤣🤣","từ nhỏ tới lớn đi học toàn ngồi chung bàn với nam , toàn phải đương đầu chiến đấu với vạch phấn chia đôi bàn ghế . 🤣🤣",enjoyment,happiness,2
uit_000141,hồi nhỏ cứ đi qua chỗ nào mà nhìn từ xa thấy bóng dáng mấy con đuỹ này là chuẩn bị tinh thần chạy chứ nó dí sấp mặt luôn dù mình đéo làm gì nó hết 😂 vừa dí vừa ngoác mỏ hét sợ vãi ra,hồi nhỏ cứ đi qua chỗ nào mà nhìn từ xa thấy bóng dáng mấy con đuỹ này là chuẩn bị tinh thần chạy chứ nó dí sấp mặt luôn dù mình đéo làm gì nó hết 😂 vừa dí vừa ngoác mỏ hét sợ vãi ra,fear,fear,1
uit_000224,ổng bị bắt rồi :( rồi lấy gì coi,ổng bị bắt rồi :( rồi lấy gì coi,sadness,sadness,3
uit_003867,ai muốn tránh đường đông hỏi người dân đường trong núi nhé !,ai muốn tránh đường đông hỏi người dân đường trong núi nhé !,other,neutral,4
uit_004027,vl thánh nào ghép nhạc lầy vãi,vl thánh nào ghép nhạc lầy vãi,other,neutral,4
uit_003843,việc đớn đau nhất . là nhường người mình yêuu nhất cho 1 người khác 😔😔😔. chỉ vì đơn giản không muốn ai phải đau buồn,việc đớn đau nhất . là nhường người mình yêuu nhất cho 1 người khác 😔😔😔. chỉ vì đơn giản không muốn ai phải đau buồn,sadness,sadness,3
uit_000807,học rmit thì chắc chắn là gia phả nhà nó giàu vcd rồi . thế thì chọn thằng có tiền học bổng chứ còn gì nữa -)),học rmit thì chắc chắn là gia phả nhà nó giàu vcd rồi . thế thì chọn thằng có tiền học bổng chứ còn gì nữa -)),other,neutral,4
uit_004713,đấy mẹ thấy đơn giản không =))),đấy mẹ thấy đơn giản không =))),enjoyment,happiness,2
uit_000253,"per hồi nhỏ bị con đỉ này dí lòi lol 😂, bị cắn bầm đen muốn thúi thịt luôn cả tháng hơn mới hết . mà đươ ̣ c cái con này nuôi nó giữ nhà cửa hay , có nó không sợ ma quỷ gì hết","per hồi nhỏ bị con đỉ này dí lòi lol 😂, bị cắn bầm đen muốn thúi thịt luôn cả tháng hơn mới hết . mà đươ ̣ c cái con này nuôi nó giữ nhà cửa hay , có nó không sợ ma quỷ gì hết",fear,fear,1
uit_005165,"thay vì gà chuyển sang ăn lợn , tao cungc thế nên món khoái khẩu là gà chuyển sang sườn mày ạ","thay vì gà chuyển sang ăn lợn , tao cungc thế nên món khoái khẩu là gà chuyển sang sườn mày ạ",other,neutral,4
uit_004404,thẳng thắn cho đỡ mất thời gian của nhau,thẳng thắn cho đỡ mất thời gian của nhau,other,neutral,4
uit_003415,per thử cảm giác mạnh,per thử cảm giác mạnh,other,neutral,4
uit_000942,chia buồn cùng nước pháp,chia buồn cùng nước pháp,sadness,sadness,3
uit_002084,có người yêu thì vẫn ăn bánh trung thu nhé . bánh trung thu là thứ tồn tại duy nhất . có em hay không không quan trọng,có người yêu thì vẫn ăn bánh trung thu nhé . bánh trung thu là thứ tồn tại duy nhất . có em hay không không quan trọng,other,neutral,4
uit_004314,"nhin gia dinh họ that de thuong , hạnh phúc","nhin gia dinh họ that de thuong , hạnh phúc",enjoyment,happiness,2
uit_003784,trắc đấy là nyc của nó 🤣,trắc đấy là nyc của nó 🤣,enjoyment,happiness,2
uit_002912,chưa được đi pháp mà huhu,chưa được đi pháp mà huhu,sadness,sadness,3
uit_000073,địt mẹ không có cái loại nào nó ác man và tàn độc hơn là cái loại người . xem mà điên đéo chịu được,địt mẹ không có cái loại nào nó ác man và tàn độc hơn là cái loại người . xem mà điên đéo chịu được,anger,anger,0
uit_004847,đã bị đuổi 1 lần . đéo lgi cũng bị dí,đã bị đuổi 1 lần . đéo lgi cũng bị dí,anger,anger,0
uit_001186,per kkkk,per kkkk,enjoyment,happiness,2
uit_003310,mình trả phòng là chăn ga gấp gọn gàng . đồ đạc hẳn hoi trả người ta . dù sao mình cũng như người ta bẩn dọn mãi không sạch ai chẳng điên,mình trả phòng là chăn ga gấp gọn gàng . đồ đạc hẳn hoi trả người ta . dù sao mình cũng như người ta bẩn dọn mãi không sạch ai chẳng điên,enjoyment,happiness,2
uit_003454,tôi đã đúng khi đọc bình luận thay vì đọc bài :),tôi đã đúng khi đọc bình luận thay vì đọc bài :),enjoyment,happiness,2
uit_005180,tao thấy tai nạn giao thông là tao nói với mẹ .. con chạy ra đó để tối lên ti vi ... mẹ tao chửi sấp mặt luôn,tao thấy tai nạn giao thông là tao nói với mẹ .. con chạy ra đó để tối lên ti vi ... mẹ tao chửi sấp mặt luôn,sadness,sadness,3
uit_003448,bắt trước chuyện tềnh trong thang máy cơ mà cái này kết có hậu :),bắt trước chuyện tềnh trong thang máy cơ mà cái này kết có hậu :),other,neutral,4
uit_004030,bao giờ lại chiếu ạ,bao giờ lại chiếu ạ,other,neutral,4
uit_003048,đúng các anh 2 nghĩ ra nhiều kiểu quá,đúng các anh 2 nghĩ ra nhiều kiểu quá,enjoyment,happiness,2
uit_001556,ở daklak nữa không xử phạt thì còn mất nhiều,ở daklak nữa không xử phạt thì còn mất nhiều,other,neutral,4
uit_000222,giống tao hồi bé ... 😅,giống tao hồi bé ... 😅,enjoyment,happiness,2
uit_002635,tao chơi với con trai nhiều nên tao mất lòng tin vào con trai rồi,tao chơi với con trai nhiều nên tao mất lòng tin vào con trai rồi,other,neutral,4
uit_003983,per trung thu chia tay gấu à ? bất hạnh nhỉ,per trung thu chia tay gấu à ? bất hạnh nhỉ,sadness,sadness,3
uit_003106,"ngay bây giờ , chỉ cần anh thật lòng với tôi là được :)","ngay bây giờ , chỉ cần anh thật lòng với tôi là được :)",other,neutral,4
uit_002662,đúng là nói thì dễ hành động không bao giờ làm được ))),đúng là nói thì dễ hành động không bao giờ làm được ))),sadness,sadness,3
uit_000110,bản chất tham lam của con người thể hiện ngay từ những việc nhỏ ..,bản chất tham lam của con người thể hiện ngay từ những việc nhỏ ..,other,neutral,4
uit_001626,đơn giản mà mấy ai làm được .... ngưỡng mộ,đơn giản mà mấy ai làm được .... ngưỡng mộ,enjoyment,happiness,2
uit_004932,"ai cũng chỉ muốn cho con tất cả nhưng vì được không có mà thôi , có con thì mới biết lòng cha mẹ","ai cũng chỉ muốn cho con tất cả nhưng vì được không có mà thôi , có con thì mới biết lòng cha mẹ",sadness,sadness,3
uit_003412,một sinh vật xinh đẹp và hiền lành . tiếc cho nó quá,một sinh vật xinh đẹp và hiền lành . tiếc cho nó quá,sadness,sadness,3
uit_003551,"miễn sao có tiền ăn bánh trung thu , mua lồng đèn , đi du lịch =))))","miễn sao có tiền ăn bánh trung thu , mua lồng đèn , đi du lịch =))))",enjoyment,happiness,2
uit_002868,chỉ cần chọn đúng người đúng thời điểm thôi,chỉ cần chọn đúng người đúng thời điểm thôi,other,neutral,4
uit_003785,đừng hỏi tại sao giới tính cứ bị bẻ cong,đừng hỏi tại sao giới tính cứ bị bẻ cong,other,neutral,4
uit_000647,đúng rồi . trái tim thảo mai này dễ rung động lắm nên các anh hay cả các chị và các bạn đừng thả thính em . em đập cho 😭,đúng rồi . trái tim thảo mai này dễ rung động lắm nên các anh hay cả các chị và các bạn đừng thả thính em . em đập cho 😭,anger,anger,0
uit_005168,họ không cho ta là vì họ không có gì hihiiii,họ không cho ta là vì họ không có gì hihiiii,enjoyment,happiness,2
uit_003271,ko những công khai . mà phải cho thi lại . để biết đúng thực lực,ko những công khai . mà phải cho thi lại . để biết đúng thực lực,other,neutral,4
uit_001978,"sợ nhất mấy đứa ảo tưởng sức mạnh , nhắn tin nhiều chút là auto mình thích nó","sợ nhất mấy đứa ảo tưởng sức mạnh , nhắn tin nhiều chút là auto mình thích nó",fear,fear,1
uit_003296,"thôi xong nhá , mấy đứa mà xác định làm răng cả đời thì ... tập xác định","thôi xong nhá , mấy đứa mà xác định làm răng cả đời thì ... tập xác định",other,neutral,4
uit_001928,đó cũng là giải pháp hay để lừa một thèn ngu :))),đó cũng là giải pháp hay để lừa một thèn ngu :))),enjoyment,happiness,2
uit_003791,"thực ra bị bóc trên mạng thì thường là bẩn thỉu , không phân quê quán","thực ra bị bóc trên mạng thì thường là bẩn thỉu , không phân quê quán",other,neutral,4
uit_004664,đi lỗi phụ ấy . chắc bọn tao gần đấy mới biết nhiều lối phụ không tắc,đi lỗi phụ ấy . chắc bọn tao gần đấy mới biết nhiều lối phụ không tắc,other,neutral,4
uit_004690,con bé bị tát trong hình là em gái mình thì không biết mình sẽ làm gì bọn này nữa 🙂,con bé bị tát trong hình là em gái mình thì không biết mình sẽ làm gì bọn này nữa 🙂,anger,anger,0
uit_000199,gọi phường cẩu đi thôi,gọi phường cẩu đi thôi,anger,anger,0
uit_002596,mình hiền mà lúc cáu là chỉ im lặng không nói gì thì là sao ta 🤔,mình hiền mà lúc cáu là chỉ im lặng không nói gì thì là sao ta 🤔,other,neutral,4
uit_002025,mẹ nó chứ xem xong mình khóc hết cả nước mắt,mẹ nó chứ xem xong mình khóc hết cả nước mắt,sadness,sadness,3
uit_004406,đó căn bản chỉ là phép lịch sự tối thiếu thôi,đó căn bản chỉ là phép lịch sự tối thiếu thôi,other,neutral,4
uit_004032,cho nó ăn rau má đi,cho nó ăn rau má đi,other,neutral,4
uit_003690,nhỏ không dạy để lớn lên làm đĩ à ? phụ huynh kiểu gì thế ?,nhỏ không dạy để lớn lên làm đĩ à ? phụ huynh kiểu gì thế ?,anger,anger,0
uit_003346,đó là động lực chứ không phải để đem ra so sánh ..,đó là động lực chứ không phải để đem ra so sánh ..,other,neutral,4
uit_000566,per hồi đó mua điểm đại học nè 😂😂😂,per hồi đó mua điểm đại học nè 😂😂😂,enjoyment,happiness,2
uit_000257,đọc chả hiểu gì :( mất gốc rồi :(,đọc chả hiểu gì :( mất gốc rồi :(,sadness,sadness,3
uit_003575,âu kề ... anh per đã béo từ khi lấy vợ và giống như tất cả các chàng troai khác :))),âu kề ... anh per đã béo từ khi lấy vợ và giống như tất cả các chàng troai khác :))),other,neutral,4
uit_003146,chụp không biết bao nhiêu lần rồi,chụp không biết bao nhiêu lần rồi,other,neutral,4
uit_000179,"mỗi lần như thế tao chửi , mà bọn nó xem đó là trò đùa mày ạ , càng chửi càng cười","mỗi lần như thế tao chửi , mà bọn nó xem đó là trò đùa mày ạ , càng chửi càng cười",anger,anger,0
uit_003819,"người đàn ông ốm đau nói với vợ mình :” ở lại với anh ” rồi cầm tay bà . đó là tình yêu , vỏn vẹn 20 năm ngắn ngủi . tình yêu bố dành cho mẹ","người đàn ông ốm đau nói với vợ mình :” ở lại với anh ” rồi cầm tay bà . đó là tình yêu , vỏn vẹn 20 năm ngắn ngủi . tình yêu bố dành cho mẹ",enjoyment,happiness,2
uit_004539,:((( tôi vẫn chưa sẵn sàng để đi học mà,:((( tôi vẫn chưa sẵn sàng để đi học mà,sadness,sadness,3
uit_003589,sao chưa thấy ai tới cứu nhỉ . lỡ xảy ra gì mất điện toàn tỉnh sao .,sao chưa thấy ai tới cứu nhỉ . lỡ xảy ra gì mất điện toàn tỉnh sao .,other,neutral,4
uit_000878,hu hu đã bị chụp,hu hu đã bị chụp,sadness,sadness,3
uit_004319,"per đấy , có người đưa ra quyết định đúng lúc thì các em đỡ khổ còn gì","per đấy , có người đưa ra quyết định đúng lúc thì các em đỡ khổ còn gì",other,neutral,4
uit_002219,cư ́ như kiê ̉ u =))) ngươ ̀ i yêu,cư ́ như kiê ̉ u =))) ngươ ̀ i yêu,enjoyment,happiness,2
uit_001876,dume nghe kể mà đau cổ họng vãi :),dume nghe kể mà đau cổ họng vãi :),fear,fear,1
uit_003347,"hòi nhỏ nhà ngoại bị rượt muốn chết , sợ tới giờ 😭😭","hòi nhỏ nhà ngoại bị rượt muốn chết , sợ tới giờ 😭😭",fear,fear,1
uit_002302,per trung thu đéo liên quan đến việc có gấu cho lắm bạn nhể .... nhưng mà lễ gì cũng thế thì đúng là bất hạnh mà huhu,per trung thu đéo liên quan đến việc có gấu cho lắm bạn nhể .... nhưng mà lễ gì cũng thế thì đúng là bất hạnh mà huhu,sadness,sadness,3
uit_000570,người ta thôi chứ vợ mình là số 1 . mình chưa bao giờ chê . 😍😍😍,người ta thôi chứ vợ mình là số 1 . mình chưa bao giờ chê . 😍😍😍,enjoyment,happiness,2
uit_004633,làm như là người tối cổ mà không biết . này là bếp từ phiên bản đầu tiên chứ gì,làm như là người tối cổ mà không biết . này là bếp từ phiên bản đầu tiên chứ gì,other,neutral,4
uit_003790,bắn cái lũ khốn nặn kia ra . mấy ông bà lại ăn cho lắm tiền vào . để cả 1 thế hệ trẻ em bệnh tật . làm cho ra lẽ đi . bọn này bắn cmm nó đi . quá là ác,bắn cái lũ khốn nặn kia ra . mấy ông bà lại ăn cho lắm tiền vào . để cả 1 thế hệ trẻ em bệnh tật . làm cho ra lẽ đi . bọn này bắn cmm nó đi . quá là ác,anger,anger,0
uit_001892,đcm ác mộng,đcm ác mộng,fear,fear,1
uit_002037,thỉnh thoảng lại xem lại phim này quá hay và ý nghĩa,thỉnh thoảng lại xem lại phim này quá hay và ý nghĩa,enjoyment,happiness,2
uit_002163,nói gì thì tụi bây cũng không tin đâu ..😌😌,nói gì thì tụi bây cũng không tin đâu ..😌😌,sadness,sadness,3
uit_004385,chuẩn luôn :)),chuẩn luôn :)),enjoyment,happiness,2
uit_002419,nhìn lại nhớ một thời oanh liệt nay còn đâu 😴 đề bao năm vẫn như vậy . vẫn thích nhất là câu 4 hình học 😊,nhìn lại nhớ một thời oanh liệt nay còn đâu 😴 đề bao năm vẫn như vậy . vẫn thích nhất là câu 4 hình học 😊,enjoyment,happiness,2
uit_004475,chuyện thì buồn nhưng nhìn cách kể của bé này thì nhịn cười không được 😂😂😂,chuyện thì buồn nhưng nhìn cách kể của bé này thì nhịn cười không được 😂😂😂,enjoyment,happiness,2
uit_003556,bạn này sau này sẽ khó bước qua cái bóng của vai diễn này 🙂,bạn này sau này sẽ khó bước qua cái bóng của vai diễn này 🙂,other,neutral,4
uit_000739,mày xuống thì xuống mẹ mày đi . ngứa cả mắt 😩😩😩😩😩,mày xuống thì xuống mẹ mày đi . ngứa cả mắt 😩😩😩😩😩,anger,anger,0
uit_000107,t thấy chả có gì thú vị .,t thấy chả có gì thú vị .,other,neutral,4
uit_000636,- mấy bạn đừng có đổ mình nữa nha 😞😞. mình ngại lắm 😞🤣,- mấy bạn đừng có đổ mình nữa nha 😞😞. mình ngại lắm 😞🤣,enjoyment,happiness,2
uit_001286,em buông tay anh nhé .... quá khứ ấy anh hãy xoá hết đi .......,em buông tay anh nhé .... quá khứ ấy anh hãy xoá hết đi .......,sadness,sadness,3
uit_000616,chắc nó se lạnh thì đừng hỏi tại sao thằng kia lấp nhíp sưởi ấm cũng không thấy .,chắc nó se lạnh thì đừng hỏi tại sao thằng kia lấp nhíp sưởi ấm cũng không thấy .,other,neutral,4
uit_001673,per đồng nghiệp tốt giúp ta dễ vào nhà thương điên kkkk,per đồng nghiệp tốt giúp ta dễ vào nhà thương điên kkkk,enjoyment,happiness,2
uit_000959,cái mặt xinh quá,cái mặt xinh quá,enjoyment,happiness,2
uit_000432,con bé xinh thế ??,con bé xinh thế ??,enjoyment,happiness,2
uit_003070,nên công bố để răn đe,nên công bố để răn đe,other,neutral,4
uit_004522,"đó là lý do tại sao tao chẳng bao giờ đi hùa mấy bài bóc phốt , xem cho vui rồi lướt thôi :))","đó là lý do tại sao tao chẳng bao giờ đi hùa mấy bài bóc phốt , xem cho vui rồi lướt thôi :))",enjoyment,happiness,2
uit_000251,"chuẩn rồi . nhiều khi mệt muốn xỉu , xong đồng nghiệp đùa nhau đôi ba câu hay kể cho nhau vài câu chuyện thế là lại vui trở lại 😂😂😂 đồng nghiệp quan trọng thật sự","chuẩn rồi . nhiều khi mệt muốn xỉu , xong đồng nghiệp đùa nhau đôi ba câu hay kể cho nhau vài câu chuyện thế là lại vui trở lại 😂😂😂 đồng nghiệp quan trọng thật sự",enjoyment,happiness,2
uit_004020,hồi nhỏ tao đi bệnh viện chỉnh hình về kể mọi người là có ông kia ho gãy xương sườn đéo ai tin cả ??,hồi nhỏ tao đi bệnh viện chỉnh hình về kể mọi người là có ông kia ho gãy xương sườn đéo ai tin cả ??,other,neutral,4
uit_000392,dàn lông chân =))))),dàn lông chân =))))),other,neutral,4
uit_004679,haha giờ thấy thằng nào là cho ăn cây baton,haha giờ thấy thằng nào là cho ăn cây baton,enjoyment,happiness,2
uit_000451,cho bạn trai uống nước này nhé 😌,cho bạn trai uống nước này nhé 😌,other,neutral,4
uit_004752,tao đã rất muốn làm bạn tốt anh em tri kỉ với tụi hắn nhưng không ai muốn làm bạn với tao - _ -,tao đã rất muốn làm bạn tốt anh em tri kỉ với tụi hắn nhưng không ai muốn làm bạn với tao - _ -,sadness,sadness,3
uit_001251,đúng là tấm gương xáng để con cháu noi theo =)))))),đúng là tấm gương xáng để con cháu noi theo =)))))),enjoyment,happiness,2
uit_000185,đó là một câu chuyện buồn 😀,đó là một câu chuyện buồn 😀,sadness,sadness,3
uit_003205,tuổi trẻ tài cao vãi,tuổi trẻ tài cao vãi,enjoyment,happiness,2
uit_004960,ê tao đi nhật chưa được 1 năm mà xem video này làm tao loạn ngôn ngữ ghê . thỉnh thoảng phải dừng video ngẫm câu nó nói nghĩa gì,ê tao đi nhật chưa được 1 năm mà xem video này làm tao loạn ngôn ngữ ghê . thỉnh thoảng phải dừng video ngẫm câu nó nói nghĩa gì,fear,fear,1
uit_004180,per =)))) đáng sợ vãi,per =)))) đáng sợ vãi,fear,fear,1
uit_003555,tê tê phê phê sung sướng vãi 😌,tê tê phê phê sung sướng vãi 😌,enjoyment,happiness,2
uit_004810,"lúc trước chạy xe đạp đi ngang qua đàn vịt có mấy con ngỗng lẫn trong đó . thế là dume tụi nó rượt tao vừa chạy vừa la cái thứ âm thanh nghe "" ứ ứ "" "" hiếp em đi "" làm tao sợ tụt lol :))","lúc trước chạy xe đạp đi ngang qua đàn vịt có mấy con ngỗng lẫn trong đó . thế là dume tụi nó rượt tao vừa chạy vừa la cái thứ âm thanh nghe "" ứ ứ "" "" hiếp em đi "" làm tao sợ tụt lol :))",fear,fear,1
uit_001747,không biết thật mà hix .,không biết thật mà hix .,sadness,sadness,3
uit_005120,đây là đâu ? cái này là như nào thế ??,đây là đâu ? cái này là như nào thế ??,other,neutral,4
uit_004473,con rắn thật nó lại tưởng đồng loại nó chui mọi người vào ở luôn,con rắn thật nó lại tưởng đồng loại nó chui mọi người vào ở luôn,other,neutral,4
uit_005268,nó cứ sai sai thế nào ấy,nó cứ sai sai thế nào ấy,other,neutral,4
uit_001836,chính xác là con gái xinh auto đáng yêu =)))),chính xác là con gái xinh auto đáng yêu =)))),enjoyment,happiness,2
uit_003340,thực tế thì con gái sẽ gục ngã trước một người đàn ô hài hước hơn là điển trai,thực tế thì con gái sẽ gục ngã trước một người đàn ô hài hước hơn là điển trai,other,neutral,4
uit_003751,xài vietcombank sinh nhật cũng không được chúc luôn :((,xài vietcombank sinh nhật cũng không được chúc luôn :((,sadness,sadness,3
uit_002932,bên aeon hay thật đấy =))))),bên aeon hay thật đấy =))))),enjoyment,happiness,2
uit_002904,"khi bạn làm con b sẽ khóc , nhưng khi bạn đã làm cha mẹ bạn sẽ thấy đau lòng .","khi bạn làm con b sẽ khóc , nhưng khi bạn đã làm cha mẹ bạn sẽ thấy đau lòng .",sadness,sadness,3
uit_001465,"haha con hãm bán nước hoa fake mà kêu real , bị tao vạch mặt rồi block tao","haha con hãm bán nước hoa fake mà kêu real , bị tao vạch mặt rồi block tao",other,neutral,4
uit_004008,nghe ức chế vãi lồn nhỉ . dume mẹ bọn con trai,nghe ức chế vãi lồn nhỉ . dume mẹ bọn con trai,anger,anger,0
uit_001697,"nhiều nước quá , lấy bát về múc nước ra thêm tí đường vào là có 1 bát nước gạo ngon lành","nhiều nước quá , lấy bát về múc nước ra thêm tí đường vào là có 1 bát nước gạo ngon lành",enjoyment,happiness,2
uit_003500,"chờ mãi mà không thấy , cứ thấy trống vắng vãi :((","chờ mãi mà không thấy , cứ thấy trống vắng vãi :((",sadness,sadness,3
uit_003235,còn người yêu tao : một hơi có một anh đẹp trai bay lơ lửng rồi ôm lấy em khi em tắm :(((,còn người yêu tao : một hơi có một anh đẹp trai bay lơ lửng rồi ôm lấy em khi em tắm :(((,enjoyment,happiness,2
uit_000559,per cái mặt nhỏ đó gióng em :)) khi nghe tiếng súng,per cái mặt nhỏ đó gióng em :)) khi nghe tiếng súng,other,neutral,4
uit_001334,chất quá .. haha,chất quá .. haha,enjoyment,happiness,2
uit_000743,gặp bố bố tung phát chụp cây dù bố xiên cho cái đừng hỏi sau tức nước thủng mắt,gặp bố bố tung phát chụp cây dù bố xiên cho cái đừng hỏi sau tức nước thủng mắt,anger,anger,0
uit_004560,gặp em tao mà bị đánh như thế thì mấy đứa đánh có mà chuyển trường trốn luôn hoặc quỳ lạy van xin tha :),gặp em tao mà bị đánh như thế thì mấy đứa đánh có mà chuyển trường trốn luôn hoặc quỳ lạy van xin tha :),anger,anger,0
uit_002560,thử im lặng xem như nào,thử im lặng xem như nào,other,neutral,4
uit_002724,anh con mẹ mày :))),anh con mẹ mày :))),anger,anger,0
uit_003680,per :)))) buồn cười vãi,per :)))) buồn cười vãi,enjoyment,happiness,2
uit_002545,thông minh :v,thông minh :v,enjoyment,happiness,2
uit_002806,nhớ cái váy với bộ tóc chấm bi đen trắng của anh huy ghê,nhớ cái váy với bộ tóc chấm bi đen trắng của anh huy ghê,other,neutral,4
uit_002083,con xe thần thánh . chạy hơn 50 năm chưa nát =))),con xe thần thánh . chạy hơn 50 năm chưa nát =))),enjoyment,happiness,2
uit_003512,mạnh vỗ tay 👏,mạnh vỗ tay 👏,enjoyment,happiness,2
uit_004940,tối mà tắt đèn gặp mặt nó với cặp mắt nó là tao còn sợ hơn thấy ma,tối mà tắt đèn gặp mặt nó với cặp mắt nó là tao còn sợ hơn thấy ma,fear,fear,1
uit_001265,tao thấy con mèo xinh hơn,tao thấy con mèo xinh hơn,enjoyment,happiness,2
uit_000623,bài viết hay quá !,bài viết hay quá !,enjoyment,happiness,2
uit_004828,gần thôi :))) giờ nhìn lại đề thi và không hiểu sao mình ra trường được :))),gần thôi :))) giờ nhìn lại đề thi và không hiểu sao mình ra trường được :))),enjoyment,happiness,2
uit_004131,per quán bán mì quảng cũng có mùi đó mày :)))),per quán bán mì quảng cũng có mùi đó mày :)))),other,neutral,4
uit_002842,sợ thì vkl,sợ thì vkl,fear,fear,1
uit_002760,người trái đất thật đáng sợ mà - _ -,người trái đất thật đáng sợ mà - _ -,fear,fear,1
uit_005111,cười đau bụng :))),cười đau bụng :))),enjoyment,happiness,2
uit_000805,tán mãi mới đổ muốn chia tay cũng phải từ từ,tán mãi mới đổ muốn chia tay cũng phải từ từ,other,neutral,4
uit_002636,tốt nhất là phải sử phạt thật nặng thì các trường hợp như vậy mới không tiếp tục xảy ra,tốt nhất là phải sử phạt thật nặng thì các trường hợp như vậy mới không tiếp tục xảy ra,other,neutral,4
uit_001529,per bài tủ 1 thời =)),per bài tủ 1 thời =)),enjoyment,happiness,2
uit_000629,haizzzz đó là 1 câu chuyện khá bùn,haizzzz đó là 1 câu chuyện khá bùn,sadness,sadness,3
uit_002379,có ai thấy tội ông cụ như tao không 😭,có ai thấy tội ông cụ như tao không 😭,sadness,sadness,3
uit_000858,sài gòn vẫn có cách sống rất nhân văn .,sài gòn vẫn có cách sống rất nhân văn .,enjoyment,happiness,2
uit_003110,nói không phải khoe chứ em đi xe bò đi học,nói không phải khoe chứ em đi xe bò đi học,enjoyment,happiness,2
uit_001376,"công nhận lãng mạn thật , nhưng tao đang tưởng tượng cái cảnh động phòng , eo ơi ......","công nhận lãng mạn thật , nhưng tao đang tưởng tượng cái cảnh động phòng , eo ơi ......",fear,fear,1
uit_004838,chia se cho ai thích thể hiện nè,chia se cho ai thích thể hiện nè,other,neutral,4
uit_003662,em nghĩ chị em mình cần tìm hiểu quen biết nhau ạ ^^,em nghĩ chị em mình cần tìm hiểu quen biết nhau ạ ^^,other,neutral,4
uit_003383,"ám ảnh vãi :)) hồi bé tao với chị tao trên đường đi học về thấy có mấy con ngỗng , thấy hay ra nhìn thử dume xong nó dí tao với chị tao về gần nhà :)))","ám ảnh vãi :)) hồi bé tao với chị tao trên đường đi học về thấy có mấy con ngỗng , thấy hay ra nhìn thử dume xong nó dí tao với chị tao về gần nhà :)))",fear,fear,1
uit_001583,dự là sắp có án mạng xảy ra 😂,dự là sắp có án mạng xảy ra 😂,other,neutral,4
uit_005200,nhìn giống hai anh đang tỉnh tò với nhau ghê ( mình là hủ đừng ném đá nha 😅😅😅),nhìn giống hai anh đang tỉnh tò với nhau ghê ( mình là hủ đừng ném đá nha 😅😅😅),enjoyment,happiness,2
uit_003950,xem xong rồi mà có cảm thấy gì đâu ??,xem xong rồi mà có cảm thấy gì đâu ??,other,neutral,4
uit_000678,"per lại nữa , tao dg suy nghĩ có nên đi bằng rap về không","per lại nữa , tao dg suy nghĩ có nên đi bằng rap về không",sadness,sadness,3
uit_000723,buồn cười 😂😂,buồn cười 😂😂,enjoyment,happiness,2
uit_004158,tình yêu thật nghiêm túc . thì nên bắt đầu . không phí thanh xuân một người con gái lắm !!,tình yêu thật nghiêm túc . thì nên bắt đầu . không phí thanh xuân một người con gái lắm !!,other,neutral,4
uit_004455,"chị ấy cười với tao kìa chúng mày , hạnh phúc ghê 😊","chị ấy cười với tao kìa chúng mày , hạnh phúc ghê 😊",enjoyment,happiness,2
uit_004400,láo vãi,láo vãi,anger,anger,0
uit_002949,cười thấy đáng yêu ^^,cười thấy đáng yêu ^^,enjoyment,happiness,2
uit_004078,ra đường không cầm theo đá phong thủy rồi,ra đường không cầm theo đá phong thủy rồi,other,neutral,4
uit_000385,còn quá nhiều mảnh đời bất hạnh ☹️,còn quá nhiều mảnh đời bất hạnh ☹️,sadness,sadness,3
uit_003796,dễ thương vậy chời,dễ thương vậy chời,enjoyment,happiness,2
uit_004246,per hay xàm xàm mà zui hè,per hay xàm xàm mà zui hè,enjoyment,happiness,2
uit_001801,ngày xưa có 1 cái,ngày xưa có 1 cái,enjoyment,happiness,2
uit_001031,căng thẳg quá mà,căng thẳg quá mà,sadness,sadness,3
uit_002611,vỉa hè rộng thênh thang mà nhỉ,vỉa hè rộng thênh thang mà nhỉ,other,neutral,4
uit_003744,mình nghĩ bà thảo chiếm được công tình yêu là sẽ bán ngay cổ phần cho đại gia bên thái lan nào đó .. mong là chuyện này không bao giờ xảy ra,mình nghĩ bà thảo chiếm được công tình yêu là sẽ bán ngay cổ phần cho đại gia bên thái lan nào đó .. mong là chuyện này không bao giờ xảy ra,other,neutral,4
uit_001550,tau cố gắng chỉ được từng này 😦😦,tau cố gắng chỉ được từng này 😦😦,other,neutral,4
uit_000426,rồi có đi họp lớp không ?,rồi có đi họp lớp không ?,other,neutral,4
uit_000976,buồn hơn khi tôi còn là gái 🙄,buồn hơn khi tôi còn là gái 🙄,sadness,sadness,3
uit_000359,per thích quáaaaa,per thích quáaaaa,enjoyment,happiness,2
uit_002810,cái này chỉ sướng mấy anh đèo mấy em ngực bự đi đường này nẩy tâng tâng,cái này chỉ sướng mấy anh đèo mấy em ngực bự đi đường này nẩy tâng tâng,enjoyment,happiness,2
uit_003627,ấy thế mà đã 6 năm rồi . bây giờ còn không nhớ được những đứa nào đã học cùng mình nữa rồi 😪,ấy thế mà đã 6 năm rồi . bây giờ còn không nhớ được những đứa nào đã học cùng mình nữa rồi 😪,sadness,sadness,3
uit_001760,nhìn phiêu thật chắc nhẹ mất mấy cân một bên tai 😂😂😂,nhìn phiêu thật chắc nhẹ mất mấy cân một bên tai 😂😂😂,other,neutral,4
uit_000038,mày coi chừng có ngày tao dã dô mặt mày như dzầy,mày coi chừng có ngày tao dã dô mặt mày như dzầy,anger,anger,0
uit_000724,cãi tay đôi luôn hahhaa,cãi tay đôi luôn hahhaa,enjoyment,happiness,2
uit_002355,per tạo hóa thật đáng sợ :))))),per tạo hóa thật đáng sợ :))))),fear,fear,1
uit_005100,ừm ngồi đất đỡ mỏi châm,ừm ngồi đất đỡ mỏi châm,other,neutral,4
uit_004582,khi nào đón bé về nhà nhớ chụp đăng lên cho bọn tao coi dung nhan thằng bé nha :vv,khi nào đón bé về nhà nhớ chụp đăng lên cho bọn tao coi dung nhan thằng bé nha :vv,enjoyment,happiness,2
uit_001976,quay vào ô mất lượt :)),quay vào ô mất lượt :)),sadness,sadness,3
uit_001867,per đưa anh nè không cần năn nỉ . chỉ cần em cởi hết đồ ra thôi . đúng không,per đưa anh nè không cần năn nỉ . chỉ cần em cởi hết đồ ra thôi . đúng không,enjoyment,happiness,2
uit_003349,"muốn hun , muốn ngắt , muốn nhéo , muốn tán vào cái mặt nó ghê , yêu vãi ??????","muốn hun , muốn ngắt , muốn nhéo , muốn tán vào cái mặt nó ghê , yêu vãi ??????",enjoyment,happiness,2
uit_002934,cảm giác thanh thản vãi,cảm giác thanh thản vãi,enjoyment,happiness,2
uit_004925,mong bé sớm được mua lại,mong bé sớm được mua lại,sadness,sadness,3
uit_004699,này ai chả muốn haiz,này ai chả muốn haiz,other,neutral,4
uit_003574,giận con mẹ mày nữa chứ giận :),giận con mẹ mày nữa chứ giận :),anger,anger,0
uit_004726,ai sai người ấy chịu . đường là để đi nhà là để bán hàng . việc ai lấy làm đừng bận tâm,ai sai người ấy chịu . đường là để đi nhà là để bán hàng . việc ai lấy làm đừng bận tâm,other,neutral,4
uit_000248,tao đang đi phân khối lớn đây . ai cũng kêu nhìn cá tính vãi 😁,tao đang đi phân khối lớn đây . ai cũng kêu nhìn cá tính vãi 😁,enjoyment,happiness,2
uit_004898,"cô ấy rất tốt , nhưng tôi biết thứ nào tốt đều không dành cho mình","cô ấy rất tốt , nhưng tôi biết thứ nào tốt đều không dành cho mình",sadness,sadness,3
uit_003799,đồng đội chơi tốt quá hahaaa,đồng đội chơi tốt quá hahaaa,enjoyment,happiness,2
uit_002069,nhờ mất bạn nên mình mới biết 😂😂😂😂,nhờ mất bạn nên mình mới biết 😂😂😂😂,enjoyment,happiness,2
uit_004337,địt cụ hỏi nhiều vãi,địt cụ hỏi nhiều vãi,anger,anger,0
uit_005012,hời ơi ... cưng xĩu,hời ơi ... cưng xĩu,enjoyment,happiness,2
uit_001796,ấm áp vãi .,ấm áp vãi .,enjoyment,happiness,2
uit_002430,per đúng là hồi tđ vẫn một rổ cười mỗi ngày ha =)))),per đúng là hồi tđ vẫn một rổ cười mỗi ngày ha =)))),enjoyment,happiness,2
uit_004997,có biết giận là gì đâu 😌🙂,có biết giận là gì đâu 😌🙂,other,neutral,4
uit_001843,đang thất tình mà dume cứ bắt đi bán xoài @@,đang thất tình mà dume cứ bắt đi bán xoài @@,sadness,sadness,3
uit_004648,quả nhiên chồng con nhà người ta đéo bao giờ làm tao thất vọng 😄,quả nhiên chồng con nhà người ta đéo bao giờ làm tao thất vọng 😄,enjoyment,happiness,2
uit_003096,cuộc sống mà,cuộc sống mà,other,neutral,4
uit_004566,cái bài hát dẫn đến mối tình đầu tiên,cái bài hát dẫn đến mối tình đầu tiên,other,neutral,4
uit_003688,dù đúng hay sai cũng đừng bao giờ cãi nhau với con gáo đến cuối cùng mày vẫn sai .,dù đúng hay sai cũng đừng bao giờ cãi nhau với con gáo đến cuối cùng mày vẫn sai .,other,neutral,4
uit_005235,nhìn đoạn ổng tránh nó cắn mà nhảy tưng tưng rất chi là điệu nghệ và mang trong đó cả sự tấu hài nữa 🤣🤣,nhìn đoạn ổng tránh nó cắn mà nhảy tưng tưng rất chi là điệu nghệ và mang trong đó cả sự tấu hài nữa 🤣🤣,enjoyment,happiness,2
uit_003420,nó mà nhập viện thì xong đời tao . n 😂😂,nó mà nhập viện thì xong đời tao . n 😂😂,enjoyment,happiness,2
uit_005002,muốn bảo vệ và chăm sóc người đấy,muốn bảo vệ và chăm sóc người đấy,enjoyment,happiness,2
uit_004399,bằng tuổi em các bạn đang ôn thi mà em phân vân không biết chọn trường nào :((,bằng tuổi em các bạn đang ôn thi mà em phân vân không biết chọn trường nào :((,sadness,sadness,3
uit_005049,"thôi xong 1 chiếc ôto . chắc tối nay ăn không ngon , nhậu không yên rồi .","thôi xong 1 chiếc ôto . chắc tối nay ăn không ngon , nhậu không yên rồi .",sadness,sadness,3
uit_000909,per bữa nào làm thử mày,per bữa nào làm thử mày,other,neutral,4
uit_001079,bóp dái thật mạnh xem còn dám sàm sỡ không,bóp dái thật mạnh xem còn dám sàm sỡ không,anger,anger,0
uit_001771,kiếp trước sống lỗi quá nên kiếp này nghiệp quật :((,kiếp trước sống lỗi quá nên kiếp này nghiệp quật :((,sadness,sadness,3
uit_003352,tao mà nhậu xong đi cái đường này xác định,tao mà nhậu xong đi cái đường này xác định,other,neutral,4
uit_003910,"bọn 6 múi yêu nhau hết rồi , tao bụng mỡ đây , tao vẫn thích con gái đây !!!!!","bọn 6 múi yêu nhau hết rồi , tao bụng mỡ đây , tao vẫn thích con gái đây !!!!!",enjoyment,happiness,2
uit_003829,k tiền cạp đất mà ăn ah @@,k tiền cạp đất mà ăn ah @@,other,neutral,4
uit_005163,tao thề tao rất sợ ma quỷ nên tao rất không dám xem phim,tao thề tao rất sợ ma quỷ nên tao rất không dám xem phim,fear,fear,1
uit_004844,"chỉ cần cho em nó 1 điểm tựa , em nó sẽ không ngán cả thế giới :))","chỉ cần cho em nó 1 điểm tựa , em nó sẽ không ngán cả thế giới :))",enjoyment,happiness,2
uit_000169,"đm cho tù mọt gông đi , cái thứ không não","đm cho tù mọt gông đi , cái thứ không não",anger,anger,0
uit_001158,per may cho bạn 😄😄😄,per may cho bạn 😄😄😄,enjoyment,happiness,2
uit_002333,lò vi sóng đó hjhj,lò vi sóng đó hjhj,enjoyment,happiness,2
uit_000088,1 cái xe cup này ngày xưa bằng mấy cái nhà liền,1 cái xe cup này ngày xưa bằng mấy cái nhà liền,other,neutral,4
uit_000767,tao thầy mày cười hí hửng vại mà ?,tao thầy mày cười hí hửng vại mà ?,enjoyment,happiness,2
uit_002734,đáng yêu phết nhể,đáng yêu phết nhể,enjoyment,happiness,2
uit_003928,vậy thì các bác chưa biết rồi,vậy thì các bác chưa biết rồi,other,neutral,4
uit_001375,có gặp cũng đéo dám ngẩng đầu lên nhìn,có gặp cũng đéo dám ngẩng đầu lên nhìn,sadness,sadness,3
uit_000812,và cuối cùng là được đối xử như một thằng con trai luôn ..,và cuối cùng là được đối xử như một thằng con trai luôn ..,sadness,sadness,3
uit_002962,loại cửa đó :))) cái khung sắt cứng không tả nổi . đen lắm bung cả cửa ra thôi .,loại cửa đó :))) cái khung sắt cứng không tả nổi . đen lắm bung cả cửa ra thôi .,other,neutral,4
uit_003535,tận cùng của tan vỡ,tận cùng của tan vỡ,sadness,sadness,3
uit_002320,"đéo biết ong rừng thật không nhưng đổ mà bắt em dọn thế à , xách mông xuống dọn đi .","đéo biết ong rừng thật không nhưng đổ mà bắt em dọn thế à , xách mông xuống dọn đi .",anger,anger,0
uit_002926,đồng nghiệp nhắng nhít nhất hệ mặt trời =))),đồng nghiệp nhắng nhít nhất hệ mặt trời =))),enjoyment,happiness,2
uit_003793,chỉ những người độc thân thôi,chỉ những người độc thân thôi,sadness,sadness,3
uit_000640,ngày chủ nhiệm cu nhà mình cô nhẹ nhàng nết na lắm mà ! giờ thì sao cô lại hành xử như vậy chứ ! thật buồn !,ngày chủ nhiệm cu nhà mình cô nhẹ nhàng nết na lắm mà ! giờ thì sao cô lại hành xử như vậy chứ ! thật buồn !,sadness,sadness,3
uit_003366,per sợ ghê bây .,per sợ ghê bây .,fear,fear,1
uit_003913,cám ơn đã cho tôi cuộc sống này,cám ơn đã cho tôi cuộc sống này,enjoyment,happiness,2
uit_000336,tao đã từng viết như thế này . bây giờ không muốn ai đọc chỉ có đốt mà lười đốt,tao đã từng viết như thế này . bây giờ không muốn ai đọc chỉ có đốt mà lười đốt,sadness,sadness,3
uit_001647,có đứa nào giống tao vào đọc bình luận để biết cái này là cái gì không .?,có đứa nào giống tao vào đọc bình luận để biết cái này là cái gì không .?,other,neutral,4
uit_000037,"thu trăm tỷ phạt 5tr , lại qua tỉnh khác hành nghề ha ha","thu trăm tỷ phạt 5tr , lại qua tỉnh khác hành nghề ha ha",other,neutral,4
uit_000389,hãy xử tù chung thân bọn người mất nhân tính gây ra nghiệp chướng này,hãy xử tù chung thân bọn người mất nhân tính gây ra nghiệp chướng này,anger,anger,0
uit_004785,nào thức tỉnh đi các bạn ơi 😃,nào thức tỉnh đi các bạn ơi 😃,other,neutral,4
uit_000664,cái quần tà lỏn xanhhhh,cái quần tà lỏn xanhhhh,other,neutral,4
uit_001515,diễn viên có cá tính hay nhât từng xem,diễn viên có cá tính hay nhât từng xem,enjoyment,happiness,2
uit_002718,nhiều lúc em di từ từ chưa kịp đỗ đã có n ra bảo không được đỗ ở đây chán qúa,nhiều lúc em di từ từ chưa kịp đỗ đã có n ra bảo không được đỗ ở đây chán qúa,sadness,sadness,3
uit_000415,kiểu cá tính nét đẹp mang nàn gió mới . chứ không phải nét đẹp công nghiệp đại trà .!,kiểu cá tính nét đẹp mang nàn gió mới . chứ không phải nét đẹp công nghiệp đại trà .!,other,neutral,4
uit_001399,cao su không thu mà đồi cao su đắt vậy,cao su không thu mà đồi cao su đắt vậy,other,neutral,4
uit_002794,"tháng 10 đến rồi , nghe bài này quá chuẩn","tháng 10 đến rồi , nghe bài này quá chuẩn",other,neutral,4
uit_004637,đồ má một lũ óc chó này .. cả nước họ quá bức súc tụi may lũ chúng may phải đưa ra tử hình hết lượt sống trật đất xã hội,đồ má một lũ óc chó này .. cả nước họ quá bức súc tụi may lũ chúng may phải đưa ra tử hình hết lượt sống trật đất xã hội,anger,anger,0
uit_000063,ghét nhất mấy loại bép xép thế thôi . nhanh gọn lẹ 😂😂😂,ghét nhất mấy loại bép xép thế thôi . nhanh gọn lẹ 😂😂😂,enjoyment,happiness,2
uit_004712,bướng tao đập chết cụ mày,bướng tao đập chết cụ mày,anger,anger,0
uit_000514,"hiện tại mình cần tìm người yêu , bạn nữ nào chưa có chồng hay chưa người yêu thì bình luận bên dưới để mình lựa một bạn may mắn nhất nhé :)))","hiện tại mình cần tìm người yêu , bạn nữ nào chưa có chồng hay chưa người yêu thì bình luận bên dưới để mình lựa một bạn may mắn nhất nhé :)))",enjoyment,happiness,2
uit_003824,"má , sờ mông có cái mà táng bố ..??","má , sờ mông có cái mà táng bố ..??",anger,anger,0
uit_001646,"gặp tao , tao ré cái hoảng mất :(( đáng sợ qué","gặp tao , tao ré cái hoảng mất :(( đáng sợ qué",fear,fear,1
uit_003650,ngửi mùi hoa sữa xong chia tay :),ngửi mùi hoa sữa xong chia tay :),other,neutral,4
uit_003893,"per nhà giáo áp lực quá nhỉ , giống làm dâu trăm họ .","per nhà giáo áp lực quá nhỉ , giống làm dâu trăm họ .",fear,fear,1
uit_004359,ủa xây cầu ngắt khúc để troll nhau à,ủa xây cầu ngắt khúc để troll nhau à,anger,anger,0
uit_000919,những người thả phẫn nộ xứng đáng là thiên thần . dăm ba cái yêu đương vớ vẩn . ahuhuhu,những người thả phẫn nộ xứng đáng là thiên thần . dăm ba cái yêu đương vớ vẩn . ahuhuhu,sadness,sadness,3
uit_003042,"cùng cười cùng khóc cùng vượt qua khó khăn , đau khổ nhưng cuối cùng lại là con số 0 :)","cùng cười cùng khóc cùng vượt qua khó khăn , đau khổ nhưng cuối cùng lại là con số 0 :)",sadness,sadness,3
uit_002749,21 năm chưa crush ai thì có gọi là ế thâm niêm không hả các bác,21 năm chưa crush ai thì có gọi là ế thâm niêm không hả các bác,sadness,sadness,3
uit_003641,cực phẩm luôn kìa,cực phẩm luôn kìa,enjoyment,happiness,2
uit_000345,tô ́ tao nhất là chết luôn đi ko chết sau này lại ngáo kéo theo người kha ́ c thì khổ .,tô ́ tao nhất là chết luôn đi ko chết sau này lại ngáo kéo theo người kha ́ c thì khổ .,anger,anger,0
uit_004536,liên quan à . cr mày đéo thương mày đâu . nó có crush mới rồi . 🙂,liên quan à . cr mày đéo thương mày đâu . nó có crush mới rồi . 🙂,sadness,sadness,3
uit_003040,nguy hiểm thật ... suýt nữa tao ảo tưởng con mẹ nó luôn rồi ..,nguy hiểm thật ... suýt nữa tao ảo tưởng con mẹ nó luôn rồi ..,fear,fear,1
uit_002239,em vợ tao đấy :)),em vợ tao đấy :)),enjoyment,happiness,2
uit_004415,phim này mới ra được có tập 1 thôi . hay phết,phim này mới ra được có tập 1 thôi . hay phết,enjoyment,happiness,2
uit_000210,con gái chả thế :)))) con trai đi dume mày có nhận hàng không,con gái chả thế :)))) con trai đi dume mày có nhận hàng không,enjoyment,happiness,2
uit_004631,"thôi em sợ lắm , tha em bác","thôi em sợ lắm , tha em bác",fear,fear,1
uit_004181,"đang học sử buồn ngủ , xem cái này tỉnh rụi liền =))","đang học sử buồn ngủ , xem cái này tỉnh rụi liền =))",enjoyment,happiness,2
uit_003747,áp dụng với đứa yêu mày thôi nha,áp dụng với đứa yêu mày thôi nha,other,neutral,4
uit_001791,mình còn chưa được nắm tay,mình còn chưa được nắm tay,sadness,sadness,3
uit_000729,thế giới này thật đáng sợ :3 trả đĩa bay cho tôi về đi :3,thế giới này thật đáng sợ :3 trả đĩa bay cho tôi về đi :3,fear,fear,1
uit_004602,chưa kịp đặt chân đến chiêm ngưỡng nó ...,chưa kịp đặt chân đến chiêm ngưỡng nó ...,sadness,sadness,3
uit_003970,ơ ̉ viê ̣ tao nam sao được như vâ ̣ y,ơ ̉ viê ̣ tao nam sao được như vâ ̣ y,other,neutral,4
uit_004452,"ôi trời ơi , buồn cười quá đi mất 😂😂😂😂😂😂","ôi trời ơi , buồn cười quá đi mất 😂😂😂😂😂😂",enjoyment,happiness,2
uit_003037,công tình yêu làm ăn kiểu lồn gì vậy .,công tình yêu làm ăn kiểu lồn gì vậy .,anger,anger,0
uit_000343,mới ra mà nắm bắt nhanh thế,mới ra mà nắm bắt nhanh thế,other,neutral,4
uit_004431,câu chuyện mọc sừng được bắt nguồn từ đó 😀,câu chuyện mọc sừng được bắt nguồn từ đó 😀,enjoyment,happiness,2
uit_000431,"nhà em trong ngõ bác ơi , bác cho ô tô vào vừa thì em cho bác đỗ luôn","nhà em trong ngõ bác ơi , bác cho ô tô vào vừa thì em cho bác đỗ luôn",other,neutral,4
uit_001865,hồi đó cấp 2 mà bán đồ lời mấy chục là mừng quýnh lên rồi =))),hồi đó cấp 2 mà bán đồ lời mấy chục là mừng quýnh lên rồi =))),enjoyment,happiness,2
uit_003610,thất vọng và áp lực tích tụ hằng ngày với tao,thất vọng và áp lực tích tụ hằng ngày với tao,sadness,sadness,3
uit_003376,khuôn mặt đáng thương,khuôn mặt đáng thương,sadness,sadness,3
uit_003003,tuổi trẻ tài cao :)),tuổi trẻ tài cao :)),enjoyment,happiness,2
uit_003054,mình toàn làm ba mẹ buồn,mình toàn làm ba mẹ buồn,sadness,sadness,3
uit_000926,thế theo mấy bác lớp 5 thì viết chữ như thế nào ạ,thế theo mấy bác lớp 5 thì viết chữ như thế nào ạ,other,neutral,4
uit_005175,per đợi rụng răng rồi anh tặng quà cho em luôn háy . hhha,per đợi rụng răng rồi anh tặng quà cho em luôn háy . hhha,enjoyment,happiness,2
uit_002897,tự bỏ tiền ra trồng tự cạo mủ cho chắc củ,tự bỏ tiền ra trồng tự cạo mủ cho chắc củ,other,neutral,4
uit_002035,chỗ tao cũng có cây tình yêu < 3,chỗ tao cũng có cây tình yêu < 3,enjoyment,happiness,2
uit_002251,nó sale còn 225k là được rồi :))) lời quá còn gì . mẹ mày per bình luận chi để nó nhận ra chi v 😂,nó sale còn 225k là được rồi :))) lời quá còn gì . mẹ mày per bình luận chi để nó nhận ra chi v 😂,anger,anger,0
uit_001175,năm nay vào quán net ngồi cho đỡ phải nhìn .....☺️,năm nay vào quán net ngồi cho đỡ phải nhìn .....☺️,sadness,sadness,3
uit_004526,có con cục gạch kia xong chả biết từ đâu đâu lôi ra con ai phôn chơi :))) vô lí vãi :)) hư cấu 🙃,có con cục gạch kia xong chả biết từ đâu đâu lôi ra con ai phôn chơi :))) vô lí vãi :)) hư cấu 🙃,anger,anger,0
uit_001457,hôm ấy tao chân ướt chân ráo từ quận 6 lên quận 3 cũng rẽ trái đoạn ntmk và cmt8 . mất 3 lít :( khôn hẳn ra,hôm ấy tao chân ướt chân ráo từ quận 6 lên quận 3 cũng rẽ trái đoạn ntmk và cmt8 . mất 3 lít :( khôn hẳn ra,sadness,sadness,3
uit_000685,tiếc cho mối tình ấy ....,tiếc cho mối tình ấy ....,sadness,sadness,3
uit_004913,có ai chỉ tự yêu bản thân như tôi không :(,có ai chỉ tự yêu bản thân như tôi không :(,sadness,sadness,3
uit_004215,per cố đợi đi nha để em mua bảo hiểm cho anh 🙂,per cố đợi đi nha để em mua bảo hiểm cho anh 🙂,enjoyment,happiness,2
uit_000749,nhìn thôi đã đau lòng,nhìn thôi đã đau lòng,sadness,sadness,3
uit_003929,họ hành động quá đẹp,họ hành động quá đẹp,enjoyment,happiness,2
uit_001130,per biết phân biệt phải trái không vậy ??? và có biết đỗ như thế nào là đúng luật không ???,per biết phân biệt phải trái không vậy ??? và có biết đỗ như thế nào là đúng luật không ???,anger,anger,0
uit_000012,nếu thấy phụ nữ quá phức tạp để hiểu và chinh phục thì đây là cách giải quyết vấn đề,nếu thấy phụ nữ quá phức tạp để hiểu và chinh phục thì đây là cách giải quyết vấn đề,other,neutral,4
uit_003240,dume đêm ròii =))) tao cười vãi tí hàng xóm qua đánh bỏ mẹ,dume đêm ròii =))) tao cười vãi tí hàng xóm qua đánh bỏ mẹ,fear,fear,1
uit_005052,nó cười mà muốn rụng tim 😂💔,nó cười mà muốn rụng tim 😂💔,enjoyment,happiness,2
uit_003654,hôm qua tao cũng xem chục lần :))) bài đếch gì hay vãi :)))))),hôm qua tao cũng xem chục lần :))) bài đếch gì hay vãi :)))))),enjoyment,happiness,2
uit_001165,"mới đây mẹ tao giúp tao làm lại giấy khai sinh . mẹ có hỏi "" mày sinh ngày mấy để mẹ làm ""😑","mới đây mẹ tao giúp tao làm lại giấy khai sinh . mẹ có hỏi "" mày sinh ngày mấy để mẹ làm ""😑",sadness,sadness,3
uit_003277,ai biết bài nhạc đoạn này không ?,ai biết bài nhạc đoạn này không ?,other,neutral,4
uit_002931,an toàn cho mình chứ cho ai đâu mà cứ thích kiểu trốn tránh ấy nhỉ ..,an toàn cho mình chứ cho ai đâu mà cứ thích kiểu trốn tránh ấy nhỉ ..,other,neutral,4
uit_001475,anh vui thì anh ngồi thôi ... chú cự để mặc anh . :v,anh vui thì anh ngồi thôi ... chú cự để mặc anh . :v,enjoyment,happiness,2
uit_002542,"cưng vậy trời , anh cho em xin ảnh nha ạ","cưng vậy trời , anh cho em xin ảnh nha ạ",enjoyment,happiness,2
uit_005067,rất có thể nó đang pr trá hình để bán hàng,rất có thể nó đang pr trá hình để bán hàng,other,neutral,4
uit_000007,công nhận sáng tạo thật đấy,công nhận sáng tạo thật đấy,enjoyment,happiness,2
uit_001912,cũng sợ mấy con ngoe nguẩy như giòi 😰,cũng sợ mấy con ngoe nguẩy như giòi 😰,fear,fear,1
uit_003775,và sếp tốt có thể giúp ta vui vẻ từ sáng thứ hai cho đến tối chủ nhật 😀,và sếp tốt có thể giúp ta vui vẻ từ sáng thứ hai cho đến tối chủ nhật 😀,enjoyment,happiness,2
uit_001689,add cứ khoe đi . mai lại chặt hết như nguyễn trãi mà 😂😂😂,add cứ khoe đi . mai lại chặt hết như nguyễn trãi mà 😂😂😂,enjoyment,happiness,2
uit_004975,không nha cậu :) mình đi bình thường nha =)),không nha cậu :) mình đi bình thường nha =)),enjoyment,happiness,2
uit_001806,cần lắm những nhà tuyển dụng như vầy :)))),cần lắm những nhà tuyển dụng như vầy :)))),enjoyment,happiness,2
uit_002101,cơ mà tao bị thần kinh thật,cơ mà tao bị thần kinh thật,sadness,sadness,3
uit_000492,chỉ đi đường quen thôi ! đường nào lạ chỉ ngồi sau thôi =)),chỉ đi đường quen thôi ! đường nào lạ chỉ ngồi sau thôi =)),other,neutral,4
uit_000072,"có những con người luôn phải chịu đắng cay , cta không được chọn gia đình , bạn bè và càng không có quyền lựa chọn cuộc sống này . hãy vui lên với tất cả những gì ta đang có dù là hai bàn tay trắng","có những con người luôn phải chịu đắng cay , cta không được chọn gia đình , bạn bè và càng không có quyền lựa chọn cuộc sống này . hãy vui lên với tất cả những gì ta đang có dù là hai bàn tay trắng",sadness,sadness,3
uit_003866,má . đang định đi chụp :((,má . đang định đi chụp :((,fear,fear,1
uit_003619,"per hồi nhỏ bị ngỗng dí riết ám ảnh , giờ mà bị dí chắc cầm cổ quay thấy moẹ nó luôn hehe","per hồi nhỏ bị ngỗng dí riết ám ảnh , giờ mà bị dí chắc cầm cổ quay thấy moẹ nó luôn hehe",enjoyment,happiness,2
uit_004734,đụ má nó quá đáng,đụ má nó quá đáng,anger,anger,0
uit_000143,"con gấu trúc , cho nó ăn trúc đi =))) tướng ngồi nhìn cưng vãi","con gấu trúc , cho nó ăn trúc đi =))) tướng ngồi nhìn cưng vãi",enjoyment,happiness,2
uit_002167,đậu xanh tao giỡn mặt với mày hả,đậu xanh tao giỡn mặt với mày hả,anger,anger,0
uit_001981,đối với thế giới này bà lão chỉ là một ai đó . nhưng đối với ông lão đó bà lão là cả thế giới 😊,đối với thế giới này bà lão chỉ là một ai đó . nhưng đối với ông lão đó bà lão là cả thế giới 😊,enjoyment,happiness,2
uit_003369,đáng yêu quá mức,đáng yêu quá mức,enjoyment,happiness,2
uit_003343,có bao giờ con sóng không xô vào bờ đâu em ....,có bao giờ con sóng không xô vào bờ đâu em ....,other,neutral,4
uit_002360,vừa thấy thương vừa buồn cười vãi :))))))),vừa thấy thương vừa buồn cười vãi :))))))),enjoyment,happiness,2
uit_003710,việt nam cái gì cũng có thể ăn được,việt nam cái gì cũng có thể ăn được,other,neutral,4
uit_003174,buồn nhất là crush cũng chả có để mà thả 😞,buồn nhất là crush cũng chả có để mà thả 😞,sadness,sadness,3
uit_001933,per giống súp lơ của bạn mình,per giống súp lơ của bạn mình,other,neutral,4
uit_004133,"mới đầu mày sẽ thấy vui , từ từ nó quậy cho mày ????","mới đầu mày sẽ thấy vui , từ từ nó quậy cho mày ????",fear,fear,1
uit_001443,ra xã hội rồi mới biết mình còn may mắn hơn rất nhiều người vậy nên hãy trân trọng những gì mình có 😊,ra xã hội rồi mới biết mình còn may mắn hơn rất nhiều người vậy nên hãy trân trọng những gì mình có 😊,enjoyment,happiness,2
uit_000770,ngôn tình từ anh mà ra,ngôn tình từ anh mà ra,enjoyment,happiness,2
uit_000090,em chưa có người yêu . có ai yêu em không . em cô đơn quá,em chưa có người yêu . có ai yêu em không . em cô đơn quá,sadness,sadness,3
uit_003056,thằng quay đáng bị đạp cho lăn con cụ ra mới biết sợ =)) cứ tưởng thế là vui 🙂 súc vật,thằng quay đáng bị đạp cho lăn con cụ ra mới biết sợ =)) cứ tưởng thế là vui 🙂 súc vật,anger,anger,0
uit_001859,"ước mơ của tao , thích vẽ lắm luôn , nhưng mỗi tội vẽ xong cho lên màu thì lại tệ 🙄","ước mơ của tao , thích vẽ lắm luôn , nhưng mỗi tội vẽ xong cho lên màu thì lại tệ 🙄",sadness,sadness,3
uit_004645,vì nếu không có kẻ yếu thì chúng ta không biết mình rất mạnh,vì nếu không có kẻ yếu thì chúng ta không biết mình rất mạnh,other,neutral,4
uit_002212,per hèn gì thấy ngày nào anh cũng đi tập 😂😂😂,per hèn gì thấy ngày nào anh cũng đi tập 😂😂😂,other,neutral,4
uit_004515,riêng đéo gì tối nay mà khóc với lóc,riêng đéo gì tối nay mà khóc với lóc,anger,anger,0
uit_000552,não bằng đá . không cần phải đội nón,não bằng đá . không cần phải đội nón,other,neutral,4
uit_003339,"per 2 con hay cap màn hình nhất thế giới , nói chuyện với nhau toàn cười ỉ 🙄🙄🙄","per 2 con hay cap màn hình nhất thế giới , nói chuyện với nhau toàn cười ỉ 🙄🙄🙄",enjoyment,happiness,2
uit_003303,nhẹ nhàng bay lên và hạ cánh thất bại do lổi kỹ thuật,nhẹ nhàng bay lên và hạ cánh thất bại do lổi kỹ thuật,sadness,sadness,3
uit_003430,sau khi đọc bài của mày tao cười nhiều quá và gãy mẹ hàm cái à,sau khi đọc bài của mày tao cười nhiều quá và gãy mẹ hàm cái à,enjoyment,happiness,2
uit_002098,"đếu thể đỡ được "" tiền mừng , tiền mừng "" hahaha","đếu thể đỡ được "" tiền mừng , tiền mừng "" hahaha",enjoyment,happiness,2
uit_002359,"đau lòng vãi . cứ tưởng là đùa . ai ngờ , bồ nhau thiệt . ơ . tớ có sừng không","đau lòng vãi . cứ tưởng là đùa . ai ngờ , bồ nhau thiệt . ơ . tớ có sừng không",sadness,sadness,3
uit_001644,không hiểu lắm,không hiểu lắm,other,neutral,4
uit_002006,ai chưa xem thì nên xem 1 lần đi . đảm bảo không phí 3h đồng hồ của các bạn 😃,ai chưa xem thì nên xem 1 lần đi . đảm bảo không phí 3h đồng hồ của các bạn 😃,enjoyment,happiness,2
uit_000979,ở chỗ khác chắc gì có đứa béo như mình !,ở chỗ khác chắc gì có đứa béo như mình !,enjoyment,happiness,2
uit_003919,lời được cánh của sắt tàu hỏa ngon rồi,lời được cánh của sắt tàu hỏa ngon rồi,enjoyment,happiness,2
uit_003123,dễ thương quá,dễ thương quá,enjoyment,happiness,2
uit_001287,thông minh vãi,thông minh vãi,enjoyment,happiness,2
uit_002264,"per cần thêm những trái dâu xinh xắn để ngăn chặn sự u ám này , huhu","per cần thêm những trái dâu xinh xắn để ngăn chặn sự u ám này , huhu",sadness,sadness,3
uit_001117,mua thuốc ngoài thú y sức vào vài ngày nó không bám nữa,mua thuốc ngoài thú y sức vào vài ngày nó không bám nữa,other,neutral,4
uit_004003,vui tính quá ?? vừa kết bạn xong ??,vui tính quá ?? vừa kết bạn xong ??,enjoyment,happiness,2
uit_003679,t chỉ thấy tình yêu của tao nó tan vỡ thôi,t chỉ thấy tình yêu của tao nó tan vỡ thôi,sadness,sadness,3
uit_002217,bấy bề ơi . thật là đáng yêu,bấy bề ơi . thật là đáng yêu,enjoyment,happiness,2
uit_000569,đm chạy ra xa mà viết đi 😈,đm chạy ra xa mà viết đi 😈,anger,anger,0
uit_003795,ly hôn cũng phải hoành tráng chứ .. còn phải làm to hơn kết hôn mới được 🤣,ly hôn cũng phải hoành tráng chứ .. còn phải làm to hơn kết hôn mới được 🤣,enjoyment,happiness,2
uit_001109,chạy ngay đi 😨😨 trước khi bọn chủ tịch vào đây và giả làm con c * c gì đó rồi bị coi thường và tụi bay phải nhận cái kết đấy . 😬😬😬😬,chạy ngay đi 😨😨 trước khi bọn chủ tịch vào đây và giả làm con c * c gì đó rồi bị coi thường và tụi bay phải nhận cái kết đấy . 😬😬😬😬,other,neutral,4
uit_001118,"tao cũng hay nằm mơ con mèo của mình nó về , tao tưởng thật nên khóc cả trong mơ lẫn ngoài đời . nhưng nó đâu có thể về được nữa ...","tao cũng hay nằm mơ con mèo của mình nó về , tao tưởng thật nên khóc cả trong mơ lẫn ngoài đời . nhưng nó đâu có thể về được nữa ...",sadness,sadness,3
uit_001768,tao ho rụng hết tóc rồi 😭,tao ho rụng hết tóc rồi 😭,sadness,sadness,3
uit_004365,chó nhà giàu là vậy,chó nhà giàu là vậy,other,neutral,4
uit_001939,đúng là khốn nạn mà,đúng là khốn nạn mà,anger,anger,0
uit_003669,per muốn coi cái khúc vẩy xong rồi dừng lại làm sao ấy . kkkkk,per muốn coi cái khúc vẩy xong rồi dừng lại làm sao ấy . kkkkk,enjoyment,happiness,2
uit_000619,kính thủy lực là kính gì bạn ơi,kính thủy lực là kính gì bạn ơi,other,neutral,4
uit_001861,em chân thành nên em tổn thương,em chân thành nên em tổn thương,sadness,sadness,3
uit_002397,lâu quá rồi mới nghe lại bài này . từ lúc ctay mối tình đầu :((,lâu quá rồi mới nghe lại bài này . từ lúc ctay mối tình đầu :((,sadness,sadness,3
uit_004985,oaaaaaaa ...... thực sự rất tạo động lực và niềm tin cho người khác đó < 3 rất thích nụ cười và sự thoải mái tự tin của anh chị < 3,oaaaaaaa ...... thực sự rất tạo động lực và niềm tin cho người khác đó < 3 rất thích nụ cười và sự thoải mái tự tin của anh chị < 3,enjoyment,happiness,2
uit_000677,đáng yêu vậy =))),đáng yêu vậy =))),enjoyment,happiness,2
uit_000198,chú này tội lắm á :(,chú này tội lắm á :(,sadness,sadness,3
uit_001951,góp phần xây dựng đất nước chứ gì kkk đóng nhiếu rứa,góp phần xây dựng đất nước chứ gì kkk đóng nhiếu rứa,enjoyment,happiness,2
uit_003852,sự thật thì cố suy nghĩ vui vẻ hạnh phúc mà trong túi không có tiền chỉ sợ đất cũng không có mà ăn,sự thật thì cố suy nghĩ vui vẻ hạnh phúc mà trong túi không có tiền chỉ sợ đất cũng không có mà ăn,sadness,sadness,3
uit_000967,per đừng hỏi tao nữa,per đừng hỏi tao nữa,other,neutral,4
uit_002213,ngày xưa cũng vui lắm mà giờ mỗi đứa 1 nơi rồi,ngày xưa cũng vui lắm mà giờ mỗi đứa 1 nơi rồi,sadness,sadness,3
uit_002121,là đứa quay video,là đứa quay video,other,neutral,4
uit_003548,gia đình có nhưng tình yêu không thì sao,gia đình có nhưng tình yêu không thì sao,sadness,sadness,3
uit_002059,vì bạn chỉ là con trai nắng hoặc em gái mưa thô :(,vì bạn chỉ là con trai nắng hoặc em gái mưa thô :(,sadness,sadness,3
uit_004927,"chửi vậy cũng bình thường mà mọi người cứ làm quá . mẹ tao cũng suốt ngày chửi tao , tao thấy vui mà .","chửi vậy cũng bình thường mà mọi người cứ làm quá . mẹ tao cũng suốt ngày chửi tao , tao thấy vui mà .",enjoyment,happiness,2
uit_004017,mai đi bán miếng năng lượng thôi 😂,mai đi bán miếng năng lượng thôi 😂,other,neutral,4
uit_004107,tôi đã giữ lại mấy cái giấy note đã ghi chú khi nào kiểm tra =))))),tôi đã giữ lại mấy cái giấy note đã ghi chú khi nào kiểm tra =))))),enjoyment,happiness,2
uit_004842,"diễn còn cứng quá à , kiểu biết rồi mà còn giả bộ bất ngờ :))","diễn còn cứng quá à , kiểu biết rồi mà còn giả bộ bất ngờ :))",enjoyment,happiness,2
uit_000855,tự nhiên nhớ cái cảnh 2 con bánh bèo bị ngỗng dí quá 😅😅 per,tự nhiên nhớ cái cảnh 2 con bánh bèo bị ngỗng dí quá 😅😅 per,enjoyment,happiness,2
uit_000002,mỗi lần có video của con là cứ coi đi coi lại hoài . cưng con quá .,mỗi lần có video của con là cứ coi đi coi lại hoài . cưng con quá .,enjoyment,happiness,2
uit_003474,đoạn phim này tốn khá nhiều nước mắt của người xem,đoạn phim này tốn khá nhiều nước mắt của người xem,sadness,sadness,3
uit_004636,mỗi lần bạn trai đi cắt tóc tao đều cảm thấy an tâm mấy phần,mỗi lần bạn trai đi cắt tóc tao đều cảm thấy an tâm mấy phần,enjoyment,happiness,2
uit_001456,sau vụ này ý thức đậu đỗ xe của tài xế sẽ tốt hơn rất nhiều !,sau vụ này ý thức đậu đỗ xe của tài xế sẽ tốt hơn rất nhiều !,other,neutral,4
uit_003188,"thật thà vãi , mà tao chỉ thích ăn xoài chua .","thật thà vãi , mà tao chỉ thích ăn xoài chua .",other,neutral,4
uit_002497,bọn này phải cho nó thưởng thức dống như nó đã làm với cây bao nhiêu cây thì bấy nhiêu mũi,bọn này phải cho nó thưởng thức dống như nó đã làm với cây bao nhiêu cây thì bấy nhiêu mũi,anger,anger,0
uit_001680,per c . bị tinh thần đi xem đi 👻,per c . bị tinh thần đi xem đi 👻,enjoyment,happiness,2
uit_002706,mèo nhà tao gửi 10 ngày về ăn tết lên nó thành mèo hàng xóm này ( nhà hàng xóm bán cá ) :((,mèo nhà tao gửi 10 ngày về ăn tết lên nó thành mèo hàng xóm này ( nhà hàng xóm bán cá ) :((,sadness,sadness,3
uit_001798,mấy vụ giết người chặt xác gần đây ở việt nam toàn là người hiền lành 🤔🤔🤔,mấy vụ giết người chặt xác gần đây ở việt nam toàn là người hiền lành 🤔🤔🤔,other,neutral,4
uit_004138,sao mình không thấy mình vậy ta ??,sao mình không thấy mình vậy ta ??,other,neutral,4
uit_004533,nên gan ngỗng ăn ngon đó,nên gan ngỗng ăn ngon đó,enjoyment,happiness,2
uit_001183,tao chưa nghe nói kính thuỷ lực bai giờ .,tao chưa nghe nói kính thuỷ lực bai giờ .,other,neutral,4
uit_002783,"thường thì người thuận tay trái sẽ bị bệnh này :v , riêng tao thuận vả 2 tay nên chả sao","thường thì người thuận tay trái sẽ bị bệnh này :v , riêng tao thuận vả 2 tay nên chả sao",enjoyment,happiness,2
uit_003453,per đau hơn chia tay người yêu nữa,per đau hơn chia tay người yêu nữa,sadness,sadness,3
uit_002259,ngọt hơn cả người yêu haaaaa,ngọt hơn cả người yêu haaaaa,enjoyment,happiness,2
uit_000688,giun này mà xào thêm ít xả ớt thì tuyệt cú mèo 🤣,giun này mà xào thêm ít xả ớt thì tuyệt cú mèo 🤣,enjoyment,happiness,2
uit_004909,anh thứ 2 cute thế =))),anh thứ 2 cute thế =))),enjoyment,happiness,2
uit_004935,nói xong còn chả dám ăn nữa 😂😂,nói xong còn chả dám ăn nữa 😂😂,fear,fear,1
uit_001383,:( cầu chúa ơn nhiều ban bình an cho những người kém may mắn như vậy,:( cầu chúa ơn nhiều ban bình an cho những người kém may mắn như vậy,sadness,sadness,3
uit_002004,thôi nhà đang yên ổn,thôi nhà đang yên ổn,other,neutral,4
uit_005190,vẫn xinh đẹp dịu dàng trong mắt tao 😂,vẫn xinh đẹp dịu dàng trong mắt tao 😂,enjoyment,happiness,2
uit_001170,đã thử và rất thích thú 😆.,đã thử và rất thích thú 😆.,enjoyment,happiness,2
uit_003969,có tiền chưa chắc đã ngọt nhưng nếu không có tiền chắc chắn là đắng .,có tiền chưa chắc đã ngọt nhưng nếu không có tiền chắc chắn là đắng .,sadness,sadness,3
uit_002687,"nhạc buồn quá . bài này là bài "" chia tay trong chiều hoàng hôn nắng úa màu "" - justin bieber cho bạn nào chưa biết nhé . :'(","nhạc buồn quá . bài này là bài "" chia tay trong chiều hoàng hôn nắng úa màu "" - justin bieber cho bạn nào chưa biết nhé . :'(",sadness,sadness,3
uit_000077,nhận nhầm con cặc . phải nói là 10 thằng thì 1 thằng nuôi con thằng khác,nhận nhầm con cặc . phải nói là 10 thằng thì 1 thằng nuôi con thằng khác,anger,anger,0
uit_003017,per vậy cug nghĩ ra được haha,per vậy cug nghĩ ra được haha,enjoyment,happiness,2
uit_001045,có tất cả các vị mày niếm được,có tất cả các vị mày niếm được,other,neutral,4
uit_001602,chữ tao từ lớp 3 đã kiểu như thế nào và còn đẹp hơn nhé .,chữ tao từ lớp 3 đã kiểu như thế nào và còn đẹp hơn nhé .,enjoyment,happiness,2
uit_002325,"nhìn cảnh 2 bố con hôn từ biệt , em bé cũng rướn mặt theo hôn bố mà chảy nước mắt , em bé như thế chắc không biết diễn , đúng là cảnh đẹp quá","nhìn cảnh 2 bố con hôn từ biệt , em bé cũng rướn mặt theo hôn bố mà chảy nước mắt , em bé như thế chắc không biết diễn , đúng là cảnh đẹp quá",sadness,sadness,3
uit_000503,khuôn mặt đậm chất giải trí 🙂,khuôn mặt đậm chất giải trí 🙂,enjoyment,happiness,2
uit_005246,xuất sắc . thật sự quá đỉnh .,xuất sắc . thật sự quá đỉnh .,enjoyment,happiness,2
uit_002682,per chán quá,per chán quá,sadness,sadness,3
uit_003438,phải công nhận nước ngoài cái gì cũng to :),phải công nhận nước ngoài cái gì cũng to :),other,neutral,4
uit_000010,"tui thi ́ ch va ̉ i lă ́ mày ma ̀ ăn nhỉ ̀ u no ́ người lă ́ mày mọi người anh ̣ , bi ̣ lơ ̉ miê ̣ người","tui thi ́ ch va ̉ i lă ́ mày ma ̀ ăn nhỉ ̀ u no ́ người lă ́ mày mọi người anh ̣ , bi ̣ lơ ̉ miê ̣ người",sadness,sadness,3
uit_004443,coi phim này mà ứa nước mắt 😢,coi phim này mà ứa nước mắt 😢,sadness,sadness,3
uit_002138,thề lun anh ấy rất kĩ thuật lun á,thề lun anh ấy rất kĩ thuật lun á,enjoyment,happiness,2
uit_000204,thế nếu sóc lên xong gõ thì n có trào lên không nhỉ,thế nếu sóc lên xong gõ thì n có trào lên không nhỉ,other,neutral,4
uit_004241,yêu em mọa mọa 😘😘,yêu em mọa mọa 😘😘,enjoyment,happiness,2
uit_004580,yêu nghề chuẩn mẹ rồi,yêu nghề chuẩn mẹ rồi,enjoyment,happiness,2
uit_001050,"xời tưởng gì , cái này tao làm được =)))","xời tưởng gì , cái này tao làm được =)))",enjoyment,happiness,2
uit_002754,"nhìn này thần sắc thế kia thì đeo sao đâu , yên tâm đi không được hốc hôm nay thì hôm sau hốc lo cái đéo gì chứ","nhìn này thần sắc thế kia thì đeo sao đâu , yên tâm đi không được hốc hôm nay thì hôm sau hốc lo cái đéo gì chứ",other,neutral,4
uit_000313,tao bực mày lắm rồi đấy,tao bực mày lắm rồi đấy,anger,anger,0
uit_001262,thêm cái trang này ăn cắp ý tưởng của tôi,thêm cái trang này ăn cắp ý tưởng của tôi,anger,anger,0
uit_003539,sao đúng bài mày kết vậy 🙁🙁🙁,sao đúng bài mày kết vậy 🙁🙁🙁,other,neutral,4
uit_004520,"ngta có câu nhất cự li nhì tốc độ , mày phải ghi xát dô , ghi nhanh nhanh nữa ,...","ngta có câu nhất cự li nhì tốc độ , mày phải ghi xát dô , ghi nhanh nhanh nữa ,...",other,neutral,4
uit_002330,2 năm xa nhà rồi tao đéo được đi ????. năm sau nhất định đi,2 năm xa nhà rồi tao đéo được đi ????. năm sau nhất định đi,other,neutral,4
uit_003899,tử hình cái bọn giết người hàng loạt này đi,tử hình cái bọn giết người hàng loạt này đi,anger,anger,0
uit_000977,per bữa cuối nó ngồi chỗ đó nhìn mà khóc còn cuối khoá thì bth haha,per bữa cuối nó ngồi chỗ đó nhìn mà khóc còn cuối khoá thì bth haha,enjoyment,happiness,2
uit_003948,nhìn vậy thôi mày bóc tách múi ra là bình thường ngay mà,nhìn vậy thôi mày bóc tách múi ra là bình thường ngay mà,other,neutral,4
uit_004972,thấy dòng này quen quen . thấy đọc bình luận của ai á . haha . buồn cười 🤣 🤣 🤣,thấy dòng này quen quen . thấy đọc bình luận của ai á . haha . buồn cười 🤣 🤣 🤣,enjoyment,happiness,2
uit_004708,nấu có cháy mới ngon :)) còn nước cơm hoà với đường thì toẹt vời,nấu có cháy mới ngon :)) còn nước cơm hoà với đường thì toẹt vời,enjoyment,happiness,2
uit_002374,xem mà rơi nói chuyện mắt khi ăn luôn 😭😭😢,xem mà rơi nói chuyện mắt khi ăn luôn 😭😭😢,sadness,sadness,3
uit_004062,nụ cười của crush kích thích vãi :)))))),nụ cười của crush kích thích vãi :)))))),enjoyment,happiness,2
uit_003658,buồn thật ấy,buồn thật ấy,sadness,sadness,3
uit_002714,dè nghị khởi tố luôn những người biết mà che dấu,dè nghị khởi tố luôn những người biết mà che dấu,anger,anger,0
uit_003393,per nhớ quá trời nhớ luôn nè,per nhớ quá trời nhớ luôn nè,other,neutral,4
uit_002022,idol có skill mới chất quá 😂 1 cú đánh mông thôi mà đối thủ bay sấp mặt luôn luôn 🤣,idol có skill mới chất quá 😂 1 cú đánh mông thôi mà đối thủ bay sấp mặt luôn luôn 🤣,enjoyment,happiness,2
uit_003172,rất thuyết phục,rất thuyết phục,enjoyment,happiness,2
uit_004238,crush tao vẫn còn trinh nhé 😘,crush tao vẫn còn trinh nhé 😘,enjoyment,happiness,2
uit_003601,chuyện tình huyền thoại của per với per :(,chuyện tình huyền thoại của per với per :(,sadness,sadness,3
uit_000445,trồi ôi mới đọc tưởng đâu người yêu,trồi ôi mới đọc tưởng đâu người yêu,enjoyment,happiness,2
uit_002366,cần lắm những sẻ chia . cần lắm những thấu hiểu,cần lắm những sẻ chia . cần lắm những thấu hiểu,sadness,sadness,3
uit_003935,thôi mày cố lên . đỡ rồi cũng tốt,thôi mày cố lên . đỡ rồi cũng tốt,enjoyment,happiness,2
uit_001434,crush của tao cười hơi bị xinh :3 xinh + cười = đỗ mãi • 3 •,crush của tao cười hơi bị xinh :3 xinh + cười = đỗ mãi • 3 •,enjoyment,happiness,2
uit_003742,per haha sao tôi nghĩ tới em liền luôn á,per haha sao tôi nghĩ tới em liền luôn á,enjoyment,happiness,2
uit_005092,chưa bao giờ bắn trúng thứ gì 😆.,chưa bao giờ bắn trúng thứ gì 😆.,enjoyment,happiness,2
uit_000576,per nuôi đi anh còn kịp chả già mất 😂,per nuôi đi anh còn kịp chả già mất 😂,enjoyment,happiness,2
uit_003384,cắt tóc đi còn đen hơn,cắt tóc đi còn đen hơn,other,neutral,4
uit_005226,con bé bị quơ trúng nhìn đẹp như búp bê ấy < 3,con bé bị quơ trúng nhìn đẹp như búp bê ấy < 3,enjoyment,happiness,2
uit_003298,"trưa nay nhà em ăn cơm , admin nói với mấy chú truyền hình đừng chiếu tin này lên nha","trưa nay nhà em ăn cơm , admin nói với mấy chú truyền hình đừng chiếu tin này lên nha",other,neutral,4
uit_003478,thành phố không nói chứ chỉ 9x trở về mới biết nấu thoii,thành phố không nói chứ chỉ 9x trở về mới biết nấu thoii,other,neutral,4
uit_004381,con bé kiểu mày vừa làm cái wtf :))))),con bé kiểu mày vừa làm cái wtf :))))),other,neutral,4
uit_002410,"nắng nóng bỏ moẹ , dội chút cho mát thôi mà","nắng nóng bỏ moẹ , dội chút cho mát thôi mà",other,neutral,4
uit_004782,:))) ra thấy nó xấu chó thì lại về chặn số à,:))) ra thấy nó xấu chó thì lại về chặn số à,other,neutral,4
uit_004099,"thích cái câu , có mỗi thằng con rể đểu mà cứ xoắn cả lên 😂😂😂","thích cái câu , có mỗi thằng con rể đểu mà cứ xoắn cả lên 😂😂😂",enjoyment,happiness,2
uit_001596,câu chuyện của em làm anh cảm động quá …,câu chuyện của em làm anh cảm động quá ...,sadness,sadness,3
uit_004136,các bạn nữ đập đầu vào tường chết hết rồi,các bạn nữ đập đầu vào tường chết hết rồi,sadness,sadness,3
uit_005179,bình dị vậy thôi .. mà sao mãi tao chưa tìm được ? hix,bình dị vậy thôi .. mà sao mãi tao chưa tìm được ? hix,sadness,sadness,3
uit_003926,một cái ỉn mông xong hết 😂😂😂 dăm ba cái võ thuật 😂😂😂🤣🤣🤣,một cái ỉn mông xong hết 😂😂😂 dăm ba cái võ thuật 😂😂😂🤣🤣🤣,enjoyment,happiness,2
uit_003857,tao còn không dám ăn nói chi ruồi .,tao còn không dám ăn nói chi ruồi .,fear,fear,1
uit_002105,tại mình thử hết rồi :)) nên cậu nói thế thì mình bình luận thôi :)),tại mình thử hết rồi :)) nên cậu nói thế thì mình bình luận thôi :)),other,neutral,4
uit_002231,quá nguy hiểm .,quá nguy hiểm .,fear,fear,1
uit_004819,đảng ta bao dung thật < 3,đảng ta bao dung thật < 3,enjoyment,happiness,2
uit_005142,mình rất rất muốn đi nhưng trong túi kô còn xu mẹ nào vân kiều ơi,mình rất rất muốn đi nhưng trong túi kô còn xu mẹ nào vân kiều ơi,sadness,sadness,3
uit_001552,nhỏ ngầu lớn lên nhìn bê đi =))),nhỏ ngầu lớn lên nhìn bê đi =))),enjoyment,happiness,2
uit_004720,nó cười với tất cả mng trừ tao 🙂,nó cười với tất cả mng trừ tao 🙂,sadness,sadness,3
uit_004994,chơi cái trò mất dạy :)),chơi cái trò mất dạy :)),anger,anger,0
uit_005139,bạn trai người khác không bao giờ làm tao thất vọng =))))),bạn trai người khác không bao giờ làm tao thất vọng =))))),enjoyment,happiness,2
uit_002957,"đi chơi gặp 3 con mất dậy này vừa bị dí vừa bị cạp đít đau không chịu được sau phải nhảy lên cây để trốn , giờ gặp là sợ 😭😭","đi chơi gặp 3 con mất dậy này vừa bị dí vừa bị cạp đít đau không chịu được sau phải nhảy lên cây để trốn , giờ gặp là sợ 😭😭",fear,fear,1
uit_000284,rồi lỡ ai có bầu mà đi qua không biết nhảy kiểu gì nữa 😂😂,rồi lỡ ai có bầu mà đi qua không biết nhảy kiểu gì nữa 😂😂,enjoyment,happiness,2
uit_003536,người yêu có thể có nhiều nhưng mạng sống chỉ có 1 chế nhể ?,người yêu có thể có nhiều nhưng mạng sống chỉ có 1 chế nhể ?,other,neutral,4
uit_004127,mình hỏi rồi mà họ nữa muốn bán nữa không bạn để hôm sau lên hỏi lại lần nữa,mình hỏi rồi mà họ nữa muốn bán nữa không bạn để hôm sau lên hỏi lại lần nữa,other,neutral,4
uit_001551,tội này nên cho đi tù cả lũ đi người mình hại người mình 😡,tội này nên cho đi tù cả lũ đi người mình hại người mình 😡,anger,anger,0
uit_004685,boss mắc bệnh nghiện vợ 🤣🤣😭,boss mắc bệnh nghiện vợ 🤣🤣😭,enjoyment,happiness,2
uit_000172,per có nên áp dụng với anh hàng xóm không nhể 😆😆😆,per có nên áp dụng với anh hàng xóm không nhể 😆😆😆,enjoyment,happiness,2
uit_000978,dume cười vãi luôn trời :)))),dume cười vãi luôn trời :)))),enjoyment,happiness,2
uit_002584,"câu này lên "" nhanh như chớp "" được nờ 🤣","câu này lên "" nhanh như chớp "" được nờ 🤣",enjoyment,happiness,2
uit_004584,nghe hay,nghe hay,enjoyment,happiness,2
uit_003732,giờ tao mới hiểu được hết những gì mà trước đây đọc bình luận tao đéo ’ hiểu 😂😂😂,giờ tao mới hiểu được hết những gì mà trước đây đọc bình luận tao đéo ’ hiểu 😂😂😂,enjoyment,happiness,2
uit_005215,hahah thú vị ghê hen,hahah thú vị ghê hen,enjoyment,happiness,2
uit_000460,bé gái đáng yêu quá ??,bé gái đáng yêu quá ??,enjoyment,happiness,2
uit_003206,vô duyên và hài hước nó có 1 làn ranh giới mỏng manh vãi,vô duyên và hài hước nó có 1 làn ranh giới mỏng manh vãi,other,neutral,4
uit_001228,hiện tại cảm thấy hạnh phúc khi môi trường làm việc toàn người lầy ....,hiện tại cảm thấy hạnh phúc khi môi trường làm việc toàn người lầy ....,enjoyment,happiness,2
uit_002532,không thuộc kịch bản chuẩn mẹ rồi,không thuộc kịch bản chuẩn mẹ rồi,other,neutral,4
uit_001919,"cha quay phim cũng không phải dạng vừa , mẹ diễn viên thần thái vãi","cha quay phim cũng không phải dạng vừa , mẹ diễn viên thần thái vãi",enjoyment,happiness,2
uit_000704,bn tao vẽ đẹp vãi nhưng nó lại mắc bệnh lười nếu nó vẽ thì nó sẽ vẽ he .. n .... tai :v,bn tao vẽ đẹp vãi nhưng nó lại mắc bệnh lười nếu nó vẽ thì nó sẽ vẽ he .. n .... tai :v,other,neutral,4
uit_005074,mày bị ngu hả đĩ chó :) hết chỗ viết à :) thích viết thì tìm chỗ nào đéo trôi á :) hoặc mua giấy về viết chứ địt mẹ viết rồi lại viết làm tao buồn mày :),mày bị ngu hả đĩ chó :) hết chỗ viết à :) thích viết thì tìm chỗ nào đéo trôi á :) hoặc mua giấy về viết chứ địt mẹ viết rồi lại viết làm tao buồn mày :),anger,anger,0
uit_004281,chắc tao lại vác dao đâm chết cdm bọn hãm này :)))),chắc tao lại vác dao đâm chết cdm bọn hãm này :)))),anger,anger,0
uit_001533,giữ mãi lòng nhân ái các em nhé ! tấm lòng các em đẹp biết bao .,giữ mãi lòng nhân ái các em nhé ! tấm lòng các em đẹp biết bao .,enjoyment,happiness,2
uit_004807,đứa con gái nào mà đề nghị là biết bị ma nhập mà né nha mấy cha,đứa con gái nào mà đề nghị là biết bị ma nhập mà né nha mấy cha,fear,fear,1
uit_000973,mợ không gọi công an phường đến cẩu đi .,mợ không gọi công an phường đến cẩu đi .,anger,anger,0
uit_000666,mấy bé đừng tưởng giận lại là ngon ạ :v có khi giận lại xog nó giết luôn đấy :),mấy bé đừng tưởng giận lại là ngon ạ :v có khi giận lại xog nó giết luôn đấy :),other,neutral,4
uit_000972,per mở mắt ra đọc đi ! tao như này tất cả là do mày đấy chó ạ !,per mở mắt ra đọc đi ! tao như này tất cả là do mày đấy chó ạ !,anger,anger,0
uit_003947,có con gái thật tuyệt ! 😍,có con gái thật tuyệt ! 😍,enjoyment,happiness,2
uit_004567,con gái không phải là người tham tiền tham trai đẹp tham này nọ đâu nhé ... chẳng qua họ cần tìm chỗ dựa thôi .,con gái không phải là người tham tiền tham trai đẹp tham này nọ đâu nhé ... chẳng qua họ cần tìm chỗ dựa thôi .,other,neutral,4
uit_003039,vcb thu phí dịch vụ cao có khác . lương nv cũng hơn chỗ khác :)),vcb thu phí dịch vụ cao có khác . lương nv cũng hơn chỗ khác :)),enjoyment,happiness,2
uit_004129,có lẽ vậy,có lẽ vậy,other,neutral,4
uit_001792,boss dễ thương vãi lúa,boss dễ thương vãi lúa,enjoyment,happiness,2
uit_001868,nhớ lại thời đi học xa nhà . bếp dầu ... :(,nhớ lại thời đi học xa nhà . bếp dầu ... :(,sadness,sadness,3
uit_000270,đúng rồi mà kệ nó tao đéo quan tâm . chụp cho ai thì chụp,đúng rồi mà kệ nó tao đéo quan tâm . chụp cho ai thì chụp,other,neutral,4
uit_004192,"chưa muốn lấy , cơ hội vẫn chia đều cho tất cả các anh : ))","chưa muốn lấy , cơ hội vẫn chia đều cho tất cả các anh : ))",enjoyment,happiness,2
uit_002677,cưng quá trời luôn,cưng quá trời luôn,enjoyment,happiness,2
uit_001600,"nó gieo cho tao mầm hi vọng , hi vọng vừa chớm nở nó đạp xẹp lép sự hi vọng bằg sự lặng im","nó gieo cho tao mầm hi vọng , hi vọng vừa chớm nở nó đạp xẹp lép sự hi vọng bằg sự lặng im",sadness,sadness,3
uit_003099,công nhận 😌😌😌 đồng nghiệp hạp hạp tí có khi ngồi buôn cả ngày bám hơn cả bám người yêu . đi làm hôm nào cảm thấy hôm đó ý nghĩa vãi,công nhận 😌😌😌 đồng nghiệp hạp hạp tí có khi ngồi buôn cả ngày bám hơn cả bám người yêu . đi làm hôm nào cảm thấy hôm đó ý nghĩa vãi,enjoyment,happiness,2
uit_002869,kết thúc 3 năm cấp 3 là khoảng tg đẹp nhất nhưng nó cho ta nhiều kỷ niệm đầy tiếc nuối 🤔,kết thúc 3 năm cấp 3 là khoảng tg đẹp nhất nhưng nó cho ta nhiều kỷ niệm đầy tiếc nuối 🤔,sadness,sadness,3
uit_001899,tao thấy dễ thương màaaa,tao thấy dễ thương màaaa,enjoyment,happiness,2
uit_002342,họ đã cho ta có mặt ở trên cột đời này rồi còn gì bằng nữa chứ,họ đã cho ta có mặt ở trên cột đời này rồi còn gì bằng nữa chứ,enjoyment,happiness,2
uit_002700,cao quá cũng khổ chứ sung sướng đéo gì 😓,cao quá cũng khổ chứ sung sướng đéo gì 😓,sadness,sadness,3
uit_003588,coi rồi vẫn muốn coi lại 😚😘,coi rồi vẫn muốn coi lại 😚😘,other,neutral,4
uit_000994,hi vọng hòa bình ở triều tiên sẽ không còn xa nữa . goodbye ! # per,hi vọng hòa bình ở triều tiên sẽ không còn xa nữa . goodbye ! # per,sadness,sadness,3
uit_003533,"công ăn việc làm còn chưa ổn định , bố mẹ già còn chưa lo được thì kết hôn để làm gì 😪","công ăn việc làm còn chưa ổn định , bố mẹ già còn chưa lo được thì kết hôn để làm gì 😪",sadness,sadness,3
uit_002164,per nhà mình cũng có nè,per nhà mình cũng có nè,other,neutral,4
uit_001308,tạm biệt ánh sáng của đời tao,tạm biệt ánh sáng của đời tao,sadness,sadness,3
uit_000245,phải đối xử tốt với chính bản thân mình :),phải đối xử tốt với chính bản thân mình :),enjoyment,happiness,2
uit_004271,thoáng chốc thành đống sắt vụn,thoáng chốc thành đống sắt vụn,other,neutral,4
uit_004677,quan trọng là nhiều tiền để rót trước,quan trọng là nhiều tiền để rót trước,other,neutral,4
uit_004355,"đúng thế , ở đâu cũng được đâu nhất thiết phải ở đây","đúng thế , ở đâu cũng được đâu nhất thiết phải ở đây",enjoyment,happiness,2
uit_002267,không những hạnh phúc tao còn cứng nữa :)),không những hạnh phúc tao còn cứng nữa :)),enjoyment,happiness,2
uit_004441,"tao không khóc , tao nghĩ ... tao sau này có một phút nào đó muốn quay lại hay không ...","tao không khóc , tao nghĩ ... tao sau này có một phút nào đó muốn quay lại hay không ...",other,neutral,4
uit_000846,chợt nhớ câu hát ông bà anh yêu nhau thời chưa có xe hơi ...,chợt nhớ câu hát ông bà anh yêu nhau thời chưa có xe hơi ...,other,neutral,4
uit_001413,dm con già mà hành xử trâu chó . đời nó sẽ gặp báo ứng,dm con già mà hành xử trâu chó . đời nó sẽ gặp báo ứng,anger,anger,0
uit_002986,hi vọng câu chuyện admin vừa bịa ra giúp các bạn có thêm niềm tin trong cuộc sống 😂.,hi vọng câu chuyện admin vừa bịa ra giúp các bạn có thêm niềm tin trong cuộc sống 😂.,enjoyment,happiness,2
uit_003894,"bọn giết người không dao tử hình cái thằng cung cấp thực phẩm bẩn vào trường , những đứa liên quan còn lại cho vào tù hết .","bọn giết người không dao tử hình cái thằng cung cấp thực phẩm bẩn vào trường , những đứa liên quan còn lại cho vào tù hết .",anger,anger,0
uit_004151,"nhiều kỷ niệm đẹp , giờ nhìn mấy đứa nhóc đi học mà muốn quay về quá khứ .","nhiều kỷ niệm đẹp , giờ nhìn mấy đứa nhóc đi học mà muốn quay về quá khứ .",sadness,sadness,3
uit_003419,"đúng mất vài giay để nói lời yêu thương , nhưng phải mất cả đời mới chứng minh được , cháu rất ngưỡng mộ ông bà !","đúng mất vài giay để nói lời yêu thương , nhưng phải mất cả đời mới chứng minh được , cháu rất ngưỡng mộ ông bà !",enjoyment,happiness,2
uit_003805,trời ơi tao chóng mặt quá đi :((,trời ơi tao chóng mặt quá đi :((,sadness,sadness,3
uit_001813,nhìn cái ngành giáo dục việt nam bây giờ ai cũng mệt mỏi,nhìn cái ngành giáo dục việt nam bây giờ ai cũng mệt mỏi,sadness,sadness,3
uit_001575,"đúng vại , với ai nó cũng tỏ ra như thế . hihi 😂","đúng vại , với ai nó cũng tỏ ra như thế . hihi 😂",enjoyment,happiness,2
uit_003344,húp trọn sàn nhà 😁😁😁,húp trọn sàn nhà 😁😁😁,enjoyment,happiness,2
uit_004034,về vườn rồi sớm quá,về vườn rồi sớm quá,other,neutral,4
uit_000303,không muốn huhu,không muốn huhu,sadness,sadness,3
uit_004939,chỉ mới hỏi về người khác giới cái là bị gán là thích bạn đó luôn mí sợ :(,chỉ mới hỏi về người khác giới cái là bị gán là thích bạn đó luôn mí sợ :(,sadness,sadness,3
uit_000515,lỡ bị tào tháo rượt mà cái wc bên kia thì nhảy thế nào nhỉ,lỡ bị tào tháo rượt mà cái wc bên kia thì nhảy thế nào nhỉ,other,neutral,4
uit_001421,đẹp trai v :((((,đẹp trai v :((((,enjoyment,happiness,2
uit_005191,thấy per hất môg thằg đó bay hài lòng dễ sợ,thấy per hất môg thằg đó bay hài lòng dễ sợ,enjoyment,happiness,2
uit_003133,món này ngon vãi,món này ngon vãi,enjoyment,happiness,2
uit_003122,tình yêu là sự mù quáng mà hix,tình yêu là sự mù quáng mà hix,sadness,sadness,3
uit_002206,xử tử hiệu trưởng . nhà nước phải làm thẳng tay bọn chó,xử tử hiệu trưởng . nhà nước phải làm thẳng tay bọn chó,anger,anger,0
uit_004811,"tên của tao nghe rất bình thương , không có gì đặc sắc nên nhiều khi nghĩ cùng buồn tẹo .","tên của tao nghe rất bình thương , không có gì đặc sắc nên nhiều khi nghĩ cùng buồn tẹo .",sadness,sadness,3
uit_002205,chẳng biết nói gì . xem video em cười suốt mà lòng tôi không thấy vui tẹo nào . thương em,chẳng biết nói gì . xem video em cười suốt mà lòng tôi không thấy vui tẹo nào . thương em,sadness,sadness,3
uit_000683,a per doi dap rat tuyet voi . chuc anh thanh cong trong vu nay .,a per doi dap rat tuyet voi . chuc anh thanh cong trong vu nay .,enjoyment,happiness,2
uit_002566,có ai xem xong không sợ với không giật mình như tao không @@,có ai xem xong không sợ với không giật mình như tao không @@,enjoyment,happiness,2
uit_001752,vậy cứ mở mồm chó ra đổ thừa trung quốc . toàn mình giết mình,vậy cứ mở mồm chó ra đổ thừa trung quốc . toàn mình giết mình,anger,anger,0
uit_001400,per gặp thần tượng mỗi ngày kkk,per gặp thần tượng mỗi ngày kkk,enjoyment,happiness,2
uit_000092,per =)))))) hít đi cho no chứ mắc công lại chửi tao không biết điều giở trò trước mặt cẩu fa như mày :),per =)))))) hít đi cho no chứ mắc công lại chửi tao không biết điều giở trò trước mặt cẩu fa như mày :),enjoyment,happiness,2
uit_003573,"tuyệt với , ước mơ hồi nhỏ của tôi đã được cậu bé này thực hiện","tuyệt với , ước mơ hồi nhỏ của tôi đã được cậu bé này thực hiện",enjoyment,happiness,2
uit_000670,bao giờ mua bánh tặng gấu thì tao mới mua nhá . ở đấy mà chê tao bất hạnh,bao giờ mua bánh tặng gấu thì tao mới mua nhá . ở đấy mà chê tao bất hạnh,anger,anger,0
uit_002485,tài sản thời bao cấp ...,tài sản thời bao cấp ...,other,neutral,4
uit_001727,per hihi nhớ không,per hihi nhớ không,enjoyment,happiness,2
uit_002418,per mày cũng có tình yêu từ nơi đây phải không ?,per mày cũng có tình yêu từ nơi đây phải không ?,other,neutral,4
uit_002921,bà này khác gì lũ đa cấp đi lừa đảo đâu sao không cho vô tù,bà này khác gì lũ đa cấp đi lừa đảo đâu sao không cho vô tù,anger,anger,0
uit_003111,đm phải tao tao chửi mả bố nhà chúng nó lên chứ trêu trêu cái lol 😒😒 vả cho mỗi thằng ml vài cái chứ ở đấy cho chúng nó quây rồi nhăn nhỉ với nhau ..,đm phải tao tao chửi mả bố nhà chúng nó lên chứ trêu trêu cái lol 😒😒 vả cho mỗi thằng ml vài cái chứ ở đấy cho chúng nó quây rồi nhăn nhỉ với nhau ..,anger,anger,0
uit_004208,ngoài mấy cảnh nhảy múa hát hò vớ vẩn ra thì phim hay,ngoài mấy cảnh nhảy múa hát hò vớ vẩn ra thì phim hay,enjoyment,happiness,2
uit_000996,thằng nào chưa bước vào quán bar hay karaoke giống tao không 😂 trai ngoan điểm danh 😄,thằng nào chưa bước vào quán bar hay karaoke giống tao không 😂 trai ngoan điểm danh 😄,enjoyment,happiness,2
uit_004641,"nguy hiểm lắm , ngồi nhà lướt facebook thôi mà không cẩn thận thì mất tim lúc nào không biết","nguy hiểm lắm , ngồi nhà lướt facebook thôi mà không cẩn thận thì mất tim lúc nào không biết",fear,fear,1
uit_004957,đôi khi thích nói chuyện chỉ vì nói chuyện hợp và vì thích nói chuyện chứ thật ra chả phải yêu đương hay thích kiểu trai gái gì,đôi khi thích nói chuyện chỉ vì nói chuyện hợp và vì thích nói chuyện chứ thật ra chả phải yêu đương hay thích kiểu trai gái gì,other,neutral,4
uit_002720,vui tính tí cũng khó cơ,vui tính tí cũng khó cơ,sadness,sadness,3
uit_004529,hai ông bà thật hạnh phúc,hai ông bà thật hạnh phúc,enjoyment,happiness,2
uit_004601,nếu không gãy đó la 1 bài quyền đẹp rồi :((,nếu không gãy đó la 1 bài quyền đẹp rồi :((,sadness,sadness,3
uit_002997,vì tiền mà làm đau làm khổ người khác như thế này sao 😔,vì tiền mà làm đau làm khổ người khác như thế này sao 😔,sadness,sadness,3
uit_002701,ai cũng nói tao đẹp troai . hiền lành nhưng chưa biết lúc tao lên cơn 😂😂😁,ai cũng nói tao đẹp troai . hiền lành nhưng chưa biết lúc tao lên cơn 😂😂😁,enjoyment,happiness,2
uit_002498,rụng tim 😭,rụng tim 😭,sadness,sadness,3
uit_002361,sở khanh như boss chịu liền .. đẹp trai quá trời ui,sở khanh như boss chịu liền .. đẹp trai quá trời ui,enjoyment,happiness,2
uit_004345,mình làm ở sài gòn gặp nhiều bạn ở miền ngoài nhưng thích nghe nhất giọng ở phú yên nghe hay hay sau ah có ai vậy không,mình làm ở sài gòn gặp nhiều bạn ở miền ngoài nhưng thích nghe nhất giọng ở phú yên nghe hay hay sau ah có ai vậy không,enjoyment,happiness,2
uit_002102,kiện chết mẹ mấy con súc vật đó đi,kiện chết mẹ mấy con súc vật đó đi,anger,anger,0
uit_002099,per nghe có vẻ hợp lí nhỉ ?,per nghe có vẻ hợp lí nhỉ ?,other,neutral,4
uit_000528,lâu lắm rồi mới nge lại bài này ... vẫn thấy hay như ngày nào ...,lâu lắm rồi mới nge lại bài này ... vẫn thấy hay như ngày nào ...,enjoyment,happiness,2
uit_002692,hình như câu này quen quen ý le tuyet nguyen nhỉ,hình như câu này quen quen ý le tuyet nguyen nhỉ,other,neutral,4
uit_000765,hồi đó tao lấy cái đó kẻ tập luôn kiểu làm màu mè cho đẹp xong lên trả bài bị bà cô trừ điểm ????,hồi đó tao lấy cái đó kẻ tập luôn kiểu làm màu mè cho đẹp xong lên trả bài bị bà cô trừ điểm ????,sadness,sadness,3
uit_001764,này làm mình liên tưởng tới hoá,này làm mình liên tưởng tới hoá,other,neutral,4
uit_004147,1 lần thôi cũng đủ xao xuyến anh rồi,1 lần thôi cũng đủ xao xuyến anh rồi,enjoyment,happiness,2
uit_002846,"võ nghệ cao siêu đến mấy cũng phụ thuộc vào hung khí , em biết được điều này lên không bao giờ em học võ mà tự xắm cho mình khẩu hoa cải !","võ nghệ cao siêu đến mấy cũng phụ thuộc vào hung khí , em biết được điều này lên không bao giờ em học võ mà tự xắm cho mình khẩu hoa cải !",enjoyment,happiness,2
uit_004397,bếp dầu hỏa chứ cái gì,bếp dầu hỏa chứ cái gì,other,neutral,4
uit_000383,"per :))) tuy anh hay bắt nạt , giấu đồ và ăn bòn đồ ăn của em nhưng nếu thiếu anh thì công việc sẽ trở nên căng thẳng phết đó 😭","per :))) tuy anh hay bắt nạt , giấu đồ và ăn bòn đồ ăn của em nhưng nếu thiếu anh thì công việc sẽ trở nên căng thẳng phết đó 😭",sadness,sadness,3
uit_003979,"và mày chỉ cần lùi về sau , như ít quan tâm và nhắn tin lại mày sẻ cua được crush 😎😎","và mày chỉ cần lùi về sau , như ít quan tâm và nhắn tin lại mày sẻ cua được crush 😎😎",enjoyment,happiness,2
uit_004552,lỗi tại thằng bán hàng,lỗi tại thằng bán hàng,other,neutral,4
uit_002249,cay đắng và mặn :(,cay đắng và mặn :(,sadness,sadness,3
uit_001724,tao lại lấy mỡ đè chết mày bây giờ,tao lại lấy mỡ đè chết mày bây giờ,anger,anger,0
uit_005218,cung quá ak,cung quá ak,enjoyment,happiness,2
uit_004970,tao đây chứ còn ai,tao đây chứ còn ai,other,neutral,4
uit_001588,tao tưởng tượng sau này sẽ có 1 thằng bồ vừa điên vừa ngáo giống tao .. chắc vui hết sảy 🤣,tao tưởng tượng sau này sẽ có 1 thằng bồ vừa điên vừa ngáo giống tao .. chắc vui hết sảy 🤣,enjoyment,happiness,2
uit_001119,giá mà có ai để giận :v,giá mà có ai để giận :v,sadness,sadness,3
uit_000642,đáng yêu vại trời,đáng yêu vại trời,enjoyment,happiness,2
uit_002162,"3 idiots , bộ phim rất đáng xem","3 idiots , bộ phim rất đáng xem",enjoyment,happiness,2
uit_000151,hạnh phúc to nè,hạnh phúc to nè,enjoyment,happiness,2
uit_003203,cưng quá :))),cưng quá :))),enjoyment,happiness,2
uit_004327,biết trân trọng những gì mình đang có ☺️,biết trân trọng những gì mình đang có ☺️,enjoyment,happiness,2
uit_004374,may quá . vài năm trước khi đi nẹp răng mình không phải chụp xquang,may quá . vài năm trước khi đi nẹp răng mình không phải chụp xquang,enjoyment,happiness,2
uit_003768,bất cái con cặc . 21 cái trung thu tao vẫn 1 mình . tao có thấy bất hạnh đâu . khẩu nghiệp,bất cái con cặc . 21 cái trung thu tao vẫn 1 mình . tao có thấy bất hạnh đâu . khẩu nghiệp,anger,anger,0
uit_004749,"ko nói nhiều chỉ ủng hộ anh per vì thấy thái độ trước tòa là hiểu anh per hoàn toàn chân chất , không có thủ đoạn gì hết","ko nói nhiều chỉ ủng hộ anh per vì thấy thái độ trước tòa là hiểu anh per hoàn toàn chân chất , không có thủ đoạn gì hết",sadness,sadness,3
uit_001126,xin lỗi mày nhưng tao đọc buồn cười,xin lỗi mày nhưng tao đọc buồn cười,enjoyment,happiness,2
uit_003769,số tao không được ăn uống mà :((,số tao không được ăn uống mà :((,sadness,sadness,3
uit_003879,ô .. còn lâu lắm ...,ô .. còn lâu lắm ...,other,neutral,4
uit_003599,tao giận bạn trai tao và 5 ngày rồi nó đéo dỗ tao luôn hix,tao giận bạn trai tao và 5 ngày rồi nó đéo dỗ tao luôn hix,sadness,sadness,3
uit_002854,hmm hãy tưởng tượng nó là một chú gián xink xắm xoè cánh thiên thần bay đến ... 😞,hmm hãy tưởng tượng nó là một chú gián xink xắm xoè cánh thiên thần bay đến ... 😞,enjoyment,happiness,2
uit_004590,cảm giác vừa uống cà phê vừa hát mỗi ngày bình an lắm,cảm giác vừa uống cà phê vừa hát mỗi ngày bình an lắm,enjoyment,happiness,2
uit_001185,cưng gì đâu,cưng gì đâu,enjoyment,happiness,2
uit_003336,"thà biết rồi đau 1 lần cho tởn rồi thôi , chứ đừng để nỗi đau cứ day dẳn giằng xé mãi cả đời ☻","thà biết rồi đau 1 lần cho tởn rồi thôi , chứ đừng để nỗi đau cứ day dẳn giằng xé mãi cả đời ☻",sadness,sadness,3
uit_004259,anh đã mơ về một ngôi nhà và những đứa trẻ 🤦🏻‍♂️,anh đã mơ về một ngôi nhà và những đứa trẻ 🤦🏻‍♂️,enjoyment,happiness,2
uit_000097,"đừng nên thích mấy ông anh cơ bắp , sợ lắm 😆","đừng nên thích mấy ông anh cơ bắp , sợ lắm 😆",fear,fear,1
uit_000610,án mà cứ xử như vậy thì sao có được lòng dân,án mà cứ xử như vậy thì sao có được lòng dân,sadness,sadness,3
uit_004835,nấu mì 2 tôm là vô địch,nấu mì 2 tôm là vô địch,enjoyment,happiness,2
uit_004796,hú hồn cái lồn còn nguyên :),hú hồn cái lồn còn nguyên :),fear,fear,1
uit_005243,còn gì đau hơn,còn gì đau hơn,sadness,sadness,3
uit_002085,đã từng . hix,đã từng . hix,sadness,sadness,3
uit_002179,disss giật hết cả mình .:)),disss giật hết cả mình .:)),fear,fear,1
uit_000848,lạc quan lên cưng ❤,lạc quan lên cưng ❤,enjoyment,happiness,2
uit_001244,chỉ có màn hình là xấu thui,chỉ có màn hình là xấu thui,other,neutral,4
uit_000096,nói tiếng tuy hoà phú yên làm tao nhớ đến nyc . giọng nó sao ngọt không thể tả . buồn,nói tiếng tuy hoà phú yên làm tao nhớ đến nyc . giọng nó sao ngọt không thể tả . buồn,sadness,sadness,3
uit_002215,"tuổi thơ của tao sợ nhất là con này , không làm gì mà nó cũng rược , suốt ngày thì kêu um sùm","tuổi thơ của tao sợ nhất là con này , không làm gì mà nó cũng rược , suốt ngày thì kêu um sùm",fear,fear,1
uit_000797,chính xác ! nơi làm việc anh em mà đoàn kết với nhau cỡ nào cũng thấy mau hết giờ làm . 😊😊😊,chính xác ! nơi làm việc anh em mà đoàn kết với nhau cỡ nào cũng thấy mau hết giờ làm . 😊😊😊,enjoyment,happiness,2
uit_000634,thật ra mấy đứa bị chửi nhiều thế này ra đời lại biết cư xử hơn những đứa khác .,thật ra mấy đứa bị chửi nhiều thế này ra đời lại biết cư xử hơn những đứa khác .,other,neutral,4
uit_003821,hy vọng mọi điều tốt đẹp sẽ tới,hy vọng mọi điều tốt đẹp sẽ tới,enjoyment,happiness,2
uit_004297,chúng mày có thể bỏ ra 30s thả tim vào avatar coi như lì xì muộn cho tao được không ? chưa bao giờ được 30 tim buồn v . lol 😭😭😭😭,chúng mày có thể bỏ ra 30s thả tim vào avatar coi như lì xì muộn cho tao được không ? chưa bao giờ được 30 tim buồn v . lol 😭😭😭😭,sadness,sadness,3
uit_001779,em ấy đang ở đâu ạ,em ấy đang ở đâu ạ,other,neutral,4
uit_001360,cưng thiệt chớ ????,cưng thiệt chớ ????,enjoyment,happiness,2
uit_000189,thả tao ra để tao cắn chết mẹ nó =)),thả tao ra để tao cắn chết mẹ nó =)),anger,anger,0
uit_002988,"đồng nghiệp tốt , chị em tốt đi làm như đi chơi :)) chứ làm cùng với mấy con mlz đáng sợ lắm :))","đồng nghiệp tốt , chị em tốt đi làm như đi chơi :)) chứ làm cùng với mấy con mlz đáng sợ lắm :))",fear,fear,1
uit_003434,"con này còn hại hơn cả ốc bươu vàng . cấm nhanh còn kịp , để nó ra ngoài thì chỉ có người nông dân thiệt thôi","con này còn hại hơn cả ốc bươu vàng . cấm nhanh còn kịp , để nó ra ngoài thì chỉ có người nông dân thiệt thôi",fear,fear,1
uit_003571,nghĩ mà buồn vãi =)),nghĩ mà buồn vãi =)),sadness,sadness,3
uit_000583,haha . dễ thương gê 😊😘😘,haha . dễ thương gê 😊😘😘,enjoyment,happiness,2
uit_004763,có ai như tao vô đọc bình luận 🤣 tao cười tao xĩu,có ai như tao vô đọc bình luận 🤣 tao cười tao xĩu,enjoyment,happiness,2
uit_004861,"t cũng thế . đang ngồi chơi với con , vợ nó đắp mặt nạ lù lù bước vào . xém đái trog quần ??????","t cũng thế . đang ngồi chơi với con , vợ nó đắp mặt nạ lù lù bước vào . xém đái trog quần ??????",fear,fear,1
uit_001327,moá cưng quá ??,moá cưng quá ??,enjoyment,happiness,2
uit_001110,nhưng mà từ giờ trở đi đéo được tiếp xúc rồiii,nhưng mà từ giờ trở đi đéo được tiếp xúc rồiii,sadness,sadness,3
uit_000900,coi phim này không .. dễ thương lắm ..,coi phim này không .. dễ thương lắm ..,enjoyment,happiness,2
uit_003158,tao nhìn sợ vãi,tao nhìn sợ vãi,fear,fear,1
uit_004361,cho mình hỏi ngu tí . pháp là ở đâu,cho mình hỏi ngu tí . pháp là ở đâu,other,neutral,4
uit_002007,chơi cái kiểu này nè :)) per,chơi cái kiểu này nè :)) per,enjoyment,happiness,2
uit_002421,ủa rồi ra nắm xe tải kéo ra như kéo xe đồ chơi dị ba,ủa rồi ra nắm xe tải kéo ra như kéo xe đồ chơi dị ba,other,neutral,4
uit_003219,vậy là thế giới mất đi không biết bao nhiêu món nướng rồi :(,vậy là thế giới mất đi không biết bao nhiêu món nướng rồi :(,sadness,sadness,3
uit_003466,douma đứng trong nhà cũng không yên cái thân,douma đứng trong nhà cũng không yên cái thân,anger,anger,0
uit_004483,đắng lắm .. mà qua rồi nên bỏ đi .. khẩu nghiệp nữa,đắng lắm .. mà qua rồi nên bỏ đi .. khẩu nghiệp nữa,other,neutral,4
uit_002742,"chúc mày mau khỏi nhá , team thích ăn thịt gà như tao ??","chúc mày mau khỏi nhá , team thích ăn thịt gà như tao ??",other,neutral,4
uit_003677,biết ngay anh per lại mượn đầm của vợ :)))),biết ngay anh per lại mượn đầm của vợ :)))),enjoyment,happiness,2
uit_000464,xem video nay sao mà sướng hết thằng người,xem video nay sao mà sướng hết thằng người,enjoyment,happiness,2
uit_001382,mua thêm vài trăm con cá xấu thả chắc vui hơn,mua thêm vài trăm con cá xấu thả chắc vui hơn,enjoyment,happiness,2
uit_000742,vợ chồng đã hiểu và sống tốt . thì với tôi ngày nào cũng là ngày tao / y .,vợ chồng đã hiểu và sống tốt . thì với tôi ngày nào cũng là ngày tao / y .,enjoyment,happiness,2
uit_004848,lựa chọn cách thức tuyển như thế nào thì tốt quá rồi,lựa chọn cách thức tuyển như thế nào thì tốt quá rồi,enjoyment,happiness,2
uit_003479,khi bạn bất cần vãi đời ... làm việc xấu mà cảm thấy thanh thản vãi 😁,khi bạn bất cần vãi đời ... làm việc xấu mà cảm thấy thanh thản vãi 😁,enjoyment,happiness,2
uit_000247,"móa , thiệt chứ tụi này nuôi làm gì vậy nhỉ ?","móa , thiệt chứ tụi này nuôi làm gì vậy nhỉ ?",anger,anger,0
uit_003628,tao là thằng chưa bao giờ giận người yêu vì người yêu tao không bao giờ làm gì có lỗi hết,tao là thằng chưa bao giờ giận người yêu vì người yêu tao không bao giờ làm gì có lỗi hết,enjoyment,happiness,2
uit_000572,"và cứ mỗi lần mày muốn thấy crush cười , mày lại chạy lại cái gương","và cứ mỗi lần mày muốn thấy crush cười , mày lại chạy lại cái gương",enjoyment,happiness,2
uit_002198,"1 đoạn phim được trích ra tuy ngắn nhưng , chứa 1 thông điệp rất có tầm quan trọng","1 đoạn phim được trích ra tuy ngắn nhưng , chứa 1 thông điệp rất có tầm quan trọng",enjoyment,happiness,2
uit_003115,per còn nhớ hay đã quên,per còn nhớ hay đã quên,other,neutral,4
uit_002012,chủ tịch lén lút dùng đồ của vợ làm vlog và cái kết ?,chủ tịch lén lút dùng đồ của vợ làm vlog và cái kết ?,other,neutral,4
uit_000307,per mang võng ra không lại tủi không thể ngồi,per mang võng ra không lại tủi không thể ngồi,other,neutral,4
uit_002425,thay đổi cái đau đầu luôn,thay đổi cái đau đầu luôn,other,neutral,4
uit_002403,anh tây này đáng yêu chết được cứ tiếng tuy hoà phú yên ma học đi nhá ☺️☺️,anh tây này đáng yêu chết được cứ tiếng tuy hoà phú yên ma học đi nhá ☺️☺️,enjoyment,happiness,2
uit_002746,"ngày chia tay , chúng tôi đã ôm nhau khóc","ngày chia tay , chúng tôi đã ôm nhau khóc",sadness,sadness,3
uit_001463,cảm thấy bị tổn thương,cảm thấy bị tổn thương,sadness,sadness,3
uit_003005,"em ơi , hết rồi 😔 hết rồi , chẳng còn chi nữa đâu em ...","em ơi , hết rồi 😔 hết rồi , chẳng còn chi nữa đâu em ...",sadness,sadness,3
uit_001020,lâu lâu được nghe truyện cổ tích thấy còn niềm tin vào cuộc sống 🤣🤣,lâu lâu được nghe truyện cổ tích thấy còn niềm tin vào cuộc sống 🤣🤣,enjoyment,happiness,2
uit_000728,"ai nói kết có hậu , đầu khấc mất vợ tương lai kia kìa","ai nói kết có hậu , đầu khấc mất vợ tương lai kia kìa",sadness,sadness,3
uit_004421,đừng bỏ tao ra đi mà,đừng bỏ tao ra đi mà,sadness,sadness,3
uit_000500,chưa bao giờ b đến đích là gì cả,chưa bao giờ b đến đích là gì cả,sadness,sadness,3
uit_003470,năm đó mà có được chiếc xe kia thì cũng không phải dạng vừa rồi 👍,năm đó mà có được chiếc xe kia thì cũng không phải dạng vừa rồi 👍,other,neutral,4
uit_005105,chỉ mong ông trời sẽ bù đắp cho con cháu của họ sau này 😔😔,chỉ mong ông trời sẽ bù đắp cho con cháu của họ sau này 😔😔,sadness,sadness,3
uit_000981,bọn mấy bà thì quyền lực vãi rồi,bọn mấy bà thì quyền lực vãi rồi,other,neutral,4
uit_002060,đau nếu còn nghĩ về nhau thì hãy quay về bên nhau :)),đau nếu còn nghĩ về nhau thì hãy quay về bên nhau :)),sadness,sadness,3
uit_000453,per 🤣🤣🤣 để anh vẽ mình xem thế nào nhé,per 🤣🤣🤣 để anh vẽ mình xem thế nào nhé,other,neutral,4
uit_002490,áo xinh thế .. cho tớ mượn đi tiệc nhé !,áo xinh thế .. cho tớ mượn đi tiệc nhé !,enjoyment,happiness,2
uit_001736,ngày xưa mẹ tao dạy ở miền núi . năm tao học lớp 3 lần đầu tiên lên trường với mẹ . đaumoa mấy con ngỗng mất dạy rượt tao leo lên cây phượng cao chót vót cả tiếng không dám xuống .,ngày xưa mẹ tao dạy ở miền núi . năm tao học lớp 3 lần đầu tiên lên trường với mẹ . đaumoa mấy con ngỗng mất dạy rượt tao leo lên cây phượng cao chót vót cả tiếng không dám xuống .,fear,fear,1
uit_004565,per ông xã xem khúc nó kéo xe chở con chó nè :)) đọc bình luận hài hước ghê,per ông xã xem khúc nó kéo xe chở con chó nè :)) đọc bình luận hài hước ghê,enjoyment,happiness,2
uit_002339,"đúng rồi , vàng là phải vàng mới có giá trị , vàng trắng làm gì có giá trị 😥","đúng rồi , vàng là phải vàng mới có giá trị , vàng trắng làm gì có giá trị 😥",sadness,sadness,3
uit_004198,kiểu gì mai cũng lại có vụ rất gì và này nọ cho xem,kiểu gì mai cũng lại có vụ rất gì và này nọ cho xem,other,neutral,4
uit_004762,mấy ai được như vậy ??,mấy ai được như vậy ??,other,neutral,4
uit_003389,best gái ngành hôm nay đắt hàng,best gái ngành hôm nay đắt hàng,enjoyment,happiness,2
uit_005229,crush đéo bị thịt nhé :d nó cũng ế vãi vì tội chảnh chóa,crush đéo bị thịt nhé :d nó cũng ế vãi vì tội chảnh chóa,anger,anger,0
uit_001120,"chân ta cũng là chân đi và giờ bị đứt dây chằng , nằm một chỗ đợi mổ rồi mày . đồng cảm vãi","chân ta cũng là chân đi và giờ bị đứt dây chằng , nằm một chỗ đợi mổ rồi mày . đồng cảm vãi",sadness,sadness,3
uit_000458,"năm nào cũng đi cho có không khí xuân vậy , không đi thì thấy thiếu thiếu . nhà tao cách chợ 10km","năm nào cũng đi cho có không khí xuân vậy , không đi thì thấy thiếu thiếu . nhà tao cách chợ 10km",enjoyment,happiness,2
uit_003217,mình bị say xe bạn à :(((,mình bị say xe bạn à :(((,sadness,sadness,3
uit_002451,"giỏi mà 😁, đúng là thằng tây duy nhất ở vn học tiếng việt mà giọng tuy hoà ( giỏi )🤩","giỏi mà 😁, đúng là thằng tây duy nhất ở vn học tiếng việt mà giọng tuy hoà ( giỏi )🤩",enjoyment,happiness,2
uit_001410,3 giờ sáng nằm xem xong khóc miên man 😢😢,3 giờ sáng nằm xem xong khóc miên man 😢😢,sadness,sadness,3
uit_000035,bản thân cố gắng cũng chẳng dễ dàng gì :((,bản thân cố gắng cũng chẳng dễ dàng gì :((,sadness,sadness,3
uit_004392,chưa ai chịu được,chưa ai chịu được,other,neutral,4
uit_001024,t thấy dễ mà . không biết thì học khác biết . ez vãi,t thấy dễ mà . không biết thì học khác biết . ez vãi,enjoyment,happiness,2
uit_004444,mình đã học được cách giả vờ như không nghe tiếng gì .. còn bị chửi dài dài cho tới khi trưởng thành hãy tập quen với điều ấy :)),mình đã học được cách giả vờ như không nghe tiếng gì .. còn bị chửi dài dài cho tới khi trưởng thành hãy tập quen với điều ấy :)),other,neutral,4
uit_003458,lụm điều cho ba má . 2 ngàn 1 ngày bỏ heo đất . thằng hàng xóm vô trộm mất . khóc lóc mấy ngày .,lụm điều cho ba má . 2 ngàn 1 ngày bỏ heo đất . thằng hàng xóm vô trộm mất . khóc lóc mấy ngày .,sadness,sadness,3
uit_004869,"làm ca nào không quan trọng , quan trọng là có đồng bọn bảo yến nguyễn hạnh 🤣🤣🤣","làm ca nào không quan trọng , quan trọng là có đồng bọn bảo yến nguyễn hạnh 🤣🤣🤣",enjoyment,happiness,2
uit_004437,hay quá,hay quá,enjoyment,happiness,2
uit_001149,ôi gu mình !! mà phim lâu quá rùi giờ mà đóng lại bản khác thì không biết sao haaa,ôi gu mình !! mà phim lâu quá rùi giờ mà đóng lại bản khác thì không biết sao haaa,enjoyment,happiness,2
uit_000112,"thật tốt vì chú chó ấy đã tìm được người yêu thương nó , kiên trì để nó tin tưởng thật sự :"">","thật tốt vì chú chó ấy đã tìm được người yêu thương nó , kiên trì để nó tin tưởng thật sự :"">",enjoyment,happiness,2
uit_001814,mẹ đang buồn ỉa mà trên đường về gặp mớ gờ giảm tốc kia thì phọt bà ra quần 😨,mẹ đang buồn ỉa mà trên đường về gặp mớ gờ giảm tốc kia thì phọt bà ra quần 😨,fear,fear,1
uit_001553,tối nay chồng tương lai sẽ đưa con khác đi chơi 😆😆😆,tối nay chồng tương lai sẽ đưa con khác đi chơi 😆😆😆,sadness,sadness,3
uit_002990,"và cô gái ăn cái bánh vài năm vẫn chưa xong ,","và cô gái ăn cái bánh vài năm vẫn chưa xong ,",other,neutral,4
uit_005017,đấy thấy chưa con người ta khổ như thế,đấy thấy chưa con người ta khổ như thế,sadness,sadness,3
uit_003547,xuống đi nó không cắn đâu,xuống đi nó không cắn đâu,other,neutral,4
uit_004307,thích cái bộ đồ ngủ gê 😂,thích cái bộ đồ ngủ gê 😂,enjoyment,happiness,2
uit_004393,em mong chỗ tiền anh kiếm được không bị vợ giữ nốt 🤣,em mong chỗ tiền anh kiếm được không bị vợ giữ nốt 🤣,other,neutral,4
uit_000043,cả tuần không được nói chuyện,cả tuần không được nói chuyện,sadness,sadness,3
uit_002620,"thương vãi , yêu vãi 😍😍😍 tao cũng thèm có em","thương vãi , yêu vãi 😍😍😍 tao cũng thèm có em",enjoyment,happiness,2
uit_003345,nhanh ghê mới đó đã 9 năm rồi 😢,nhanh ghê mới đó đã 9 năm rồi 😢,sadness,sadness,3
uit_005203,cuộc sống của mình đừng hỏi ý kiến người khác,cuộc sống của mình đừng hỏi ý kiến người khác,other,neutral,4
uit_001711,chỉ khổ thân bọn trẻ thôi đau sót lắm,chỉ khổ thân bọn trẻ thôi đau sót lắm,sadness,sadness,3
uit_005255,vl gần nhà,vl gần nhà,other,neutral,4
uit_004119,mình cũng một thời gắn bó với nó,mình cũng một thời gắn bó với nó,enjoyment,happiness,2
uit_003621,tao hiểu mà,tao hiểu mà,other,neutral,4
uit_004506,đề thi rồi cũng lỗi được !!! bực mình,đề thi rồi cũng lỗi được !!! bực mình,anger,anger,0
uit_000927,rồi mấy đứa chân ngắn đi chắc dập người hết . bay qua sao nổi =)))),rồi mấy đứa chân ngắn đi chắc dập người hết . bay qua sao nổi =)))),fear,fear,1
uit_004747,"công nhận năm nay tiến triển hơn , đợi 2 bà chị đi hẹn hò về còn có scl mà ăn ké :v","công nhận năm nay tiến triển hơn , đợi 2 bà chị đi hẹn hò về còn có scl mà ăn ké :v",sadness,sadness,3
uit_002411,phải biết thiên thời địa lợi nhân hòa 😐😐,phải biết thiên thời địa lợi nhân hòa 😐😐,other,neutral,4
uit_002193,"hay ta , hay ta","hay ta , hay ta",enjoyment,happiness,2
uit_002977,"ước gì mèo nhà mình cũng có thể về nhà như vậy , mất ẻm được 2 năm rồi :(((","ước gì mèo nhà mình cũng có thể về nhà như vậy , mất ẻm được 2 năm rồi :(((",sadness,sadness,3
uit_001852,"đó là những cô gái cần được bảo tồn , vì biết lo nghĩ đến thứ anh ta đang nghĩ","đó là những cô gái cần được bảo tồn , vì biết lo nghĩ đến thứ anh ta đang nghĩ",other,neutral,4
uit_001862,bộ phim này hay từng đoạt giải oscar có lẽ là bộ hay nhất của ấn độ,bộ phim này hay từng đoạt giải oscar có lẽ là bộ hay nhất của ấn độ,enjoyment,happiness,2
uit_002960,thề cưng thiệc sự =)),thề cưng thiệc sự =)),enjoyment,happiness,2
uit_002515,ng ta cuối cùng thì cũng được còn tôi thì never 😞,ng ta cuối cùng thì cũng được còn tôi thì never 😞,sadness,sadness,3
uit_003294,có người yêu coi bộ cũng vui 🙂,có người yêu coi bộ cũng vui 🙂,enjoyment,happiness,2
uit_003385,chụy hiền quá mòa ... sao chọc chị điên vậy ... đụ má tụi bây ..,chụy hiền quá mòa ... sao chọc chị điên vậy ... đụ má tụi bây ..,anger,anger,0
uit_004786,chắc chắn bố của bạn này là một người vui tính chứ không phải khó tính . khiếu khôi hài bạn ấy ảnh hưởng từ bố .,chắc chắn bố của bạn này là một người vui tính chứ không phải khó tính . khiếu khôi hài bạn ấy ảnh hưởng từ bố .,enjoyment,happiness,2
uit_004748,"sống trong một gia đình nhiều áp lực và lúc nào cũng chửi bới như vậy , tạo hóa đã ban tặng cho em bộ nhá khá là tươi để cân bằng cuộc sống","sống trong một gia đình nhiều áp lực và lúc nào cũng chửi bới như vậy , tạo hóa đã ban tặng cho em bộ nhá khá là tươi để cân bằng cuộc sống",enjoyment,happiness,2
uit_002725,xã hội giờ càng ít nói như tao thì càng ngoan hiền,xã hội giờ càng ít nói như tao thì càng ngoan hiền,other,neutral,4
uit_001621,tao đang cố un crush nhưng khi xem xong video trên thì ..........( khóc không ra nước mắt ),tao đang cố un crush nhưng khi xem xong video trên thì ..........( khóc không ra nước mắt ),sadness,sadness,3
uit_003917,công nhận nó phê như vậy thật 😂,công nhận nó phê như vậy thật 😂,enjoyment,happiness,2
uit_004007,mới đi nhổ răng số 8 và chụp 😞,mới đi nhổ răng số 8 và chụp 😞,sadness,sadness,3
uit_003341,gáy sớm để làm gì cơ chứ haizz,gáy sớm để làm gì cơ chứ haizz,sadness,sadness,3
uit_002634,"thiệt là cao minh , hahaaa","thiệt là cao minh , hahaaa",enjoyment,happiness,2
uit_001012,per xem đi haha,per xem đi haha,enjoyment,happiness,2
uit_004311,xem xong hết cái video mà cảm thấy buồn cho cái xã hội bây giờ,xem xong hết cái video mà cảm thấy buồn cho cái xã hội bây giờ,sadness,sadness,3
uit_001472,per đừng lầm tưởng,per đừng lầm tưởng,other,neutral,4
uit_002844,"đỗ ở đường cấm đỗ và đỗ gần ngã ba là sai hoàn toàn rồi vẫn có người vào bênh . em là chủ thớt thì em cứ để họ đỗ thoải mái rồi gọi phường tới làm việc thôi , cần gì phải nói nhiều","đỗ ở đường cấm đỗ và đỗ gần ngã ba là sai hoàn toàn rồi vẫn có người vào bênh . em là chủ thớt thì em cứ để họ đỗ thoải mái rồi gọi phường tới làm việc thôi , cần gì phải nói nhiều",anger,anger,0
uit_003699,xem tới đây dume ứa nước mắt 😞,xem tới đây dume ứa nước mắt 😞,sadness,sadness,3
uit_004236,tam đảo trời đẹp các mem à,tam đảo trời đẹp các mem à,enjoyment,happiness,2
uit_004418,hàng nông sản việt nam là thứ bị cạnh tranh và phá hoại nhìu nhất 😣,hàng nông sản việt nam là thứ bị cạnh tranh và phá hoại nhìu nhất 😣,sadness,sadness,3
uit_003524,nhưng tối qua nhà tao có mưa đâu,nhưng tối qua nhà tao có mưa đâu,other,neutral,4
uit_001141,trong 1 năm đó bố mẹ ông cho ông 10 tỷ đố là tiêu vặt và 1 con lám bồ để đi giao hàng,trong 1 năm đó bố mẹ ông cho ông 10 tỷ đố là tiêu vặt và 1 con lám bồ để đi giao hàng,other,neutral,4
uit_004490,"đó là kiểu người thích cuộc sống về đêm và ghét sự thay đổi , về mọi thứ !","đó là kiểu người thích cuộc sống về đêm và ghét sự thay đổi , về mọi thứ !",other,neutral,4
uit_003881,cho nó đỗ tí mất gì đâu,cho nó đỗ tí mất gì đâu,other,neutral,4
uit_004089,cách anh ấy chạy thật là đàng ông quá đi mà 😂😂,cách anh ấy chạy thật là đàng ông quá đi mà 😂😂,enjoyment,happiness,2
uit_002190,ko biết crush bây giờ có ở nhà không nữa 😭😭😭😭,ko biết crush bây giờ có ở nhà không nữa 😭😭😭😭,sadness,sadness,3
uit_001066,kaka cái mặt bà kìa,kaka cái mặt bà kìa,enjoyment,happiness,2
uit_003150,"coi khúc đầu không hiểu , đến lúc ổng bước ra khỏi làn khói , thật không thể cầm được nước mắt","coi khúc đầu không hiểu , đến lúc ổng bước ra khỏi làn khói , thật không thể cầm được nước mắt",sadness,sadness,3
uit_002902,cổ tích thôi nhé . tao mới bị hỏi vì rẽ không xi nhan . và anh chỉ nhẹ nhàng phán 1 câu : ‘’ 2 triệu đưa đây không thôi mai cầm 3 triệu lên đồn nhận xe nhé ’’ anh thật là dễ thương 🙂,cổ tích thôi nhé . tao mới bị hỏi vì rẽ không xi nhan . và anh chỉ nhẹ nhàng phán 1 câu : ‘’ 2 triệu đưa đây không thôi mai cầm 3 triệu lên đồn nhận xe nhé ’’ anh thật là dễ thương 🙂,enjoyment,happiness,2
uit_002589,đây là kiểu tự tay bóp dái nè,đây là kiểu tự tay bóp dái nè,other,neutral,4
uit_003350,giờ tao mới nhớ tao đã từng :)),giờ tao mới nhớ tao đã từng :)),enjoyment,happiness,2
uit_001522,gd năm nay chán,gd năm nay chán,sadness,sadness,3
uit_001041,trông anh thần thái vãi :v,trông anh thần thái vãi :v,enjoyment,happiness,2
uit_002992,viết tên anh trên cát cho sóng đập nát cái matlon anh :)),viết tên anh trên cát cho sóng đập nát cái matlon anh :)),enjoyment,happiness,2
uit_003994,quả váy màu hường nam tính .,quả váy màu hường nam tính .,other,neutral,4
uit_000632,per anh ơi đừng gym nữa . boxing là đụ rùi :((,per anh ơi đừng gym nữa . boxing là đụ rùi :((,sadness,sadness,3
uit_002968,mình có xài rồi nè hồi lúc đi làm xí nghiêp gọi là lò xô đổ dầu xài,mình có xài rồi nè hồi lúc đi làm xí nghiêp gọi là lò xô đổ dầu xài,other,neutral,4
uit_001423,per nghe lại buồn vãi,per nghe lại buồn vãi,sadness,sadness,3
uit_003132,per theo vợ nghĩ nếu là chồng thì chắc con đó dù là giả cũng sẽ lên nồi,per theo vợ nghĩ nếu là chồng thì chắc con đó dù là giả cũng sẽ lên nồi,enjoyment,happiness,2
uit_003128,hãy cảm ơn vì chúa đã ban em cho chị 😂😂,hãy cảm ơn vì chúa đã ban em cho chị 😂😂,enjoyment,happiness,2
uit_004352,lại sắp đánh án lớn,lại sắp đánh án lớn,other,neutral,4
uit_002759,"ra đi là lựa chọn đúng , ở lại incheon để gánh team làm gì cho mệt ra lại bị tiếng xấu .","ra đi là lựa chọn đúng , ở lại incheon để gánh team làm gì cho mệt ra lại bị tiếng xấu .",enjoyment,happiness,2
uit_003038,tưởng thế nào 🤣,tưởng thế nào 🤣,other,neutral,4
uit_002185,haha đây là cổng chợ này ??,haha đây là cổng chợ này ??,enjoyment,happiness,2
uit_004137,per hàng hiếm nhà mình,per hàng hiếm nhà mình,enjoyment,happiness,2
uit_002866,chẳng hiểu sao tao cười sặc sụa,chẳng hiểu sao tao cười sặc sụa,enjoyment,happiness,2
uit_003107,per 2 đại cao thủ đấu đầu :)),per 2 đại cao thủ đấu đầu :)),other,neutral,4
uit_002435,per bếp lò xo huyền thoại của ngoại hay nấu nè,per bếp lò xo huyền thoại của ngoại hay nấu nè,enjoyment,happiness,2
uit_000348,người gì đâu mà dễ thương quá chờiiiii,người gì đâu mà dễ thương quá chờiiiii,enjoyment,happiness,2
uit_002181,bà đã được sống 1 kiếp người hạnh phúc . mấy ai có được điều đó . ngưỡng mộ tình yêu ông dành cho bà .,bà đã được sống 1 kiếp người hạnh phúc . mấy ai có được điều đó . ngưỡng mộ tình yêu ông dành cho bà .,enjoyment,happiness,2
uit_002016,hồi xưa anh hay bị chửi trẻ trâu này nọ ... giờ anh là tổng giám đốc rồi 😁😎,hồi xưa anh hay bị chửi trẻ trâu này nọ ... giờ anh là tổng giám đốc rồi 😁😎,enjoyment,happiness,2
uit_000021,từ đầu năm giờ chắc chụp 10 lần rồi huhu sợ quá 😭😭😭,từ đầu năm giờ chắc chụp 10 lần rồi huhu sợ quá 😭😭😭,fear,fear,1
uit_000712,"chuẩn . tao mà chơi hoặc làm việc cùng bọn con gái tính công chúa một thời gian thì tao ngày nào cũng sờ troét , sau đó bị trầm cảm .","chuẩn . tao mà chơi hoặc làm việc cùng bọn con gái tính công chúa một thời gian thì tao ngày nào cũng sờ troét , sau đó bị trầm cảm .",fear,fear,1
uit_004222,đồng nghiệp của tôi thật tuyệt vời,đồng nghiệp của tôi thật tuyệt vời,enjoyment,happiness,2
uit_001636,làm phục vụ xong 4 tháng đi hà nội 1 lần chỉ để gặp người yêu xong giờ thì mới biết là nó cắm nguyên cây sừng lên đầu mình,làm phục vụ xong 4 tháng đi hà nội 1 lần chỉ để gặp người yêu xong giờ thì mới biết là nó cắm nguyên cây sừng lên đầu mình,sadness,sadness,3
uit_001544,xem chỉ đợi đến đọan nó ngã để cười :)))),xem chỉ đợi đến đọan nó ngã để cười :)))),enjoyment,happiness,2
uit_000402,per nhớ hội chị em vinmec quá :((,per nhớ hội chị em vinmec quá :((,sadness,sadness,3
uit_001811,:) cảm giác đó đau lắm các mày ạ,:) cảm giác đó đau lắm các mày ạ,sadness,sadness,3
uit_000809,làm sao tôi có thể yêu được loài người đây ???,làm sao tôi có thể yêu được loài người đây ???,other,neutral,4
uit_000272,tao nấu củi chưa nấu bằng rơm bao giờ 😪,tao nấu củi chưa nấu bằng rơm bao giờ 😪,other,neutral,4
uit_004579,chờ có người giận mà không được,chờ có người giận mà không được,sadness,sadness,3
uit_004155,cháu tao thì có vẻ như có phần chững chạc hơn =))),cháu tao thì có vẻ như có phần chững chạc hơn =))),enjoyment,happiness,2
uit_000614,lấy giẻ lau xong vắt chắc cũng được nửa,lấy giẻ lau xong vắt chắc cũng được nửa,other,neutral,4
uit_000984,có ai thấy giống người đẹp 9p không ?,có ai thấy giống người đẹp 9p không ?,other,neutral,4
uit_003059,couple cuối . yêu chết đi được,couple cuối . yêu chết đi được,enjoyment,happiness,2
uit_003275,rảnh rảnh ngồi cưa bàn với cưa cổ thèn ngồi gần mỗi khi nó ghẹo cũng vui ??,rảnh rảnh ngồi cưa bàn với cưa cổ thèn ngồi gần mỗi khi nó ghẹo cũng vui ??,enjoyment,happiness,2
uit_000322,bốc toàn trúng may mắn lần sau,bốc toàn trúng may mắn lần sau,sadness,sadness,3
uit_001625,xem mấy lần rồi vẫn thấy hay,xem mấy lần rồi vẫn thấy hay,enjoyment,happiness,2
uit_003062,đã từng được ăn ké vài bữa 😝,đã từng được ăn ké vài bữa 😝,enjoyment,happiness,2
uit_000050,hồi nhỏ đọc tao đã nghi nghi rồi =)))))))),hồi nhỏ đọc tao đã nghi nghi rồi =)))))))),enjoyment,happiness,2
uit_003242,công nhận ngầu thật,công nhận ngầu thật,enjoyment,happiness,2
uit_001218,mạng nhện chắc đóng kín rồi nhỉ,mạng nhện chắc đóng kín rồi nhỉ,other,neutral,4
uit_003745,lâu lâu lại mong mất điện để nấu cơm rác . nk mát 1 tí . chứ cứ 42 độ có mà khỏi ăn,lâu lâu lại mong mất điện để nấu cơm rác . nk mát 1 tí . chứ cứ 42 độ có mà khỏi ăn,other,neutral,4
uit_003021,khóc lóc rồi năm sau họp lớp đéo ai đi :)),khóc lóc rồi năm sau họp lớp đéo ai đi :)),other,neutral,4
uit_000679,nhìn sợ vãi ra,nhìn sợ vãi ra,fear,fear,1
uit_004933,moẹ ! nghe cái tên đã hấp con mẹ nó dẫn lắm rồi đây này ! đjln ??????,moẹ ! nghe cái tên đã hấp con mẹ nó dẫn lắm rồi đây này ! đjln ??????,enjoyment,happiness,2
uit_003010,per bố ơi bảo con rể làm thế đii :>,per bố ơi bảo con rể làm thế đii :>,other,neutral,4
uit_004104,mày không sai thì chẳng lẽ tao lại sai à ?,mày không sai thì chẳng lẽ tao lại sai à ?,anger,anger,0
uit_000537,đây là câu khuyến mại điểm :),đây là câu khuyến mại điểm :),enjoyment,happiness,2
uit_001348,"khi xưa bị rượt 1 lần mà nhớ đời , còn mổ tao nữa chứ 😨😨😨","khi xưa bị rượt 1 lần mà nhớ đời , còn mổ tao nữa chứ 😨😨😨",fear,fear,1
uit_000901,đúng vậy . haha,đúng vậy . haha,enjoyment,happiness,2
uit_003642,per trailer không có tiếng thôi mà đã thấy ghê rồi đó !,per trailer không có tiếng thôi mà đã thấy ghê rồi đó !,fear,fear,1
uit_003485,may quá tao không xài huawei kkk,may quá tao không xài huawei kkk,enjoyment,happiness,2
uit_000425,dù cậu làm tôi tổn thương mỗi ngày nhưng chả hiểu sao vẫn thương cậu,dù cậu làm tôi tổn thương mỗi ngày nhưng chả hiểu sao vẫn thương cậu,sadness,sadness,3
uit_000029,đây người ta gọi là . khi đại thánh nhập hoặc là múa lân đầu năm,đây người ta gọi là . khi đại thánh nhập hoặc là múa lân đầu năm,other,neutral,4
uit_003395,1 nỗ lực lớn thay đổi valentine ... sang năm tao mắc võng .,1 nỗ lực lớn thay đổi valentine ... sang năm tao mắc võng .,other,neutral,4
uit_004021,vợ với con chả được tích sự gì ! toàn làm hết hồn ??,vợ với con chả được tích sự gì ! toàn làm hết hồn ??,anger,anger,0
uit_001903,cảm ơn các anh tình nguyện viên .,cảm ơn các anh tình nguyện viên .,enjoyment,happiness,2
uit_003359,vại mà có nhiều người quan niệm quá sai lầm về việc có bạn là con trai .,vại mà có nhiều người quan niệm quá sai lầm về việc có bạn là con trai .,other,neutral,4
uit_000702,hihi mắc cười quá,hihi mắc cười quá,enjoyment,happiness,2
uit_004341,không biết là sống ngoài đó rồi đi ị như thế nào 🤔,không biết là sống ngoài đó rồi đi ị như thế nào 🤔,other,neutral,4
uit_000120,hên là chay ra kip,hên là chay ra kip,enjoyment,happiness,2
uit_002606,sợ vãi linh hồn 😞,sợ vãi linh hồn 😞,fear,fear,1
uit_003978,"cả 2 bà đều mất khi mình nhỏ , không hưởng thụ cảm giác này rồi","cả 2 bà đều mất khi mình nhỏ , không hưởng thụ cảm giác này rồi",sadness,sadness,3
uit_004908,"uống hết bia rồi mới về ,😂😂😂","uống hết bia rồi mới về ,😂😂😂",enjoyment,happiness,2
uit_001783,tao hiểu cảm giác đó,tao hiểu cảm giác đó,other,neutral,4
uit_005060,cũng đúng :)),cũng đúng :)),enjoyment,happiness,2
uit_000416,khi bạn đặt quá nhiều niềm tin vào người khác,khi bạn đặt quá nhiều niềm tin vào người khác,other,neutral,4
uit_001040,sao lại có chuyện vô lý như vậy được chứ 😠. rồi bé nhỏ sẽ như thế nào khi chứng kiến bố nó bị đâm ngay trước mặt nó . nghĩ đã không dám nghĩ tới rồi thấy thương bé quá .,sao lại có chuyện vô lý như vậy được chứ 😠. rồi bé nhỏ sẽ như thế nào khi chứng kiến bố nó bị đâm ngay trước mặt nó . nghĩ đã không dám nghĩ tới rồi thấy thương bé quá .,other,neutral,4
uit_000733,nhưng liệu như vậy sẽ dễ dàng để người khác xen vào không :),nhưng liệu như vậy sẽ dễ dàng để người khác xen vào không :),other,neutral,4
uit_003025,vỉa hè to thế vẫn còn muốn ăn cả ồ hố nữa hả =)),vỉa hè to thế vẫn còn muốn ăn cả ồ hố nữa hả =)),enjoyment,happiness,2
uit_003231,bô ̣ phim khiến bọn sinh viên có lí do để lười học theo li ́ thuyết là đây 😆,bô ̣ phim khiến bọn sinh viên có lí do để lười học theo li ́ thuyết là đây 😆,enjoyment,happiness,2
uit_000675,ngày xưa đi học đạp xe qua cứ tưởng được quay phim đưa lên truyền hình :)),ngày xưa đi học đạp xe qua cứ tưởng được quay phim đưa lên truyền hình :)),enjoyment,happiness,2
uit_001326,per nhớ lần mua mộc ra bờ sông ghê . đã thế còn làm li đặc biệt . dm,per nhớ lần mua mộc ra bờ sông ghê . đã thế còn làm li đặc biệt . dm,other,neutral,4
uit_004264,"không biết sao chứ tao đọc bình luận thấy toàn bình luận bảo là chữ này là do người lớn viết ra , rút cuộc là sao ?","không biết sao chứ tao đọc bình luận thấy toàn bình luận bảo là chữ này là do người lớn viết ra , rút cuộc là sao ?",other,neutral,4
uit_004098,hồi xưa tao bị tiêu chảy kèm ho đã sợ vãi . giờ ho không thôi cũng sợ nhỉ . ??,hồi xưa tao bị tiêu chảy kèm ho đã sợ vãi . giờ ho không thôi cũng sợ nhỉ . ??,fear,fear,1
uit_005001,chắc anh phải đáng yêu lắm luôn ý nhể 🤗🤗,chắc anh phải đáng yêu lắm luôn ý nhể 🤗🤗,enjoyment,happiness,2
uit_000206,dân dùng bằng giả có được khiển trách không nhỉ,dân dùng bằng giả có được khiển trách không nhỉ,other,neutral,4
uit_003035,lở có sự cố vì đó so với kỷ luật vây có bằng không,lở có sự cố vì đó so với kỷ luật vây có bằng không,other,neutral,4
uit_004410,"dễ thương , đáng yêu , cưng ...","dễ thương , đáng yêu , cưng ...",enjoyment,happiness,2
uit_003765,"thôi xong , biết thế tém tém lại .","thôi xong , biết thế tém tém lại .",fear,fear,1
uit_001455,nắng quá chứ bộ ai muốn,nắng quá chứ bộ ai muốn,other,neutral,4
uit_002369,ngưỡng mộ anh chị,ngưỡng mộ anh chị,enjoyment,happiness,2
uit_004298,cái máy này có thật thì bọn chính trị gia sẽ ăn cứt hết 😂😂,cái máy này có thật thì bọn chính trị gia sẽ ăn cứt hết 😂😂,enjoyment,happiness,2
uit_001567,ra chỗ khác sóng không tới viết đi cậu :((( nhìn buồn vãi,ra chỗ khác sóng không tới viết đi cậu :((( nhìn buồn vãi,sadness,sadness,3
uit_005031,"bả thôi đó , gặm đi .","bả thôi đó , gặm đi .",other,neutral,4
uit_000718,bạn khốn nạn,bạn khốn nạn,anger,anger,0
uit_000795,con dựt gái đây sao hahaha,con dựt gái đây sao hahaha,enjoyment,happiness,2
uit_003758,nhân quả đến sớm lắm . đăng lên làm gì :))),nhân quả đến sớm lắm . đăng lên làm gì :))),other,neutral,4
uit_003587,"per bởi , đéo dám tán ai hay tỏ tình","per bởi , đéo dám tán ai hay tỏ tình",fear,fear,1
uit_001715,dume sự nghiệp vứt đi đâu,dume sự nghiệp vứt đi đâu,other,neutral,4
uit_004832,"phim này coi lâu lắm ùi , mà mỗi năm phải coi lại 1 - 2 lần mới đủ , thực sự cực kì hay và sâu sắc , nhạc phim hay mà diễn cũng rất nhập nữa , amir khan đỉnh nhất ^.^/","phim này coi lâu lắm ùi , mà mỗi năm phải coi lại 1 - 2 lần mới đủ , thực sự cực kì hay và sâu sắc , nhạc phim hay mà diễn cũng rất nhập nữa , amir khan đỉnh nhất ^.^/",enjoyment,happiness,2
uit_003498,sang năm nữa vác giường ra mà nhìn,sang năm nữa vác giường ra mà nhìn,other,neutral,4
uit_000379,cả tuổi trẻ bỏ công cày . có cơ ngơi ổn định . r về già con cháu đuổi ra đường bắt đầu 2 bàn tay trắng . đời 😅😅,cả tuổi trẻ bỏ công cày . có cơ ngơi ổn định . r về già con cháu đuổi ra đường bắt đầu 2 bàn tay trắng . đời 😅😅,sadness,sadness,3
uit_001441,thế chân ngắn như tao thì phải làm sao với cái cầu,thế chân ngắn như tao thì phải làm sao với cái cầu,sadness,sadness,3
uit_005214,đứa nào nhây hơn đứa đấy thắng,đứa nào nhây hơn đứa đấy thắng,other,neutral,4
uit_000264,tiền cắt tóc như kia đủ mua giày rồi :v,tiền cắt tóc như kia đủ mua giày rồi :v,sadness,sadness,3
uit_000231,tôi thấy tương lai của tôi trong bức ảnh này :d,tôi thấy tương lai của tôi trong bức ảnh này :d,other,neutral,4
uit_004465,"tao thấy không có người yêu vui mà , 5 năm rồi không yêuc","tao thấy không có người yêu vui mà , 5 năm rồi không yêuc",other,neutral,4
uit_000608,sáng nay tao mới thấy 2 con này đi cùng,sáng nay tao mới thấy 2 con này đi cùng,other,neutral,4
uit_000158,hahaa coi cái mặt con nhỏ thấy thương,hahaa coi cái mặt con nhỏ thấy thương,enjoyment,happiness,2
uit_000964,"chời ơi , bé gái cưng muốn xỉu . bạn nữ nào kết hợp sx em bé hơm ?????????????? :))))","chời ơi , bé gái cưng muốn xỉu . bạn nữ nào kết hợp sx em bé hơm ?????????????? :))))",enjoyment,happiness,2
uit_004715,ăn cái này là nghiệp quật dữ lắm à nghen 😝,ăn cái này là nghiệp quật dữ lắm à nghen 😝,other,neutral,4
uit_001629,:) đàn ông mà nặng tình vãi lol ra,:) đàn ông mà nặng tình vãi lol ra,sadness,sadness,3
uit_000017,yêu chết đi được .,yêu chết đi được .,enjoyment,happiness,2
uit_001638,trong khi đó lũ con trai lớp tao mỗi lần cắt tóc xong là một vở kịch mới được mở màn :vv,trong khi đó lũ con trai lớp tao mỗi lần cắt tóc xong là một vở kịch mới được mở màn :vv,enjoyment,happiness,2
uit_001746,bếp dầu vặn tim rồi chăm lửa nó mới cháy nha chỉ cho mấy đứa không bit sài,bếp dầu vặn tim rồi chăm lửa nó mới cháy nha chỉ cho mấy đứa không bit sài,other,neutral,4
uit_004256,moá . tao muốn chết quách cho rồi,moá . tao muốn chết quách cho rồi,sadness,sadness,3
uit_001454,cuối cùng tao cũng được xem hết mấy cái video mà trước đọc comt đéo hiểu gì 🤣🤣,cuối cùng tao cũng được xem hết mấy cái video mà trước đọc comt đéo hiểu gì 🤣🤣,enjoyment,happiness,2
uit_003030,lạng sơn đang nắng mà,lạng sơn đang nắng mà,other,neutral,4
uit_001087,"ê tao cũng hay giữ mấy cái linh tinh lại như vậy để vài năm sau mở ra xem lại có cảm giác hoài niệm , mà mẹ tao bắt tao vứt hết rồi 😢","ê tao cũng hay giữ mấy cái linh tinh lại như vậy để vài năm sau mở ra xem lại có cảm giác hoài niệm , mà mẹ tao bắt tao vứt hết rồi 😢",sadness,sadness,3
uit_000549,tao cười ỉa cho cái bọn ấy :))),tao cười ỉa cho cái bọn ấy :))),enjoyment,happiness,2
uit_004265,kím cớ nói chuyện chỉ để biết người đó làm gì đang như nào . có vui hay buồn . rồi lại thôi,kím cớ nói chuyện chỉ để biết người đó làm gì đang như nào . có vui hay buồn . rồi lại thôi,sadness,sadness,3
uit_004783,phim hay thật nhưng cái kết hơi khó hiểu :v chốt lại là đáng đồng tiền bát gạo :v,phim hay thật nhưng cái kết hơi khó hiểu :v chốt lại là đáng đồng tiền bát gạo :v,enjoyment,happiness,2
uit_002883,hết buồn cũng phải có tiền mới hết được :)),hết buồn cũng phải có tiền mới hết được :)),enjoyment,happiness,2
uit_003457,cảm ơn đoi tình nguyện viên nhớ có các bạn mà người dân bớt vất vả hơn,cảm ơn đoi tình nguyện viên nhớ có các bạn mà người dân bớt vất vả hơn,enjoyment,happiness,2
uit_003209,nhưng tôi đéo có bạn trai thì phải làm sao ?,nhưng tôi đéo có bạn trai thì phải làm sao ?,sadness,sadness,3
uit_004978,"phàm việc quan trọng trong thiên hạ , cứ về hỏi vợ , vợ nói sao cứ làm ngược lại chắc chắc sẽ đúng !","phàm việc quan trọng trong thiên hạ , cứ về hỏi vợ , vợ nói sao cứ làm ngược lại chắc chắc sẽ đúng !",enjoyment,happiness,2
uit_003256,"tập thể năm nay lại làm mình tiếc nuối từ thành viên đến gvcn :,((","tập thể năm nay lại làm mình tiếc nuối từ thành viên đến gvcn :,((",sadness,sadness,3
uit_002544,"tao nghĩ chắc do kiếp trước mình tu chưa thành tâm nên kiếp này cuộc đời tao như 1 trò đùa , tạo hóa ghẻ lạnh . chán đời :)))))","tao nghĩ chắc do kiếp trước mình tu chưa thành tâm nên kiếp này cuộc đời tao như 1 trò đùa , tạo hóa ghẻ lạnh . chán đời :)))))",sadness,sadness,3
uit_002436,muốn được đi một lần 😆😆😆,muốn được đi một lần 😆😆😆,enjoyment,happiness,2
uit_004312,tình yêu lớn lên sẽ mang người con gái ta yêu thành gia đình . family is all,tình yêu lớn lên sẽ mang người con gái ta yêu thành gia đình . family is all,enjoyment,happiness,2
uit_001820,đau ruột với thằng số 9 🤣🤣🤣,đau ruột với thằng số 9 🤣🤣🤣,enjoyment,happiness,2
uit_005025,"tan rã hết rồi , giờ toàn đánh lẻ thôi 😭😭😭","tan rã hết rồi , giờ toàn đánh lẻ thôi 😭😭😭",sadness,sadness,3
uit_001003,lại là án oan sai 😔😔😔,lại là án oan sai 😔😔😔,sadness,sadness,3
uit_000493,"tát cho phát , đêm hôm mất con mẹ nó ngủ . ??","tát cho phát , đêm hôm mất con mẹ nó ngủ . ??",anger,anger,0
uit_000386,"chúng ta hầu như ai cũng dùng đôi mắt bao dung để nhìn một người xa lạ , mà đối với người thân bên cạnh lại chỉ nhìn thấy khuyết điểm mà thôi ..","chúng ta hầu như ai cũng dùng đôi mắt bao dung để nhìn một người xa lạ , mà đối với người thân bên cạnh lại chỉ nhìn thấy khuyết điểm mà thôi ..",sadness,sadness,3
uit_002122,cái lò xô ngày xưa ma,cái lò xô ngày xưa ma,other,neutral,4
uit_004250,đã đẹp trai còn khôn 🙂,đã đẹp trai còn khôn 🙂,enjoyment,happiness,2
uit_002450,ngày ấy chỉ vì quá ngu ngơ mà để lạc mất .,ngày ấy chỉ vì quá ngu ngơ mà để lạc mất .,sadness,sadness,3
uit_002975,đáng yêuc vãi anh ơi,đáng yêuc vãi anh ơi,enjoyment,happiness,2
uit_000235,per phải nói là hiền quá hiền luônnn 🤣,per phải nói là hiền quá hiền luônnn 🤣,enjoyment,happiness,2
uit_004453,"đặt mình vào vị trí của nhau , biết lo lắng suy nghĩ san sẻ cho nhau vậy là đủ rồi . có quá khó không ?","đặt mình vào vị trí của nhau , biết lo lắng suy nghĩ san sẻ cho nhau vậy là đủ rồi . có quá khó không ?",sadness,sadness,3
uit_000218,per ê tao với mày mà đi cái cầu này chắc rớt ngay bước đầu quá 😢😢 đã mặp rồi chân lùn nữa đi qua bằng niềm tin,per ê tao với mày mà đi cái cầu này chắc rớt ngay bước đầu quá 😢😢 đã mặp rồi chân lùn nữa đi qua bằng niềm tin,fear,fear,1
uit_001886,trời . cưng chết được,trời . cưng chết được,enjoyment,happiness,2
uit_002152,má tự dưng bị đánh vào đầu :(,má tự dưng bị đánh vào đầu :(,anger,anger,0
uit_002669,"crush đi nhậu rồi say , rồi bị thịt ... hic hic","crush đi nhậu rồi say , rồi bị thịt ... hic hic",sadness,sadness,3
uit_000801,"bởi vì anh đã gặp em đúng lúc , đúng lúc đó em đã có người thương ...","bởi vì anh đã gặp em đúng lúc , đúng lúc đó em đã có người thương ...",sadness,sadness,3
uit_001777,per rồi sẽ có 1 ngày vừa cười tao vừa kể chuyện khiến tao rơi nước mắt,per rồi sẽ có 1 ngày vừa cười tao vừa kể chuyện khiến tao rơi nước mắt,sadness,sadness,3
uit_004218,galang thế không bjt . trẻ con còn như thế người lớn chắc không tôgn tại đâu . ước gì cũg được như vậy,galang thế không bjt . trẻ con còn như thế người lớn chắc không tôgn tại đâu . ước gì cũg được như vậy,other,neutral,4
uit_003145,thấy topic đúng tâm trạng quá .,thấy topic đúng tâm trạng quá .,enjoyment,happiness,2
uit_004696,tao mà là con đi xe cũ . tao vả thẳng mặt bà mặt lờ kia . méo cần biết đứa nào sai hay đúng . vả vỡ mồm rồi gọi con bà ra đây hốt xác . 🤟,tao mà là con đi xe cũ . tao vả thẳng mặt bà mặt lờ kia . méo cần biết đứa nào sai hay đúng . vả vỡ mồm rồi gọi con bà ra đây hốt xác . 🤟,anger,anger,0
uit_000720,còn buồn hơn là cố quan tâm thế nào họ vẫn không hề rep lại,còn buồn hơn là cố quan tâm thế nào họ vẫn không hề rep lại,sadness,sadness,3
uit_000183,"đấy gọi là biết ngu mà vẫn đâm đầu vào , giống tao :)","đấy gọi là biết ngu mà vẫn đâm đầu vào , giống tao :)",enjoyment,happiness,2
uit_004116,một người đàn ông bản lĩnh thực sự 👍,một người đàn ông bản lĩnh thực sự 👍,enjoyment,happiness,2
uit_003591,má hồi xưa về ngoại chơi đi đường bị nguyên đàn yêu nghiệt này dí chạy té đái giờ vẫn sợ bọn nó 😨😨😨,má hồi xưa về ngoại chơi đi đường bị nguyên đàn yêu nghiệt này dí chạy té đái giờ vẫn sợ bọn nó 😨😨😨,fear,fear,1
uit_004438,vk em nó bảo bếp gas các bác ạ 🤣🤣🤣🤣,vk em nó bảo bếp gas các bác ạ 🤣🤣🤣🤣,enjoyment,happiness,2
uit_004670,diễm quỳnh haha em không biết,diễm quỳnh haha em không biết,enjoyment,happiness,2
uit_004800,per sáng mai kiểu gì cũng về tới nhà :)),per sáng mai kiểu gì cũng về tới nhà :)),enjoyment,happiness,2
uit_001851,per đu ̣ me ̣ như 1 tro ̀ đu ̀ anh =))))) đi gia ̉ mày tô ́ c co ̀ n nhiê ̀ u hơn khu nha ̀ ông,per đu ̣ me ̣ như 1 tro ̀ đu ̀ anh =))))) đi gia ̉ mày tô ́ c co ̀ n nhiê ̀ u hơn khu nha ̀ ông,anger,anger,0
uit_001999,quê vải mà chưa được ăn quả nào . huhu,quê vải mà chưa được ăn quả nào . huhu,sadness,sadness,3
uit_000969,cuộc sống mà =)),cuộc sống mà =)),enjoyment,happiness,2
uit_003075,năm nào mà tao chã cô đơn,năm nào mà tao chã cô đơn,sadness,sadness,3
uit_003764,"phim này quá hay . xem đi xem lại mãi không chán . đặt tay lên ngực "" mọi chuyện đều ổn "" câu nói kinh điển","phim này quá hay . xem đi xem lại mãi không chán . đặt tay lên ngực "" mọi chuyện đều ổn "" câu nói kinh điển",enjoyment,happiness,2
uit_004318,mùa thu năm ấy cta đã gặp nhau ?,mùa thu năm ấy cta đã gặp nhau ?,sadness,sadness,3
uit_003640,chuẩn không cần chỉnh,chuẩn không cần chỉnh,enjoyment,happiness,2
uit_004604,vẫn hay mà,vẫn hay mà,other,neutral,4
uit_003417,cụ bà đẹp lão quá cậu,cụ bà đẹp lão quá cậu,enjoyment,happiness,2
uit_002348,hiền thì hiền thật đấy cơ mà quá ngưỡng nhịn thì bùng phát thôi 🙂,hiền thì hiền thật đấy cơ mà quá ngưỡng nhịn thì bùng phát thôi 🙂,other,neutral,4
uit_004272,sống với nhau đến cuối đời người ta cũng chỉ mong có vậy .,sống với nhau đến cuối đời người ta cũng chỉ mong có vậy .,enjoyment,happiness,2
uit_004595,vãi :)) độc đấy,vãi :)) độc đấy,fear,fear,1
uit_004757,bắt cóc bỏ đĩa . quanh đi quẩn lại chỉ khổ dân đen thôi !,bắt cóc bỏ đĩa . quanh đi quẩn lại chỉ khổ dân đen thôi !,other,neutral,4
uit_003073,có ai không sợ nhưng giật mình như tao không :) dumehuhonchimen,có ai không sợ nhưng giật mình như tao không :) dumehuhonchimen,enjoyment,happiness,2
uit_003670,mua con lợn 50k được lì xì 40k . ok em ổn,mua con lợn 50k được lì xì 40k . ok em ổn,sadness,sadness,3
uit_001339,yêu chết dược 😍😍😍,yêu chết dược 😍😍😍,enjoyment,happiness,2
uit_003323,mỗi lần quyết tâm bỏ mà lại thấy cười . đm đời,mỗi lần quyết tâm bỏ mà lại thấy cười . đm đời,sadness,sadness,3
uit_000874,per hôm nào chụp kiểu nhỉ .,per hôm nào chụp kiểu nhỉ .,other,neutral,4
uit_002646,nhìn quả mặt của nó thì tao công nhận thất tình thật đáng thương ?,nhìn quả mặt của nó thì tao công nhận thất tình thật đáng thương ?,sadness,sadness,3
uit_005208,còn gì đau đớn hơn cảnh này :(((,còn gì đau đớn hơn cảnh này :(((,sadness,sadness,3
uit_002048,đã sáng suốt hơn năm ngoái nhiều . ka ka,đã sáng suốt hơn năm ngoái nhiều . ka ka,enjoyment,happiness,2
uit_000054,per tao được làm fan cứng giống mày rồi 🤣,per tao được làm fan cứng giống mày rồi 🤣,enjoyment,happiness,2
uit_000108,khi nào lên chùa ba vàng giải được vong thì kết hôn :)),khi nào lên chùa ba vàng giải được vong thì kết hôn :)),enjoyment,happiness,2
uit_003971,tủi hổ với bản thân ghê khi tao vẽ người mà mẹ tao hỏi : hóa ra đây là hình dạng thực của quỷ sao ?😑,tủi hổ với bản thân ghê khi tao vẽ người mà mẹ tao hỏi : hóa ra đây là hình dạng thực của quỷ sao ?😑,sadness,sadness,3
uit_000736,thì ghi bằng tay phải cho nhanh,thì ghi bằng tay phải cho nhanh,other,neutral,4
uit_001018,phải chi có người yêu nhắn tin ngọt ngào như này,phải chi có người yêu nhắn tin ngọt ngào như này,enjoyment,happiness,2
uit_004669,sáng nay mình cũng gặp 1 anh công an dễ thương lắm,sáng nay mình cũng gặp 1 anh công an dễ thương lắm,enjoyment,happiness,2
uit_000898,hay lắm :))),hay lắm :))),enjoyment,happiness,2
uit_004445,xem hết mới biết cái video nó không phải video hài thấy buồn buồn 😪,xem hết mới biết cái video nó không phải video hài thấy buồn buồn 😪,sadness,sadness,3
uit_004197,thế mà lại có người bảo đầu tao như đầu bùi :(( dume đánh chết cha giờ :)),thế mà lại có người bảo đầu tao như đầu bùi :(( dume đánh chết cha giờ :)),anger,anger,0
uit_004248,"đôi khi cũng muốn dỗi lắm , nhưng nghĩ lại đéo có người yêu mà dỗi","đôi khi cũng muốn dỗi lắm , nhưng nghĩ lại đéo có người yêu mà dỗi",sadness,sadness,3
uit_003770,rửa bát cũng được nấu cơm cũng được giặt quần áo cũng được miễn là có ba mẹ vợ con là được . làm gì cũng được,rửa bát cũng được nấu cơm cũng được giặt quần áo cũng được miễn là có ba mẹ vợ con là được . làm gì cũng được,other,neutral,4
uit_003307,thật tình là rất xin lỗi anh ở trog video . hi vọng sẽ gặp đuợc anh để xin lỗi và tạ tội với anh . thật ra hộp quà trong video là của con lol per với người yêu nó tặng nhau dịp sinh nhật . híccc,thật tình là rất xin lỗi anh ở trog video . hi vọng sẽ gặp đuợc anh để xin lỗi và tạ tội với anh . thật ra hộp quà trong video là của con lol per với người yêu nó tặng nhau dịp sinh nhật . híccc,sadness,sadness,3
uit_002647,tội quá . thương em,tội quá . thương em,sadness,sadness,3
uit_001374,còn tao thì còn không có nổi 1 người tỏ ra thân thiết quan tâm cơ . _ .,còn tao thì còn không có nổi 1 người tỏ ra thân thiết quan tâm cơ . _ .,sadness,sadness,3
uit_003703,cô ơi nhiệt tình là tốt nhưng bản thân phải an toàn trước 😗,cô ơi nhiệt tình là tốt nhưng bản thân phải an toàn trước 😗,other,neutral,4
uit_004384,per =))) nó kể chuyện buồn mà cười vãi cười =))),per =))) nó kể chuyện buồn mà cười vãi cười =))),enjoyment,happiness,2
uit_003583,"ngày cuối cùng còn ở lại , bản thân không có bất cứ một cảm xúc gì , trong lòng chỉ độc một mảnh phẳng lặng .","ngày cuối cùng còn ở lại , bản thân không có bất cứ một cảm xúc gì , trong lòng chỉ độc một mảnh phẳng lặng .",sadness,sadness,3
uit_003755,là do bản thân tao ngu thôi,là do bản thân tao ngu thôi,sadness,sadness,3
uit_004550,"haha ,,, sao không kêu tao ..","haha ,,, sao không kêu tao ..",enjoyment,happiness,2
uit_003257,đọc có chỗ vô lí vãi,đọc có chỗ vô lí vãi,other,neutral,4
uit_002200,đem người đó ra biển cho biển cuốn đi lun .. hihii,đem người đó ra biển cho biển cuốn đi lun .. hihii,enjoyment,happiness,2
uit_004608,tình yêu là một thứ cao đẹp hãy trân trọng nó .,tình yêu là một thứ cao đẹp hãy trân trọng nó .,enjoyment,happiness,2
uit_004808,per mấy con đĩ lồn cục súc ... dòng thứ quỷ yêu đel làm gì cũng rượt cho sấp mặt luôn,per mấy con đĩ lồn cục súc ... dòng thứ quỷ yêu đel làm gì cũng rượt cho sấp mặt luôn,anger,anger,0
uit_002955,per hãy cảm ơn tao đi hâhah,per hãy cảm ơn tao đi hâhah,enjoyment,happiness,2
uit_000520,ông tóc ngắn ngắn cam cam tên gì vậy ạ ?,ông tóc ngắn ngắn cam cam tên gì vậy ạ ?,other,neutral,4
uit_004335,học giỏi lại xinh xắn hì,học giỏi lại xinh xắn hì,enjoyment,happiness,2
uit_002833,đm main mới hay quá đi,đm main mới hay quá đi,enjoyment,happiness,2
uit_001123,cắt như anh này gọn gàng thoáng mát nhé auto đẹp trai,cắt như anh này gọn gàng thoáng mát nhé auto đẹp trai,other,neutral,4
uit_002826,câu chuyện của mày làm tao buồn quá,câu chuyện của mày làm tao buồn quá,sadness,sadness,3
uit_004823,đẹp trai ghê :)),đẹp trai ghê :)),enjoyment,happiness,2
uit_004175,per b trà ơi . năm nay là pải mạnh dạn và bất chấp nhé 🤣🤣🤣,per b trà ơi . năm nay là pải mạnh dạn và bất chấp nhé 🤣🤣🤣,enjoyment,happiness,2
uit_003839,haha con mấy cái video toàn đóng vào mỏ nhau không . cười tụt quần 🤣,haha con mấy cái video toàn đóng vào mỏ nhau không . cười tụt quần 🤣,enjoyment,happiness,2
uit_005065,tiền mất tật mang . xe đã nát rồi giờ còn phải đền cách cửa cho tàu nửa,tiền mất tật mang . xe đã nát rồi giờ còn phải đền cách cửa cho tàu nửa,sadness,sadness,3
uit_000982,"sướng nhờ , bên trung chúng nó yêu nhau toàn sống chung . 😂😂😂 toàn richkid :>","sướng nhờ , bên trung chúng nó yêu nhau toàn sống chung . 😂😂😂 toàn richkid :>",enjoyment,happiness,2
uit_002237,dự là 30 mà 30 sợ già quá chả chó nào nó rước . năm nay đã 26 rồi mà vẫn chả ai thèm yêu 😔😔😔,dự là 30 mà 30 sợ già quá chả chó nào nó rước . năm nay đã 26 rồi mà vẫn chả ai thèm yêu 😔😔😔,sadness,sadness,3
uit_005032,per thua là hết cf để uống .,per thua là hết cf để uống .,other,neutral,4
uit_004257,còn đỡ hơn bữa ăn sáng nay của tao nhiều .,còn đỡ hơn bữa ăn sáng nay của tao nhiều .,other,neutral,4
uit_000219,đau lòng quá,đau lòng quá,sadness,sadness,3
uit_004053,tự hào ngồi mâm dưới,tự hào ngồi mâm dưới,enjoyment,happiness,2
uit_004140,tao chỉ tag thế thôi mày hiểu thế nào thì hiểu per,tao chỉ tag thế thôi mày hiểu thế nào thì hiểu per,other,neutral,4
uit_003722,vậy là hên rồi,vậy là hên rồi,enjoyment,happiness,2
uit_000761,"mày đúng là nên gặp bác sĩ tâm lý , và hoàn toàn nghe theo bác sĩ","mày đúng là nên gặp bác sĩ tâm lý , và hoàn toàn nghe theo bác sĩ",other,neutral,4
uit_003984,oimeoi tao thấy được tao ngày xưa đây rồi =))))),oimeoi tao thấy được tao ngày xưa đây rồi =))))),enjoyment,happiness,2
uit_001593,per thuê kiểm kê tài sản do toà án làm bạn ơi . 😂 cả 1 nùi người làm cật lực đấy .,per thuê kiểm kê tài sản do toà án làm bạn ơi . 😂 cả 1 nùi người làm cật lực đấy .,other,neutral,4
uit_000574,per sau này con bư lớn cũng vậy đó mẹ hahaa,per sau này con bư lớn cũng vậy đó mẹ hahaa,enjoyment,happiness,2
uit_001789,"có thể là ngày mai , tháng sau , cuối năm , sang năm hoặc 30 tuổi :))) khi nào có tình yêu .","có thể là ngày mai , tháng sau , cuối năm , sang năm hoặc 30 tuổi :))) khi nào có tình yêu .",other,neutral,4
uit_000309,chợt nhận ra mình chưa từng thích thầm ai trong lớp,chợt nhận ra mình chưa từng thích thầm ai trong lớp,other,neutral,4
uit_002132,"tao cảnh cáo , page mà đăng mấy video kiểu ngôn lù thế này tao unlike , trả per trả cụ lầy , trả anh thai cho tao","tao cảnh cáo , page mà đăng mấy video kiểu ngôn lù thế này tao unlike , trả per trả cụ lầy , trả anh thai cho tao",anger,anger,0
uit_001294,mày giận lại tao hả tốt quá bố mày được đi chơi game rồi . tối về dỗ nó sau . chờ mãi câu giận của mày :)),mày giận lại tao hả tốt quá bố mày được đi chơi game rồi . tối về dỗ nó sau . chờ mãi câu giận của mày :)),enjoyment,happiness,2
uit_000265,"trên phim thôi . ngoài đời thì đứa con gái uống xong ngất luôn , hôm sau thì bị bán mẹ sang trung quốc","trên phim thôi . ngoài đời thì đứa con gái uống xong ngất luôn , hôm sau thì bị bán mẹ sang trung quốc",other,neutral,4
uit_000242,có hiệu quả không mới quan trọng,có hiệu quả không mới quan trọng,other,neutral,4
uit_003737,thề chứ .. phim nay xem đi xem lại không thấy chán ... vẫn như mớinxem vậy,thề chứ .. phim nay xem đi xem lại không thấy chán ... vẫn như mớinxem vậy,enjoyment,happiness,2
uit_003379,cái gì nó cũng phải thực tế,cái gì nó cũng phải thực tế,other,neutral,4
uit_003746,tội nghiệp thằng bé :)))) chúng mày bốc đâu mấy cái thẻ hay thế ??? :v,tội nghiệp thằng bé :)))) chúng mày bốc đâu mấy cái thẻ hay thế ??? :v,sadness,sadness,3
uit_004126,bây chửi kệ bây ! riêng tao thik phá trong trường hợp này 😂,bây chửi kệ bây ! riêng tao thik phá trong trường hợp này 😂,enjoyment,happiness,2
uit_003000,mai xem lại phim nay . phim rất hay .,mai xem lại phim nay . phim rất hay .,enjoyment,happiness,2
uit_003377,per mày có bao giờ đi à :> tao cũng đéo,per mày có bao giờ đi à :> tao cũng đéo,other,neutral,4
uit_002502,chưa bao giờ bắn trúng 😬,chưa bao giờ bắn trúng 😬,sadness,sadness,3
uit_003787,":))) ở đoạn đó hồi năm nhất tao "" được "" họ lấy 100k , vì sáng sớm đem duy nhất 100k trong túi , thế là nộp luôn :))))",":))) ở đoạn đó hồi năm nhất tao "" được "" họ lấy 100k , vì sáng sớm đem duy nhất 100k trong túi , thế là nộp luôn :))))",sadness,sadness,3
uit_000142,trốn cũng đéo tha,trốn cũng đéo tha,anger,anger,0
uit_002911,mấy má đang có kinh rồi mặc áo đầm nhảy qua thì nhuộm đỏ 1 dòng sông cmnl 😳,mấy má đang có kinh rồi mặc áo đầm nhảy qua thì nhuộm đỏ 1 dòng sông cmnl 😳,fear,fear,1
uit_002068,tận cùng của nỗi đau 😑😑😑,tận cùng của nỗi đau 😑😑😑,sadness,sadness,3
uit_003137,ngày buồn hôm ấy tôi cũng là người rời khỏi lớp cuối cùng .!!!,ngày buồn hôm ấy tôi cũng là người rời khỏi lớp cuối cùng .!!!,sadness,sadness,3
uit_000783,cái mặt cưng xĩu,cái mặt cưng xĩu,enjoyment,happiness,2
uit_001060,cưng xỉu ~~??,cưng xỉu ~~??,enjoyment,happiness,2
uit_004451,đỗ chỗ này hay bị mưa gạch lắm,đỗ chỗ này hay bị mưa gạch lắm,other,neutral,4
uit_000207,người ta chỉ muốn dụ mày rồi xin một trái thận . 😪,người ta chỉ muốn dụ mày rồi xin một trái thận . 😪,fear,fear,1
uit_003418,per có quẹo vào không em,per có quẹo vào không em,other,neutral,4
uit_003553,thích thật,thích thật,enjoyment,happiness,2
uit_000387,bằng tuổi người ta mình vẫn còn mải nghĩ chiều nay ăn gì 😢,bằng tuổi người ta mình vẫn còn mải nghĩ chiều nay ăn gì 😢,sadness,sadness,3
uit_001587,lại công cốc rồi . cả thế giới kì vọng,lại công cốc rồi . cả thế giới kì vọng,sadness,sadness,3
uit_004268,ồ ! rất nhớ !,ồ ! rất nhớ !,enjoyment,happiness,2
uit_000799,đang ăn . nói nói con cặc 😒😒,đang ăn . nói nói con cặc 😒😒,anger,anger,0
uit_004676,cay đắng vãi 😌,cay đắng vãi 😌,sadness,sadness,3
uit_000060,per thịt nướng lò xô ne ăn z mà không chết 😎😎😎😎,per thịt nướng lò xô ne ăn z mà không chết 😎😎😎😎,enjoyment,happiness,2
uit_000593,vừa sếp vừa đồng nghiệp tốt thì đi làm như là đi chơi 💃 bonus 6h chưa hẳn đã muốn về,vừa sếp vừa đồng nghiệp tốt thì đi làm như là đi chơi 💃 bonus 6h chưa hẳn đã muốn về,enjoyment,happiness,2
uit_005195,thương anh bạn kia quá .,thương anh bạn kia quá .,enjoyment,happiness,2
uit_001848,"kỳ nghỉ hè muộn của anh mà , xõa hết đi anh .","kỳ nghỉ hè muộn của anh mà , xõa hết đi anh .",enjoyment,happiness,2
uit_000377,"per ít bửa đi coi , trailer thấy hấp dẫn quá","per ít bửa đi coi , trailer thấy hấp dẫn quá",enjoyment,happiness,2
uit_003225,"mong là nước pháp sẽ tập trung xây dựng ổn định trong nước , và đừng đụng chạm tới nước khác nữa","mong là nước pháp sẽ tập trung xây dựng ổn định trong nước , và đừng đụng chạm tới nước khác nữa",other,neutral,4
uit_002483,cười vui vãi,cười vui vãi,enjoyment,happiness,2
uit_002901,muốn tạo ra niềm tin đôi khi bạn cần sự dối trá 😉,muốn tạo ra niềm tin đôi khi bạn cần sự dối trá 😉,enjoyment,happiness,2
uit_001863,ủa ? chọn người nào cũng như nhau thôi . vì cả 2 người chắc đéo gì đã thích bạn đâu ? :)),ủa ? chọn người nào cũng như nhau thôi . vì cả 2 người chắc đéo gì đã thích bạn đâu ? :)),other,neutral,4
uit_001874,để được maiz ngắm nhìn nụ cười đó nên quyết định chỉ crush mà thôi :3,để được maiz ngắm nhìn nụ cười đó nên quyết định chỉ crush mà thôi :3,enjoyment,happiness,2
uit_003321,heo vàng cái lol . toàn bịp nhau . má nó gắp heo vàng 20 lần trúng mà nó toàn được tặng 6sms miễn phí rồi thì thêm 1 lượt gắp,heo vàng cái lol . toàn bịp nhau . má nó gắp heo vàng 20 lần trúng mà nó toàn được tặng 6sms miễn phí rồi thì thêm 1 lượt gắp,anger,anger,0
uit_003398,cưng quá,cưng quá,enjoyment,happiness,2
uit_001280,họ có thể không giàu có về vật chất nhưng hạnh phúc của họ giàu hơn rất nhìu người ❤,họ có thể không giàu có về vật chất nhưng hạnh phúc của họ giàu hơn rất nhìu người ❤,other,neutral,4
uit_003426,"mình nghĩ sẽ không bao giờ là một thương hiệu quốc gia , là khát vọng về cà phê vn nữa ...","mình nghĩ sẽ không bao giờ là một thương hiệu quốc gia , là khát vọng về cà phê vn nữa ...",sadness,sadness,3
uit_004563,"vừa lắm ... cho chừa nè , ahihi đồ ngốc 😊😊😊","vừa lắm ... cho chừa nè , ahihi đồ ngốc 😊😊😊",enjoyment,happiness,2
uit_000176,không nổi thì mình chìm haha,không nổi thì mình chìm haha,enjoyment,happiness,2
uit_004391,"ngày xưa toàn ăn cơm với nước mắt , ngày trước giận bố lắm , nhưng giờ mới cảm ơn bố vì như thế mới có mình ngày nay","ngày xưa toàn ăn cơm với nước mắt , ngày trước giận bố lắm , nhưng giờ mới cảm ơn bố vì như thế mới có mình ngày nay",enjoyment,happiness,2
uit_004902,per cười tức bụng nà vợ 😄,per cười tức bụng nà vợ 😄,enjoyment,happiness,2
uit_004019,per nó tấn công tao với mày đó,per nó tấn công tao với mày đó,other,neutral,4
uit_001332,per không lẽ sau này kím bạn trai không tập gym 😖,per không lẽ sau này kím bạn trai không tập gym 😖,sadness,sadness,3
uit_000236,phạt thế quá nhẹ ...,phạt thế quá nhẹ ...,anger,anger,0
uit_000133,thật khó để có cả 2 khi chúng ta còn trẻ :),thật khó để có cả 2 khi chúng ta còn trẻ :),sadness,sadness,3
uit_005051,bà tao mất rồi :<,bà tao mất rồi :<,sadness,sadness,3
uit_002399,những điều đơn giản nhưng thật hạnh phúc 😘,những điều đơn giản nhưng thật hạnh phúc 😘,enjoyment,happiness,2
uit_001053,đấy mới là điều càn đó . huhu,đấy mới là điều càn đó . huhu,sadness,sadness,3
uit_003830,một bộ phim rất đáng xem !!,một bộ phim rất đáng xem !!,enjoyment,happiness,2
uit_004143,độc mà lần nào đi viện cũng bắt chụp 😭😭,độc mà lần nào đi viện cũng bắt chụp 😭😭,sadness,sadness,3
uit_005078,khang khang 1 thời cùng nhau vui say ! bjo thì khác rồi thân ai nấy lo hở chị hố hố ;)),khang khang 1 thời cùng nhau vui say ! bjo thì khác rồi thân ai nấy lo hở chị hố hố ;)),enjoyment,happiness,2
uit_004057,này gọi là theo kịp thời đại :)))),này gọi là theo kịp thời đại :)))),enjoyment,happiness,2
uit_004573,đau lòng qá huhu,đau lòng qá huhu,sadness,sadness,3
uit_000522,đm ngu . cái nồi cơm điện chứ gì .,đm ngu . cái nồi cơm điện chứ gì .,anger,anger,0
uit_001256,sau mưa ra đường sợ nhất gặp giun,sau mưa ra đường sợ nhất gặp giun,fear,fear,1
uit_002160,thôi xong tao rồi :((,thôi xong tao rồi :((,fear,fear,1
uit_000773,nó cười với người khác chứ * beep * phải tao :((,nó cười với người khác chứ * beep * phải tao :((,sadness,sadness,3
uit_000177,nóng tính quá hỏng viẹc - trẻ em rất thích ngọt mình nên nhẹ nhàng cương quyết mới được,nóng tính quá hỏng viẹc - trẻ em rất thích ngọt mình nên nhẹ nhàng cương quyết mới được,other,neutral,4
uit_003615,"lúc cụ bà cầm bông như cô gái 18 lần đầu mới yêuc vậy bà ngạc nhiên và hạnh phúc nhìn sâu lắng , video ngắn nhưng cho người xem si nghỉ mải","lúc cụ bà cầm bông như cô gái 18 lần đầu mới yêuc vậy bà ngạc nhiên và hạnh phúc nhìn sâu lắng , video ngắn nhưng cho người xem si nghỉ mải",enjoyment,happiness,2
uit_002588,e vừa bị điện cao thế giật hôm 17 chạp . bh nhìn cái ông này mà sợ .,e vừa bị điện cao thế giật hôm 17 chạp . bh nhìn cái ông này mà sợ .,fear,fear,1
uit_001285,per xem cái này đỡ chán đi ông,per xem cái này đỡ chán đi ông,other,neutral,4
uit_000917,chúc mừng cp . cố lên cp .,chúc mừng cp . cố lên cp .,enjoyment,happiness,2
uit_000324,đoạn cuối yêu mún chết,đoạn cuối yêu mún chết,enjoyment,happiness,2
uit_004600,ngon xuống đây nói chuyện tử tế với bố như 2 con chó xem,ngon xuống đây nói chuyện tử tế với bố như 2 con chó xem,anger,anger,0
uit_003949,giống chuyện của chúng mình quá . chả biết sẽ cùng anh đi bao xa ... nhưng hạnh phúc khi có anh luôn bên cạnh ??,giống chuyện của chúng mình quá . chả biết sẽ cùng anh đi bao xa ... nhưng hạnh phúc khi có anh luôn bên cạnh ??,enjoyment,happiness,2
uit_005202,per thế đéo nào mình chơi với toàn gái mà tính vẫn giống con trai . _ .,per thế đéo nào mình chơi với toàn gái mà tính vẫn giống con trai . _ .,sadness,sadness,3
uit_003168,"một lúc nào đó chúng ta sẽ không nói chuyện nữa , lúc đó có lẽ em thật sự đã buông bỏ được rồi ...","một lúc nào đó chúng ta sẽ không nói chuyện nữa , lúc đó có lẽ em thật sự đã buông bỏ được rồi ...",sadness,sadness,3
uit_001476,"phim này nên xem và thuộc mấy đoạn thoại , rất hay","phim này nên xem và thuộc mấy đoạn thoại , rất hay",enjoyment,happiness,2
uit_003461,"những việc này , mang lên đây chả giải quyết được gì cả .","những việc này , mang lên đây chả giải quyết được gì cả .",sadness,sadness,3
uit_000184,một phút huy hoàng rồi chợt tắt còn hơn le lói giữa ngàn thu,một phút huy hoàng rồi chợt tắt còn hơn le lói giữa ngàn thu,enjoyment,happiness,2
uit_004900,"cay mắt lắm , mà nhìn nó lại nhớ nhiều kỉ niệm","cay mắt lắm , mà nhìn nó lại nhớ nhiều kỉ niệm",sadness,sadness,3
uit_005063,mới yêu thôi nhá yêu lâu rồi chán nhau rồi á thử xem đường đứa nào đứa đấy đi,mới yêu thôi nhá yêu lâu rồi chán nhau rồi á thử xem đường đứa nào đứa đấy đi,other,neutral,4
uit_002049,vậy nếu mình lên cơn điên và giết người khác thì nỗi đau gấp bội phải không ?,vậy nếu mình lên cơn điên và giết người khác thì nỗi đau gấp bội phải không ?,anger,anger,0
uit_001057,xem đi xem lại vẫn hay ;)))))),xem đi xem lại vẫn hay ;)))))),enjoyment,happiness,2
uit_003807,ko nghe lời vợ mới là mấu chốt :),ko nghe lời vợ mới là mấu chốt :),other,neutral,4
uit_003439,sư phụ giả vờ ngã để thử lòng các đồ đệ và cái kết ngã sấp mặt luôn 😢,sư phụ giả vờ ngã để thử lòng các đồ đệ và cái kết ngã sấp mặt luôn 😢,sadness,sadness,3
uit_001322,hỏi thế gian tình ái là chi =)))),hỏi thế gian tình ái là chi =)))),other,neutral,4
uit_004282,"tốt nhất là đừng crush ai ngoài bản thân ra cả , để khi nhớ thì chỉ cần lấy gương ra nhìn cái là được 😑","tốt nhất là đừng crush ai ngoài bản thân ra cả , để khi nhớ thì chỉ cần lấy gương ra nhìn cái là được 😑",other,neutral,4
uit_004944,mèo nhà em thì cho tiền cũng không ra khỏi cửa,mèo nhà em thì cho tiền cũng không ra khỏi cửa,other,neutral,4
uit_002130,per ghét ghê bây,per ghét ghê bây,anger,anger,0
uit_001191,nghe anh ấy nới chuyện rất thuyết phục,nghe anh ấy nới chuyện rất thuyết phục,enjoyment,happiness,2
uit_004254,tao sợ ăn xong nóng đêm gãi toét chân,tao sợ ăn xong nóng đêm gãi toét chân,fear,fear,1
uit_003788,per đọc nhầm con nhện thành con gián :)) thật khó hiểu,per đọc nhầm con nhện thành con gián :)) thật khó hiểu,other,neutral,4
uit_002933,và rồi cô ấy sẽ mãi mãi không có người yêu =((,và rồi cô ấy sẽ mãi mãi không có người yêu =((,sadness,sadness,3
uit_001448,quan trọng là đồng nghiệp tốt và sếp,quan trọng là đồng nghiệp tốt và sếp,other,neutral,4
uit_001100,năm nay con bao nhiêu tuổi rồi ? =)),năm nay con bao nhiêu tuổi rồi ? =)),other,neutral,4
uit_004987,nhà tao vẫn nấu . à mà lâu lâu tao về nấu một lần thì không cháy cũng nát,nhà tao vẫn nấu . à mà lâu lâu tao về nấu một lần thì không cháy cũng nát,sadness,sadness,3
uit_005216,ngã nhìn cũng thấy yêu 🤣,ngã nhìn cũng thấy yêu 🤣,enjoyment,happiness,2
uit_001338,phải giết ngay không nó lại đẻ trứng,phải giết ngay không nó lại đẻ trứng,other,neutral,4
uit_002424,anh thích em rồi đấy 😂,anh thích em rồi đấy 😂,enjoyment,happiness,2
uit_000192,cưng hết sức nà,cưng hết sức nà,enjoyment,happiness,2
uit_002615,tao chả nhớ ngày tháng năm sinh của mẹ tao và ngược lại :((,tao chả nhớ ngày tháng năm sinh của mẹ tao và ngược lại :((,sadness,sadness,3
uit_001284,bò ra mà cười :)),bò ra mà cười :)),enjoyment,happiness,2
uit_001873,"per xuống cấp những vật liệu dễ bị cháy , chắc có thể do chập điện hoặc nguyên nhân gì đó khiến ngọn lửa bắt lên nhanh cộng với gió lớn .","per xuống cấp những vật liệu dễ bị cháy , chắc có thể do chập điện hoặc nguyên nhân gì đó khiến ngọn lửa bắt lên nhanh cộng với gió lớn .",other,neutral,4
uit_001394,"ngày xưa toàn bị mẹ đánh bằng dây điện , vụt phát nào ứa máu phát đấy . giờ nghĩ lại tự nhiên lại thấy hay , vì ngày xưa mẹ nghiêm khắc như thế giờ mình mới ngoan 🙂","ngày xưa toàn bị mẹ đánh bằng dây điện , vụt phát nào ứa máu phát đấy . giờ nghĩ lại tự nhiên lại thấy hay , vì ngày xưa mẹ nghiêm khắc như thế giờ mình mới ngoan 🙂",enjoyment,happiness,2
uit_000824,thích bài này lắm lun . thuộc lun,thích bài này lắm lun . thuộc lun,enjoyment,happiness,2
uit_004093,ráng ăn cho nhìu vô ỉa cục cức dài hơn móng tay ổng luôn kk,ráng ăn cho nhìu vô ỉa cục cức dài hơn móng tay ổng luôn kk,enjoyment,happiness,2
uit_000089,mỗi phút bên em thật tuyệt vời . chỉ em mới cho anh cái cảm giác đó,mỗi phút bên em thật tuyệt vời . chỉ em mới cho anh cái cảm giác đó,enjoyment,happiness,2
uit_004964,vậy vài bửa trời nắng mình không mang quần nằm dưới nắng cho nó nở ra :)),vậy vài bửa trời nắng mình không mang quần nằm dưới nắng cho nó nở ra :)),other,neutral,4
uit_001931,lên báo sớm thôi nhỉ,lên báo sớm thôi nhỉ,other,neutral,4
uit_001905,3 thằng ngốc . xem ý nghĩa lắm,3 thằng ngốc . xem ý nghĩa lắm,enjoyment,happiness,2
uit_002275,cô ấy không yêu tôi,cô ấy không yêu tôi,sadness,sadness,3
uit_002905,bộ phim hay ý nghĩa nhất từng xem,bộ phim hay ý nghĩa nhất từng xem,enjoyment,happiness,2
uit_001491,yêu làm mẹ gì rồi phải chia tay người ơi,yêu làm mẹ gì rồi phải chia tay người ơi,sadness,sadness,3
uit_004961,"về thôi , nghỉ ngơi rồi nở rộ tiếp","về thôi , nghỉ ngơi rồi nở rộ tiếp",other,neutral,4
uit_002577,bộ phim đáng xem đó mấy man,bộ phim đáng xem đó mấy man,enjoyment,happiness,2
uit_000373,mấy góc cầu bị bể là thành quả của mấy đứa mập chân ngắn để lại à ....,mấy góc cầu bị bể là thành quả của mấy đứa mập chân ngắn để lại à ....,other,neutral,4
uit_004480,thằng này đi sing học luật hay sao mà viết hay quá vậy ?,thằng này đi sing học luật hay sao mà viết hay quá vậy ?,other,neutral,4
uit_000595,per vui quá .. đi dạo được ven hồ rồi 🙂,per vui quá .. đi dạo được ven hồ rồi 🙂,enjoyment,happiness,2
uit_000933,tao không tin đâu hiccc =(((,tao không tin đâu hiccc =(((,sadness,sadness,3
uit_003125,có một sự tổn thương không hề nhẹ ở đây,có một sự tổn thương không hề nhẹ ở đây,sadness,sadness,3
uit_001355,per đẳng cấp nào rồi em,per đẳng cấp nào rồi em,other,neutral,4
uit_002774,"đúng vô cùng , không cần biết làm mệt việc nhiều lương thấp ra sao , làm ở 1 nơi đồng nghiệp như những ngừoi chị trong gia đình , đi làm mà cảm giác thoải mái vui vẻ như ở nhà . nơi có thể ở 9 tiếng 1 ngày","đúng vô cùng , không cần biết làm mệt việc nhiều lương thấp ra sao , làm ở 1 nơi đồng nghiệp như những ngừoi chị trong gia đình , đi làm mà cảm giác thoải mái vui vẻ như ở nhà . nơi có thể ở 9 tiếng 1 ngày",enjoyment,happiness,2
uit_002227,để nó vậy không thấy tội sao,để nó vậy không thấy tội sao,sadness,sadness,3
uit_000596,per cảm ơn tôi đi . thấy tầm quan trọng của máy chém gió chưa,per cảm ơn tôi đi . thấy tầm quan trọng của máy chém gió chưa,enjoyment,happiness,2
uit_003603,may là tao dán kính cường lực,may là tao dán kính cường lực,enjoyment,happiness,2
uit_004817,"per chưa bị rượt mà đọc bình luận thấy sợ quá , chắc tao sợ chó không là gì với con này :)","per chưa bị rượt mà đọc bình luận thấy sợ quá , chắc tao sợ chó không là gì với con này :)",fear,fear,1
uit_001766,"nhìn mặt đã thấy tởm , lũ thầy cô trong trường biết còn trêu chọc các em . rặt một lũ cặn bã , súc sinh .","nhìn mặt đã thấy tởm , lũ thầy cô trong trường biết còn trêu chọc các em . rặt một lũ cặn bã , súc sinh .",anger,anger,0
uit_002531,ngoài những bài chia tay vì lí do vớ vẩn ra thì neu cũng có những bài đăng đọc rồi còn nhớ mãi .,ngoài những bài chia tay vì lí do vớ vẩn ra thì neu cũng có những bài đăng đọc rồi còn nhớ mãi .,sadness,sadness,3
uit_004698,chủ em này không phải người nữa rồi,chủ em này không phải người nữa rồi,other,neutral,4
uit_003189,per vẩy cật lực luôn =)),per vẩy cật lực luôn =)),other,neutral,4
uit_003160,quan trọng là ông bà nội ngoại bạn phải giàu cái đã,quan trọng là ông bà nội ngoại bạn phải giàu cái đã,other,neutral,4
uit_001019,tao cũng có 1 con đi lạc 1 tuần xong nó về bắt cho tao 2 con chuột làm tao mất ngủ xong hôm sau nó đi tiếp 😞 tao mong nó về lắm 😞,tao cũng có 1 con đi lạc 1 tuần xong nó về bắt cho tao 2 con chuột làm tao mất ngủ xong hôm sau nó đi tiếp 😞 tao mong nó về lắm 😞,sadness,sadness,3
uit_000496,con lai xinh phết ??????,con lai xinh phết ??????,enjoyment,happiness,2
uit_003528,tuổi trẻ tài cao =))),tuổi trẻ tài cao =))),enjoyment,happiness,2
uit_001320,mình thiì chưa năm nào được trọn vẹn,mình thiì chưa năm nào được trọn vẹn,sadness,sadness,3
uit_003299,"cụ mua cái đoạn đường này chưa cụ , đg nếu không cấm đỗ xe thì người ta có quyền đỗ thôi , ghét nhất cái kiểu coi lòng đg như nhà mình rồi vừa đỗ cái xe vào là ra chửi . dcm","cụ mua cái đoạn đường này chưa cụ , đg nếu không cấm đỗ xe thì người ta có quyền đỗ thôi , ghét nhất cái kiểu coi lòng đg như nhà mình rồi vừa đỗ cái xe vào là ra chửi . dcm",anger,anger,0
uit_003182,tao bị quỳ cột cờ mới ác . cả trường biết mặt luôn . nhục vãi,tao bị quỳ cột cờ mới ác . cả trường biết mặt luôn . nhục vãi,sadness,sadness,3
uit_002276,ừ công nhận == không có tiền mua,ừ công nhận == không có tiền mua,sadness,sadness,3
uit_000911,"trên đường tao đi làm cũng có 2 con , mỗi lần chay tới là nó vương cổ ra như kiểu muốn hút tao trong khi tao không làm gì nó , cứ mỗi lần chạy tới là tao cách ly cả "" nghìn mét "" với nó , thấy nó sợ bỏ mẹ . đúng chất con ngang","trên đường tao đi làm cũng có 2 con , mỗi lần chay tới là nó vương cổ ra như kiểu muốn hút tao trong khi tao không làm gì nó , cứ mỗi lần chạy tới là tao cách ly cả "" nghìn mét "" với nó , thấy nó sợ bỏ mẹ . đúng chất con ngang",fear,fear,1
uit_003055,thèm được bố chửi 1 lần 🤤🤤,thèm được bố chửi 1 lần 🤤🤤,enjoyment,happiness,2
uit_003520,cẩn thận các góc cửa,cẩn thận các góc cửa,other,neutral,4
uit_002578,per quan trọng là phải có hội nói sấu sếp :v,per quan trọng là phải có hội nói sấu sếp :v,other,neutral,4
uit_001408,thiết kế vậy tiện . nào hư của xe thì lấy của quạt gắn vào đỡ mất tiền thay,thiết kế vậy tiện . nào hư của xe thì lấy của quạt gắn vào đỡ mất tiền thay,other,neutral,4
uit_000661,tao thì muốn là đéo bao giờ . nhưng mẹ tao thì muốn ngay bây giờ 😢,tao thì muốn là đéo bao giờ . nhưng mẹ tao thì muốn ngay bây giờ 😢,sadness,sadness,3
uit_004870,đỗ ngay góc cua thế có ngày sứt mõm ??,đỗ ngay góc cua thế có ngày sứt mõm ??,other,neutral,4
uit_003441,thanh niên quá cứng,thanh niên quá cứng,other,neutral,4
uit_002402,gia đình ổn tình yêu không có thì cần gì động lực ... kaka,gia đình ổn tình yêu không có thì cần gì động lực ... kaka,enjoyment,happiness,2
uit_003421,per chỉ một lần thôi 😂,per chỉ một lần thôi 😂,other,neutral,4
uit_005006,tao . đôi lúc nghĩ lại thì tao vẫn thấy sợ tao lúc tức giận .,tao . đôi lúc nghĩ lại thì tao vẫn thấy sợ tao lúc tức giận .,fear,fear,1
uit_003045,giết người quá rồi giờ phải đi tù chứ :))),giết người quá rồi giờ phải đi tù chứ :))),other,neutral,4
uit_002364,"cái khó ló cái khôn , yên tâm","cái khó ló cái khôn , yên tâm",other,neutral,4
uit_000918,đáng tiếc đời không như là mơ . thực tế sẽ vả vào mặt cho mày tỉnh ra :(,đáng tiếc đời không như là mơ . thực tế sẽ vả vào mặt cho mày tỉnh ra :(,sadness,sadness,3
uit_001312,tôi từng được sống . nhưng đấy là truyện của năm ngoái rồi,tôi từng được sống . nhưng đấy là truyện của năm ngoái rồi,sadness,sadness,3
uit_004261,"per nhớ ngày xưa gần nhà mày có đàn ngỗng , tụi khốn nạn đó toàn đi dàn hàng ngang chắn hết đường hết lối , mỗi lần tao đạp xe qua là rượt tao gần chết :v ám ảnh vãi","per nhớ ngày xưa gần nhà mày có đàn ngỗng , tụi khốn nạn đó toàn đi dàn hàng ngang chắn hết đường hết lối , mỗi lần tao đạp xe qua là rượt tao gần chết :v ám ảnh vãi",fear,fear,1
uit_000316,cặp này lầy mà dễ thương,cặp này lầy mà dễ thương,enjoyment,happiness,2
uit_000644,sĩ diện không nội mũ và cái kết dắt xe hết mẹ đoạn đường,sĩ diện không nội mũ và cái kết dắt xe hết mẹ đoạn đường,other,neutral,4
uit_003999,nhìn móng tay bác này mà tao thèm lòng chó quá per,nhìn móng tay bác này mà tao thèm lòng chó quá per,enjoyment,happiness,2
uit_004051,tâm sự không đúng người ngoài việc họ cười vào mặt bạn,tâm sự không đúng người ngoài việc họ cười vào mặt bạn,fear,fear,1
uit_001369,sao nỡ lòng nào khiển trách bác ấy . còn họp kiểm điểm nữa . tội quá .,sao nỡ lòng nào khiển trách bác ấy . còn họp kiểm điểm nữa . tội quá .,sadness,sadness,3
uit_002031,dễ thương quá à ????????,dễ thương quá à ????????,enjoyment,happiness,2
uit_001204,sao không cắt móng chân cho em ... nhìn mặt cute mà thấy móng chân em sợ phết,sao không cắt móng chân cho em ... nhìn mặt cute mà thấy móng chân em sợ phết,fear,fear,1
uit_000462,"làm pv quán karaoke đi rồi khổ hơn nữa , toilet danh cho nam chỉ đứng tè , vậy mà nỡ lòng nào mấy anh ngồi ỉa 😢 thiệt chứ gặp cái mún khóc lun …","làm pv quán karaoke đi rồi khổ hơn nữa , toilet danh cho nam chỉ đứng tè , vậy mà nỡ lòng nào mấy anh ngồi ỉa 😢 thiệt chứ gặp cái mún khóc lun ...",sadness,sadness,3
uit_003704,"nói mưa là mưa v chời , tôi còn đi chơi đi học nữa mừ .","nói mưa là mưa v chời , tôi còn đi chơi đi học nữa mừ .",sadness,sadness,3
uit_004370,may nó không đâm cho lòi ruột,may nó không đâm cho lòi ruột,enjoyment,happiness,2
uit_003411,per ở quê ve sầu kêu chưa chúng mày,per ở quê ve sầu kêu chưa chúng mày,other,neutral,4
uit_002919,nó chụp màn hình là còn tốt chán . có đứa nó còn đéo thèm đọc tn ấy .,nó chụp màn hình là còn tốt chán . có đứa nó còn đéo thèm đọc tn ấy .,other,neutral,4
uit_002075,cưng vãi ấy,cưng vãi ấy,enjoyment,happiness,2
uit_000997,xinh mà còn ngáo nữa thì người yêu mới cưng =)),xinh mà còn ngáo nữa thì người yêu mới cưng =)),enjoyment,happiness,2
uit_004542,"ăn hại zồi bắt em gái nó dọn , quá đáng lắm rồi đó","ăn hại zồi bắt em gái nó dọn , quá đáng lắm rồi đó",anger,anger,0
uit_001962,đi đường buổi đêm nhìn thấy hãi vãi ??,đi đường buổi đêm nhìn thấy hãi vãi ??,fear,fear,1
uit_000931,ghê quá đi,ghê quá đi,fear,fear,1
uit_003023,ta và nàng cùng quên .,ta và nàng cùng quên .,other,neutral,4
uit_002139,per có sub rồi nè . má coi đi coi lại vẫn mắc cười . với đưa anh stk đi,per có sub rồi nè . má coi đi coi lại vẫn mắc cười . với đưa anh stk đi,enjoyment,happiness,2
uit_002117,"có hình ảnh rõ ràng kiện chúng nó tội quấy rối đi . mịe cái lũ khốn kiếp , hay ho lắm cái trò dơ bẩn 🤧🤧🤧","có hình ảnh rõ ràng kiện chúng nó tội quấy rối đi . mịe cái lũ khốn kiếp , hay ho lắm cái trò dơ bẩn 🤧🤧🤧",anger,anger,0
uit_003051,ngày xưa cũng như này trong lúc mối quan hệ bắt đầu nhạt :) haiz,ngày xưa cũng như này trong lúc mối quan hệ bắt đầu nhạt :) haiz,sadness,sadness,3
uit_002197,ai đã dùng nó bây giờ phải 50 tuổi rồi,ai đã dùng nó bây giờ phải 50 tuổi rồi,other,neutral,4
uit_002650,khác xưa thật mà,khác xưa thật mà,other,neutral,4
uit_000068,hahaha lúc trước ca làm có 4 chị em vui biết bao :)),hahaha lúc trước ca làm có 4 chị em vui biết bao :)),enjoyment,happiness,2
uit_000669,tội quá ! nuôi mà không chăm sóc,tội quá ! nuôi mà không chăm sóc,sadness,sadness,3
uit_003965,cái cuối phê vãi,cái cuối phê vãi,enjoyment,happiness,2
uit_000346,buôn bỏ nhưng tình cảm ko thuoc về mình nua . bat đầu kiem tiên,buôn bỏ nhưng tình cảm ko thuoc về mình nua . bat đầu kiem tiên,sadness,sadness,3
uit_000045,bài này tao có 2 cảm xúc . đầu tiên về quán trà . đến cảm xúc quen lại c thy xong bị mẹ cấm :)),bài này tao có 2 cảm xúc . đầu tiên về quán trà . đến cảm xúc quen lại c thy xong bị mẹ cấm :)),other,neutral,4
uit_001913,đáng lẽ bệnh của tao đã không nặng đến thế,đáng lẽ bệnh của tao đã không nặng đến thế,sadness,sadness,3
uit_002336,chưa cho ba mẹ được gì . vậy có quyền gì mà đòi phàn nàn về những thứ ba mẹ đã rành rụng bao nhiêu năm để lại cho mình,chưa cho ba mẹ được gì . vậy có quyền gì mà đòi phàn nàn về những thứ ba mẹ đã rành rụng bao nhiêu năm để lại cho mình,sadness,sadness,3
uit_002324,tôi đoán rằng ông này đã lấy vợ trước khi lên mặt trăng,tôi đoán rằng ông này đã lấy vợ trước khi lên mặt trăng,other,neutral,4
uit_005011,một con ngựa hoang đúng nghĩa ..... đầy tài năng nhưng đang tiếc là không gặp được hlv và những đồng đội hỉu mình,một con ngựa hoang đúng nghĩa ..... đầy tài năng nhưng đang tiếc là không gặp được hlv và những đồng đội hỉu mình,enjoyment,happiness,2
uit_001093,có ai ngu như tao không đơn phương con nhỏ cạnh nhà 4 năm mặc dù nó ngồi chung bàn với tao suốt mấy năm cấp 3 :(((,có ai ngu như tao không đơn phương con nhỏ cạnh nhà 4 năm mặc dù nó ngồi chung bàn với tao suốt mấy năm cấp 3 :(((,sadness,sadness,3
uit_004379,móng này mày ra uống chữa yếu sinh lý với ung thư ... khá tuyệt !,móng này mày ra uống chữa yếu sinh lý với ung thư ... khá tuyệt !,enjoyment,happiness,2
uit_003647,điểm thì có hết rồi cần gì quan tâm đề thi nữa,điểm thì có hết rồi cần gì quan tâm đề thi nữa,other,neutral,4
uit_004294,"thế đường không cấm đỗ , bạn lấy quyền gì không cho người ta đỗ vậy","thế đường không cấm đỗ , bạn lấy quyền gì không cho người ta đỗ vậy",anger,anger,0
uit_004671,chúc bạn thành công < 3,chúc bạn thành công < 3,enjoyment,happiness,2
uit_004697,tối nay tập mai triển ??,tối nay tập mai triển ??,other,neutral,4
uit_001398,cho hết vào trường giáo dưỡng,cho hết vào trường giáo dưỡng,other,neutral,4
uit_002003,per ta nguyện nằm im,per ta nguyện nằm im,other,neutral,4
uit_004356,dume thằng quay phim khốn nạn . biết mà đéo bảo người ta đánh xe ra,dume thằng quay phim khốn nạn . biết mà đéo bảo người ta đánh xe ra,anger,anger,0
uit_000085,t nói thật tao hiền lắm . chứ bà lồn to kia mà gặp tao là ăn mấy cái mũ bảo hiểm vào mặt rồi :),t nói thật tao hiền lắm . chứ bà lồn to kia mà gặp tao là ăn mấy cái mũ bảo hiểm vào mặt rồi :),anger,anger,0
uit_002722,kkk ... bếp dầu một thời ta hay nấu đây nè,kkk ... bếp dầu một thời ta hay nấu đây nè,enjoyment,happiness,2
uit_005007,nó mà là đặc vụ thật thì lại ngớ người 😂,nó mà là đặc vụ thật thì lại ngớ người 😂,other,neutral,4
uit_000810,trong nhà không biết có ai không nữa ? sập quả này sợ thật đấy,trong nhà không biết có ai không nữa ? sập quả này sợ thật đấy,fear,fear,1
uit_004773,đứa nào bị táo bón thâm niên cứ ra cầu này mà nhảy đảm bảo hiệu quả ngay lần đầu trải nghiệm 🤣🤣🤣,đứa nào bị táo bón thâm niên cứ ra cầu này mà nhảy đảm bảo hiệu quả ngay lần đầu trải nghiệm 🤣🤣🤣,enjoyment,happiness,2
uit_001598,ko như thằng per năm ấy ngồi cạnh tao một hai không cho chép bài thi ! đm,ko như thằng per năm ấy ngồi cạnh tao một hai không cho chép bài thi ! đm,anger,anger,0
uit_002401,"kết hôn xong , anh thuê người giết cô để lấy tiền bảo hiểm 😌","kết hôn xong , anh thuê người giết cô để lấy tiền bảo hiểm 😌",other,neutral,4
uit_001530,chỉ mong ở cái độ tuổi ấy chúng ta còn được như vậy,chỉ mong ở cái độ tuổi ấy chúng ta còn được như vậy,enjoyment,happiness,2
uit_004596,con mong cụ cuộc sống sẽ tốt hơn 😔,con mong cụ cuộc sống sẽ tốt hơn 😔,enjoyment,happiness,2
uit_005219,mày xinh ghê vậy :d,mày xinh ghê vậy :d,enjoyment,happiness,2
uit_000690,nhớ tới mối tình đơn phương !,nhớ tới mối tình đơn phương !,sadness,sadness,3
uit_001562,một nỗi buồn thầm lặng,một nỗi buồn thầm lặng,sadness,sadness,3
uit_004056,quảng cáo đéo gì tao thấy đáng sợ vãi .,quảng cáo đéo gì tao thấy đáng sợ vãi .,anger,anger,0
uit_000093,bả đòi cái gì vậy ?,bả đòi cái gì vậy ?,other,neutral,4
uit_003794,nhìn cái muốn cong :d,nhìn cái muốn cong :d,enjoyment,happiness,2
uit_001826,"chúng mày nhìn , tao nuốt cũng không xuống nổi , ông địa","chúng mày nhìn , tao nuốt cũng không xuống nổi , ông địa",fear,fear,1
uit_004992,bị nó chặn đầu mấy lần khóc sướt mướt luôn . mấy con yêu nghiệt này còn dữ hơn chó,bị nó chặn đầu mấy lần khóc sướt mướt luôn . mấy con yêu nghiệt này còn dữ hơn chó,fear,fear,1
uit_004045,nhìn vừa tội vừa thương ????,nhìn vừa tội vừa thương ????,sadness,sadness,3
uit_004570,người anh em thiện lành nhận bao tiền để viết bài này ?,người anh em thiện lành nhận bao tiền để viết bài này ?,other,neutral,4
uit_000508,má ơi đây chính là thứ ám ảnh nhất cuộc đời con . kẻ thù 😢😢😢,má ơi đây chính là thứ ám ảnh nhất cuộc đời con . kẻ thù 😢😢😢,fear,fear,1
uit_001198,cần phải tỉnh táo,cần phải tỉnh táo,other,neutral,4
uit_000368,uiiiii hay vì n đổ ra sàn mà n đổ đầy mồm thì pheee,uiiiii hay vì n đổ ra sàn mà n đổ đầy mồm thì pheee,enjoyment,happiness,2
uit_002362,chính những người như thế họ rất cẩn trọng khi bật xi nhan đấy,chính những người như thế họ rất cẩn trọng khi bật xi nhan đấy,fear,fear,1
uit_000668,"per bất hạnh thật tao với mày mua bánh ăn chung đi , cóc cần gấu 🤨","per bất hạnh thật tao với mày mua bánh ăn chung đi , cóc cần gấu 🤨",anger,anger,0
uit_000370,bọn nè phạt nặng .,bọn nè phạt nặng .,anger,anger,0
uit_002668,ngày bé nấu hoài không chín . tức rủ mấy đứa ra đốt cả đống rơm nhà hàng xóm,ngày bé nấu hoài không chín . tức rủ mấy đứa ra đốt cả đống rơm nhà hàng xóm,enjoyment,happiness,2
uit_003166,moẹ thấy u ám hơn thì có . dume 💩,moẹ thấy u ám hơn thì có . dume 💩,anger,anger,0
uit_003311,quan trọng phải là thần thái,quan trọng phải là thần thái,other,neutral,4
uit_003432,per bao giờ mày mới được nv nhỉ,per bao giờ mày mới được nv nhỉ,other,neutral,4
uit_003542,per mới bắt đầu tuần thánh mà chúa ơii,per mới bắt đầu tuần thánh mà chúa ơii,sadness,sadness,3
uit_000350,đừng tưởng nó nói yêu mày là yêu mày thật :))),đừng tưởng nó nói yêu mày là yêu mày thật :))),other,neutral,4
uit_000082,tử hình con mẹ nó lũ chó má không có tính người đi . khổ thân lũ trẻ,tử hình con mẹ nó lũ chó má không có tính người đi . khổ thân lũ trẻ,anger,anger,0
uit_004534,cúi xuống húp liền còn chờ gì nữa thằng chụp ảnh 😃,cúi xuống húp liền còn chờ gì nữa thằng chụp ảnh 😃,other,neutral,4
uit_002486,tưởng tượng như vừa lắp não thì lại rớt ... đại loại như vậy đó 🤣🤣🤣,tưởng tượng như vừa lắp não thì lại rớt ... đại loại như vậy đó 🤣🤣🤣,other,neutral,4
uit_000487,chuẩn đét . t nghỉ công ty cũ cũng vì đồng nghiệp 😭😭😭,chuẩn đét . t nghỉ công ty cũ cũng vì đồng nghiệp 😭😭😭,sadness,sadness,3
uit_001195,ai cho mình xin page của con này với thích xem nó live stream bán đồ gê,ai cho mình xin page của con này với thích xem nó live stream bán đồ gê,enjoyment,happiness,2
uit_003185,và thế đéo nào chúng nó toàn gọi mình là thằng 😏😏😏,và thế đéo nào chúng nó toàn gọi mình là thằng 😏😏😏,anger,anger,0
uit_004317,"sợ vãi , mém xỉu","sợ vãi , mém xỉu",fear,fear,1
uit_001985,uiii xinh gái thế ...,uiii xinh gái thế ...,enjoyment,happiness,2
uit_004626,"đi hát văn nghệ cho trường nguyên cấp 1 , kiếm được kha khá . cấp 2 vỡ giọng , khỏi hát 🤣","đi hát văn nghệ cho trường nguyên cấp 1 , kiếm được kha khá . cấp 2 vỡ giọng , khỏi hát 🤣",enjoyment,happiness,2
uit_001738,"chứ tao mà viết đến giờ chắc dày lắm , nhiều đứa bị lôi vào sổ ghi nợ lắm :d","chứ tao mà viết đến giờ chắc dày lắm , nhiều đứa bị lôi vào sổ ghi nợ lắm :d",other,neutral,4
uit_002405,đằng này họ nghĩ tao muốn giết người rồi chửi tao bị thần kinh rồi cho trôi qua mọi chuyện,đằng này họ nghĩ tao muốn giết người rồi chửi tao bị thần kinh rồi cho trôi qua mọi chuyện,sadness,sadness,3
uit_002747,thật đúng đắn khi đã follow page này !,thật đúng đắn khi đã follow page này !,enjoyment,happiness,2
uit_002998,sao giống phim good doctor của hàn vậy ?? cũng bệnh tự kỉ và có khả năng nhìn được 3d !,sao giống phim good doctor của hàn vậy ?? cũng bệnh tự kỉ và có khả năng nhìn được 3d !,enjoyment,happiness,2
uit_004299,lấy chồng như 1 canh bạc . ko hoa . ko lời chúc không gì hết . pải chăng số ta chỉ được vậy . cô đơn quen rồi,lấy chồng như 1 canh bạc . ko hoa . ko lời chúc không gì hết . pải chăng số ta chỉ được vậy . cô đơn quen rồi,sadness,sadness,3
uit_004982,giờ cứ thành lập các tổ an ninh . bắt được bao nhiêu . chiên free cho các tiệm bia hết là bao tuyệt chủng 😂😂,giờ cứ thành lập các tổ an ninh . bắt được bao nhiêu . chiên free cho các tiệm bia hết là bao tuyệt chủng 😂😂,enjoyment,happiness,2
uit_003216,sao nhìn nó đấm đéo có lực gì hết nhỉ,sao nhìn nó đấm đéo có lực gì hết nhỉ,other,neutral,4
uit_004110,tao còn phải đợi 3 tháng nữa là đủ 1 gia đình nhỏ rồi,tao còn phải đợi 3 tháng nữa là đủ 1 gia đình nhỏ rồi,enjoyment,happiness,2
uit_001534,hình như chính là cái nhà thờ đó đó,hình như chính là cái nhà thờ đó đó,other,neutral,4
uit_000128,per cách này coi bộ hay nha 😂,per cách này coi bộ hay nha 😂,enjoyment,happiness,2
uit_003602,per nghe rồi ngủ đi em,per nghe rồi ngủ đi em,other,neutral,4
uit_004586,chuẩn bài =)))),chuẩn bài =)))),enjoyment,happiness,2
uit_000061,tốt quá,tốt quá,enjoyment,happiness,2
uit_000422,"ng nhật giỏi ở chỗ đó ., đây không phải là sự phiền hà mà là một cơ hội .","ng nhật giỏi ở chỗ đó ., đây không phải là sự phiền hà mà là một cơ hội .",enjoyment,happiness,2
uit_000405,chắc là vì em .. đi lấy chồng 😥,chắc là vì em .. đi lấy chồng 😥,sadness,sadness,3
uit_003381,kha ́ thông minh :)))),kha ́ thông minh :)))),enjoyment,happiness,2
uit_003280,đúng chất người đẹp mặc rẻ rách cũng đẹp,đúng chất người đẹp mặc rẻ rách cũng đẹp,other,neutral,4
uit_001667,chàng trai vàng trong làng bấm biển =))),chàng trai vàng trong làng bấm biển =))),enjoyment,happiness,2
uit_005188,nghe mãi mà vẫn thấy hay,nghe mãi mà vẫn thấy hay,enjoyment,happiness,2
uit_005088,các cháu giờ lợi hại quá :<,các cháu giờ lợi hại quá :<,enjoyment,happiness,2
uit_001065,con bé xinh ghê,con bé xinh ghê,enjoyment,happiness,2
uit_000518,con gái hay ảo tưởng như vậy lắm 😌,con gái hay ảo tưởng như vậy lắm 😌,sadness,sadness,3
uit_004446,"đừng tin vào lời ong bướm , đó là hố sâu , là cạm bẫy tình yêu =))","đừng tin vào lời ong bướm , đó là hố sâu , là cạm bẫy tình yêu =))",fear,fear,1
uit_002455,chủ như này lại chăm làm vãi =)),chủ như này lại chăm làm vãi =)),enjoyment,happiness,2
uit_002770,mình còn để ảnh bạn ấy trong thẻ học sinh xong bị thấy cơ,mình còn để ảnh bạn ấy trong thẻ học sinh xong bị thấy cơ,enjoyment,happiness,2
uit_005147,ức chế lắm cụ ạ . đi trong phố cổ còn chưa dừng hẳn đã bị gõ cửa xua đi .,ức chế lắm cụ ạ . đi trong phố cổ còn chưa dừng hẳn đã bị gõ cửa xua đi .,anger,anger,0
uit_004742,vào sớm chút mới về được,vào sớm chút mới về được,other,neutral,4
uit_003637,tiếng guitar thật tuyệt,tiếng guitar thật tuyệt,enjoyment,happiness,2
uit_001112,"cái này ở shop đồng giá 40k aeon có nè , tê tới dái luôn","cái này ở shop đồng giá 40k aeon có nè , tê tới dái luôn",enjoyment,happiness,2
uit_001042,khi bạn thật lòng với ai đó . nhưng người ta coi bạn như 1 trò đùa,khi bạn thật lòng với ai đó . nhưng người ta coi bạn như 1 trò đùa,other,neutral,4
uit_003375,"mình sợ nhất đến bữa ăn mà bố mình vác cái thớt vào mâm cơm , bố mình biết mình sợ vậy nên mọi chiện giải quyết sau khi ăn cơm xong ,","mình sợ nhất đến bữa ăn mà bố mình vác cái thớt vào mâm cơm , bố mình biết mình sợ vậy nên mọi chiện giải quyết sau khi ăn cơm xong ,",sadness,sadness,3
uit_003086,per cười đau bụng luôn 🤣🤣,per cười đau bụng luôn 🤣🤣,enjoyment,happiness,2
uit_004856,khi mày tắt điện thoại một buổi sáng và tao nhảy tưng tưng lên :),khi mày tắt điện thoại một buổi sáng và tao nhảy tưng tưng lên :),other,neutral,4
uit_004049,mấy con lồn này lắm nữa 🙂,mấy con lồn này lắm nữa 🙂,anger,anger,0
uit_003594,nhưng kp cười với mày đâu :) ảo tưởng vãi,nhưng kp cười với mày đâu :) ảo tưởng vãi,sadness,sadness,3
uit_000034,haizzz ... thế là chưa có kq gì tốt đẹp cả ..,haizzz ... thế là chưa có kq gì tốt đẹp cả ..,sadness,sadness,3
uit_000955,mua con lợn 5 chục lì xì được có 40 nghìn mất thời gian tốn cả tiền bạc 😂,mua con lợn 5 chục lì xì được có 40 nghìn mất thời gian tốn cả tiền bạc 😂,sadness,sadness,3
uit_003625,chúng tôi xin lỗi và rút kinh nghiệm,chúng tôi xin lỗi và rút kinh nghiệm,other,neutral,4
uit_001748,"per anh nào nhắn vậy là tao yêuc luôn đéo suy nghĩ , ngọt vãi","per anh nào nhắn vậy là tao yêuc luôn đéo suy nghĩ , ngọt vãi",enjoyment,happiness,2
uit_001759,muốn nhanh thì phải từ từ =))))),muốn nhanh thì phải từ từ =))))),enjoyment,happiness,2
uit_001077,má lỡ té xuống 1 cái tao nói lên tắm 8 năm cũng đéo sạch nữa,má lỡ té xuống 1 cái tao nói lên tắm 8 năm cũng đéo sạch nữa,fear,fear,1
uit_001325,per chúng ta vẩn xài . kk,per chúng ta vẩn xài . kk,enjoyment,happiness,2
uit_004558,chủ tịch giả vờ luyện vỏ và cái kết sấp mặt luôn haha,chủ tịch giả vờ luyện vỏ và cái kết sấp mặt luôn haha,enjoyment,happiness,2
uit_002537,có đứa nào vừa xem vừa sờ tai mình không ? sợ vãi :<<<,có đứa nào vừa xem vừa sờ tai mình không ? sợ vãi :<<<,fear,fear,1
uit_005087,per lần sau hãy hưởng ứng câu chuyện của tao như này này,per lần sau hãy hưởng ứng câu chuyện của tao như này này,other,neutral,4
uit_002973,cay đắng cuộc đời 😞 một chút vị mặn của mồ hôi nước mắt,cay đắng cuộc đời 😞 một chút vị mặn của mồ hôi nước mắt,sadness,sadness,3
uit_001159,đợi đến ngày họp lớp đi 😪,đợi đến ngày họp lớp đi 😪,sadness,sadness,3
uit_003390,đã gặp được em đúng lúc . nhưng lại không phải thời điểm em muốn ....,đã gặp được em đúng lúc . nhưng lại không phải thời điểm em muốn ....,sadness,sadness,3
uit_001137,:) thế trong trường hợp này thì sao ? có nhiều xe lắm đâu cụ,:) thế trong trường hợp này thì sao ? có nhiều xe lắm đâu cụ,other,neutral,4
uit_003606,per thế thì nhà nào bầy hàng họ ra vỉa hè thì mình được đuổi đúng không cụ =))),per thế thì nhà nào bầy hàng họ ra vỉa hè thì mình được đuổi đúng không cụ =))),other,neutral,4
uit_002488,nhưng những người làm trong các ngành này không mấy ai có nhiều nhà to và nhiều đất đai,nhưng những người làm trong các ngành này không mấy ai có nhiều nhà to và nhiều đất đai,other,neutral,4
uit_001102,tao xin bổ sung thêm,tao xin bổ sung thêm,other,neutral,4
uit_000850,giống tao nhưng tay trái tao có thẹo do mẹ tao xưa cắt trúng nên nhìn thẹo để phân biệt thôi chứ kêu phải ứng liền là không được,giống tao nhưng tay trái tao có thẹo do mẹ tao xưa cắt trúng nên nhìn thẹo để phân biệt thôi chứ kêu phải ứng liền là không được,other,neutral,4
uit_003362,rất ghét phim ấn nhưng phải nói phim này hay 👍,rất ghét phim ấn nhưng phải nói phim này hay 👍,enjoyment,happiness,2
uit_001231,mặt con mèo giải trí dữ 😬,mặt con mèo giải trí dữ 😬,enjoyment,happiness,2
uit_005068,cầm cái búa ra,cầm cái búa ra,other,neutral,4
uit_004754,người ta có bạn bè nhìn vui thật,người ta có bạn bè nhìn vui thật,sadness,sadness,3
uit_002047,nhìn cái đống lúa phơi mưa ướt nhẹp ma ghép cười được .,nhìn cái đống lúa phơi mưa ướt nhẹp ma ghép cười được .,other,neutral,4
uit_004639,em thấy nó đúng đấy chứ,em thấy nó đúng đấy chứ,enjoyment,happiness,2
uit_001726,chuỗi ngày tủi nhục cũng từ đó mà bắt đầu,chuỗi ngày tủi nhục cũng từ đó mà bắt đầu,sadness,sadness,3
uit_003972,đkmm xuống đáy biển mà viết luôn đi thằng lồn =)),đkmm xuống đáy biển mà viết luôn đi thằng lồn =)),anger,anger,0
uit_001036,nhốt hết mấy thành phần hát karaoke đấy vào sọt đi trời,nhốt hết mấy thành phần hát karaoke đấy vào sọt đi trời,anger,anger,0
uit_000695,may không có ai trong nhà,may không có ai trong nhà,other,neutral,4
uit_002941,"căm thù , uất đến tận họng mà không biết phải làm gì ??? càng xem càng thấy đau lòng mặc dù không phải con mình . 1 xh thối nát , đồng tiền làm lu mờ nhân tính con người .","căm thù , uất đến tận họng mà không biết phải làm gì ??? càng xem càng thấy đau lòng mặc dù không phải con mình . 1 xh thối nát , đồng tiền làm lu mờ nhân tính con người .",anger,anger,0
uit_003597,tao cũng ho trật mẹ khớp vai mà đéo phải 1 lần đầu nhé,tao cũng ho trật mẹ khớp vai mà đéo phải 1 lần đầu nhé,sadness,sadness,3
uit_004290,đẹp người đẹp cả giấc mơ 😊,đẹp người đẹp cả giấc mơ 😊,enjoyment,happiness,2
uit_003886,biết chứ dã từng sài,biết chứ dã từng sài,other,neutral,4
uit_005152,mong là có bảo hiểm,mong là có bảo hiểm,other,neutral,4
uit_004091,cười đau ruột 🤣🤣🤣,cười đau ruột 🤣🤣🤣,enjoyment,happiness,2
uit_002839,hhaahhaah ! t đã may mắn như thế 😂,hhaahhaah ! t đã may mắn như thế 😂,enjoyment,happiness,2
uit_004230,tao đi xe máy mỗi lần muốn để xe đi đâu là phi mẹ nó vào quán net gửi đấy rồi đi ra đéo mất phí,tao đi xe máy mỗi lần muốn để xe đi đâu là phi mẹ nó vào quán net gửi đấy rồi đi ra đéo mất phí,other,neutral,4
uit_002639,per 2 ly trà sữa bạn làm rơi mà chưa thấy bồi thường lại mình 😞,per 2 ly trà sữa bạn làm rơi mà chưa thấy bồi thường lại mình 😞,sadness,sadness,3
uit_004023,k nuôi thì cho người muốn nuôi đi chứ để em nó bọ ve tùm lum sót quá ????,k nuôi thì cho người muốn nuôi đi chứ để em nó bọ ve tùm lum sót quá ????,sadness,sadness,3
uit_001341,để tao nấu thì quên luôn . xác định tối đó đói :((,để tao nấu thì quên luôn . xác định tối đó đói :((,sadness,sadness,3
uit_001470,hình như xe biển xanh,hình như xe biển xanh,other,neutral,4
uit_005059,sợ vãi nồi tao còn tg thằng kia bay ra cơ :)))),sợ vãi nồi tao còn tg thằng kia bay ra cơ :)))),fear,fear,1
uit_001069,tưởng tượng mà dưới sông có cá sấu nữa chắc hết dám đi,tưởng tượng mà dưới sông có cá sấu nữa chắc hết dám đi,fear,fear,1
uit_004097,đúng . t vẫn lun chờ đợi đứa đó dọn dô cuộc đời t sống .,đúng . t vẫn lun chờ đợi đứa đó dọn dô cuộc đời t sống .,enjoyment,happiness,2
uit_005124,"công khai và phạt thật nặng : đuổi học , cấm thi 10 năm","công khai và phạt thật nặng : đuổi học , cấm thi 10 năm",anger,anger,0
uit_003291,nhìn lại giờ đéo biết vì sao ngày xưa mình đỗ đại học,nhìn lại giờ đéo biết vì sao ngày xưa mình đỗ đại học,other,neutral,4
uit_002654,"bỏ qua mấy dòg chữ , nhìn khuôn mặt con bé không thể nhịn cười per :))","bỏ qua mấy dòg chữ , nhìn khuôn mặt con bé không thể nhịn cười per :))",enjoyment,happiness,2
uit_002624,tao đau lòng quá,tao đau lòng quá,sadness,sadness,3
uit_000961,nắng cũng đã sắp tàn sao mà chả thấy em đâu ...,nắng cũng đã sắp tàn sao mà chả thấy em đâu ...,sadness,sadness,3
uit_001295,đừng đùa với người nước ngoài nhé,đừng đùa với người nước ngoài nhé,other,neutral,4
uit_005132,mới ngày nào bidv còn đứng nhất mà .. haizzz,mới ngày nào bidv còn đứng nhất mà .. haizzz,sadness,sadness,3
uit_004285,"thôi đi cháu , chưa đủ tuổi thì đừng mê trai , đừng đẩy con nhà người ta vào tù :v","thôi đi cháu , chưa đủ tuổi thì đừng mê trai , đừng đẩy con nhà người ta vào tù :v",other,neutral,4
uit_000578,t đã cố tình che mặt nhưng vẫn giật mình,t đã cố tình che mặt nhưng vẫn giật mình,fear,fear,1
uit_002798,per mày phải thấy may mắn khi cuộc đời mày được gặp tao :))),per mày phải thấy may mắn khi cuộc đời mày được gặp tao :))),enjoyment,happiness,2
uit_002527,rồi đất nước mình sẽ đi về đâu .:'(,rồi đất nước mình sẽ đi về đâu .:'(,sadness,sadness,3
uit_003678,đã nguy hiểm vậy sao không hủy mà bán 0 . 0,đã nguy hiểm vậy sao không hủy mà bán 0 . 0,fear,fear,1
uit_004286,"t đã hối hận vì nói ra , để rồi bao giờ tao với cô ấy chẳng còn thể nói chuyện như trước nữa","t đã hối hận vì nói ra , để rồi bao giờ tao với cô ấy chẳng còn thể nói chuyện như trước nữa",sadness,sadness,3
uit_002555,bọn này lại muốn nổi rồi !,bọn này lại muốn nổi rồi !,other,neutral,4
uit_003239,cay mắt,cay mắt,sadness,sadness,3
uit_003446,mùa hè không nóng đây rồi,mùa hè không nóng đây rồi,enjoyment,happiness,2
uit_004481,và đó đéo phải là tao =))),và đó đéo phải là tao =))),sadness,sadness,3
uit_000127,đọc bình luận cười ẻ,đọc bình luận cười ẻ,enjoyment,happiness,2
uit_002135,per sự thích thể hiện của các bạn mà bóng đá per tốn một món tiền không nhỏ ! 😩🙏🤕,per sự thích thể hiện của các bạn mà bóng đá per tốn một món tiền không nhỏ ! 😩🙏🤕,sadness,sadness,3
uit_003357,"khi theo đuổi sự ưu tú , sự thành công sẽ theo đuổi bạn","khi theo đuổi sự ưu tú , sự thành công sẽ theo đuổi bạn",other,neutral,4
uit_003318,bộ phim đầu tiên làm tao khóc thành tiếng,bộ phim đầu tiên làm tao khóc thành tiếng,sadness,sadness,3
uit_004266,năm nay thì đở hơn rồi kkkk,năm nay thì đở hơn rồi kkkk,enjoyment,happiness,2
uit_001585,thằng nào sửa xe này dễ đau tim mà chết lắm . :)). nhất là những thằng sợ rắn .,thằng nào sửa xe này dễ đau tim mà chết lắm . :)). nhất là những thằng sợ rắn .,fear,fear,1
uit_002061,nhấp mẹ miếng da chính giữa 2 lỗ rồi lấy muỗng múc là xong,nhấp mẹ miếng da chính giữa 2 lỗ rồi lấy muỗng múc là xong,other,neutral,4
uit_001803,"đm buồn cười đéo chịu được , đặc vụ nằm vùng đi xe đạp thì đuổi sao kịp mấy th lol đi xe máy 🙄","đm buồn cười đéo chịu được , đặc vụ nằm vùng đi xe đạp thì đuổi sao kịp mấy th lol đi xe máy 🙄",enjoyment,happiness,2
uit_002752,cô ấy hết thương tao rồi,cô ấy hết thương tao rồi,sadness,sadness,3
uit_004340,bức ảnh này lại làm mình bị ám ảnh . haz,bức ảnh này lại làm mình bị ám ảnh . haz,fear,fear,1
uit_002874,nhìn dáng đi mà nhớ ông nội 😞,nhìn dáng đi mà nhớ ông nội 😞,sadness,sadness,3
uit_000553,"nói gì , em trai tao cắt tóc xong là tao đè nó ra chụp hình . cảm thấy nó cắt tóc xong là đứa nào chứ không phải em tao =)))))","nói gì , em trai tao cắt tóc xong là tao đè nó ra chụp hình . cảm thấy nó cắt tóc xong là đứa nào chứ không phải em tao =)))))",enjoyment,happiness,2
uit_001990,nước mình chả í thức gì cả xả rác bừa bãi để trôi rác đầy đường thể này thật buồn,nước mình chả í thức gì cả xả rác bừa bãi để trôi rác đầy đường thể này thật buồn,sadness,sadness,3
uit_004895,ngọt sớt :))),ngọt sớt :))),enjoyment,happiness,2
uit_000867,các bác cứ tích cực vào . em chả quan tâm,các bác cứ tích cực vào . em chả quan tâm,other,neutral,4
uit_004457,con dang yêuc qua ha,con dang yêuc qua ha,enjoyment,happiness,2
uit_001603,dume nó hết con mẹ nó hồn ....😭😭😭😭,dume nó hết con mẹ nó hồn ....😭😭😭😭,fear,fear,1
uit_002353,"có thể trường học không trọng dụng bác ý nên bác ý không muốn về , ý kiến riêng em","có thể trường học không trọng dụng bác ý nên bác ý không muốn về , ý kiến riêng em",other,neutral,4
uit_002872,cái này là ở đâu vậy ?,cái này là ở đâu vậy ?,other,neutral,4
uit_003361,"như đi hiến máu chẳng hạn :3 , suýt thì được gặp :(","như đi hiến máu chẳng hạn :3 , suýt thì được gặp :(",sadness,sadness,3
uit_003104,tôi từng trách bố mẹ sao sinh tôi ra trong hoàn cảnh này,tôi từng trách bố mẹ sao sinh tôi ra trong hoàn cảnh này,sadness,sadness,3
uit_001762,có khi nào là chủ tịch giả vờ không ?,có khi nào là chủ tịch giả vờ không ?,other,neutral,4
uit_003525,tới lúc chia tay rồi khóc :(,tới lúc chia tay rồi khóc :(,sadness,sadness,3
uit_004360,tôi đã cười khi xem,tôi đã cười khi xem,enjoyment,happiness,2
uit_002581,tao đa khóc khi xem phim này 😭😭😭😭😭,tao đa khóc khi xem phim này 😭😭😭😭😭,sadness,sadness,3
uit_001147,"per mày ơi trò này lợi hại nè áp dụng ngay :"")))","per mày ơi trò này lợi hại nè áp dụng ngay :"")))",enjoyment,happiness,2
uit_001844,dm đang yên đang lành tự dưng bị nhét cẩu lương 😡😡,dm đang yên đang lành tự dưng bị nhét cẩu lương 😡😡,anger,anger,0
uit_003955,cho nghe lại cái khúc đó đi anh hai à :v,cho nghe lại cái khúc đó đi anh hai à :v,other,neutral,4
uit_004606,"bức ảnh rất đẹp , cám ơn người chụp hình","bức ảnh rất đẹp , cám ơn người chụp hình",enjoyment,happiness,2
uit_002409,đm nhậu say gặp cái cầu lol này chắc tao nằm xuống mẹ cho rồi per,đm nhậu say gặp cái cầu lol này chắc tao nằm xuống mẹ cho rồi per,fear,fear,1
uit_004405,cười vãi :))) tếu thật sự luôn ý,cười vãi :))) tếu thật sự luôn ý,enjoyment,happiness,2
uit_002675,"nó sẽ ra cái ốp , lo gì thiếu đồ chơi","nó sẽ ra cái ốp , lo gì thiếu đồ chơi",other,neutral,4
uit_002924,chúc 2 you hạnh phúc ❤,chúc 2 you hạnh phúc ❤,enjoyment,happiness,2
uit_004981,cao su đó khai thắc làm sao có mủ,cao su đó khai thắc làm sao có mủ,other,neutral,4
uit_004199,bó tay luôn á,bó tay luôn á,sadness,sadness,3
uit_003141,sau này nhất định phải nói chuyện lịch sự :)))) không phải một người đọc mà là mọi người cùng đọc =)))),sau này nhất định phải nói chuyện lịch sự :)))) không phải một người đọc mà là mọi người cùng đọc =)))),other,neutral,4
uit_000983,đứng dưới cây này chỉ sợ ngột vì mùi hoa sữa 😂😂😂,đứng dưới cây này chỉ sợ ngột vì mùi hoa sữa 😂😂😂,fear,fear,1
uit_001239,đậu . tao mê nhất là giọng tuy hòa phú yên . nó luôn mang một ấn tượng sâu sắc . nghe cứ thích thế nào ấy,đậu . tao mê nhất là giọng tuy hòa phú yên . nó luôn mang một ấn tượng sâu sắc . nghe cứ thích thế nào ấy,enjoyment,happiness,2
uit_000255,nhìn mặt là cười phọt rồi,nhìn mặt là cười phọt rồi,enjoyment,happiness,2
uit_004916,thấy anh đấy làm tùm lum mà con nhện vẫn đứng im là tao biết có chiêu rồi . định gạt anh ak,thấy anh đấy làm tùm lum mà con nhện vẫn đứng im là tao biết có chiêu rồi . định gạt anh ak,enjoyment,happiness,2
uit_004320,dù thời tiết nóng bức ... nhưng ăn vải vẫn là ngon nhất,dù thời tiết nóng bức ... nhưng ăn vải vẫn là ngon nhất,enjoyment,happiness,2
uit_002203,đúng rồi con gái là vậy mà kkk,đúng rồi con gái là vậy mà kkk,enjoyment,happiness,2
uit_003570,buồn cho 1 đất nước .,buồn cho 1 đất nước .,sadness,sadness,3
uit_004943,còn nhiều người có cuộc sống khốn khổ hơn ta :),còn nhiều người có cuộc sống khốn khổ hơn ta :),sadness,sadness,3
uit_003237,tập có lỗi với thằng quay phim mà tao xem ba lần tao vẫn cười đứt ruột,tập có lỗi với thằng quay phim mà tao xem ba lần tao vẫn cười đứt ruột,enjoyment,happiness,2
uit_003815,"từ khi lấy vợ , làm vlog thiếu muối hẳn huhu","từ khi lấy vợ , làm vlog thiếu muối hẳn huhu",sadness,sadness,3
uit_002808,dễ thương ghê ! làm mình nhớ các cậu bạn cùng lớp hồi học cấp 2 quá !,dễ thương ghê ! làm mình nhớ các cậu bạn cùng lớp hồi học cấp 2 quá !,enjoyment,happiness,2
uit_004654,chuột nhìn thấy said : bố lại sợ mày quá cơ =))),chuột nhìn thấy said : bố lại sợ mày quá cơ =))),other,neutral,4
uit_001462,"cũng tùy , đôi khi không cần vật chất mà chỉ cần động viên , san sẽ những khi con mình vấp ngã hay khó khăn trong cuộc sống thì ...","cũng tùy , đôi khi không cần vật chất mà chỉ cần động viên , san sẽ những khi con mình vấp ngã hay khó khăn trong cuộc sống thì ...",sadness,sadness,3
uit_000674,đã khóc . cha mẹ là người luôn yêu thương minh nhất,đã khóc . cha mẹ là người luôn yêu thương minh nhất,sadness,sadness,3
uit_005172,cậu lái xe nói chưa thấy sai gì . ?? đỗ dưới đường chứ có đỗ vào phòng khách nhà mình đâu mà kêu .,cậu lái xe nói chưa thấy sai gì . ?? đỗ dưới đường chứ có đỗ vào phòng khách nhà mình đâu mà kêu .,other,neutral,4
uit_001403,sau nay em cung uoc duoc nhu vay ❤,sau nay em cung uoc duoc nhu vay ❤,enjoyment,happiness,2
uit_004122,"mẹ kể hồi nhỏ nuôi con ngỗng thay chó canh nhà . ăn trộm mà vào thì chạy đằng trời với nó , cả bầy lao ra quạt với táp , khi gia đình vác gậy chạy ra thì thằng ăn trộm nó ôm cây trên tít cành cao , áo quần tóc tai lủng máu me tè le . gia đình phải cứu ăn trộm má mấy mẻ còn không tha , 2 3 con vẫn dí nhảy hàng rào dí theo ăn trộm . phải nói dí bao dai mà cục súc vê lờ .","mẹ kể hồi nhỏ nuôi con ngỗng thay chó canh nhà . ăn trộm mà vào thì chạy đằng trời với nó , cả bầy lao ra quạt với táp , khi gia đình vác gậy chạy ra thì thằng ăn trộm nó ôm cây trên tít cành cao , áo quần tóc tai lủng máu me tè le . gia đình phải cứu ăn trộm má mấy mẻ còn không tha , 2 3 con vẫn dí nhảy hàng rào dí theo ăn trộm . phải nói dí bao dai mà cục súc vê lờ .",enjoyment,happiness,2
uit_003828,"per tiền bạc là phù du , quan trọng là tình nghĩa","per tiền bạc là phù du , quan trọng là tình nghĩa",other,neutral,4
uit_000213,"đây là tao khi bảo "" tao biết đường mà , tin tao ."" 🙂","đây là tao khi bảo "" tao biết đường mà , tin tao ."" 🙂",enjoyment,happiness,2
uit_004746,"mà sếp cũng duyệt , cũng in rồi haha","mà sếp cũng duyệt , cũng in rồi haha",enjoyment,happiness,2
uit_003170,xin chúa thương xót chúng con,xin chúa thương xót chúng con,other,neutral,4
uit_002547,"ôi đời vẫn là chịu không nỗi đời mà , chán","ôi đời vẫn là chịu không nỗi đời mà , chán",sadness,sadness,3
uit_001531,rải đinh nhiều thật,rải đinh nhiều thật,other,neutral,4
uit_004827,tốt nhất không miễn phí cho những thể loại người như vậy . nhắc nhỉ thẳng thắn,tốt nhất không miễn phí cho những thể loại người như vậy . nhắc nhỉ thẳng thắn,anger,anger,0
uit_000602,cười vô mặt,cười vô mặt,enjoyment,happiness,2
uit_001965,"nhỏ thấy qua 1 lần , nó bị cột ngay trước cửa nhà người ta ở trong hẻm , mỗi lần đi ngang qua là nó lại định lao tới cà khịa","nhỏ thấy qua 1 lần , nó bị cột ngay trước cửa nhà người ta ở trong hẻm , mỗi lần đi ngang qua là nó lại định lao tới cà khịa",fear,fear,1
uit_002917,bá đạo vậy chơi sao lại 🤣,bá đạo vậy chơi sao lại 🤣,fear,fear,1
uit_001549,chỉ là không có ai để nhắn thì mới nhắn cho mình . công nhận nguy hiểm,chỉ là không có ai để nhắn thì mới nhắn cho mình . công nhận nguy hiểm,fear,fear,1
uit_002494,giá như nơi nào cũng có 1 đội như vậy thì những người đi khuya xe hư đỡ khổ biết bao . thật là hành động đáng chia sẻ,giá như nơi nào cũng có 1 đội như vậy thì những người đi khuya xe hư đỡ khổ biết bao . thật là hành động đáng chia sẻ,enjoyment,happiness,2
uit_000305,dự định tao là 28 nhưng giờ mà có bồ là bắt cưới luôn chớ sợ ế haha,dự định tao là 28 nhưng giờ mà có bồ là bắt cưới luôn chớ sợ ế haha,enjoyment,happiness,2
uit_000535,"các bạn xem phim cậu bé đặc biệt , luôn nhé . phim có diển viên này tham gia nói về cách giáo dục con cái cực hay . chúc các bạn xem phim vui vẻ","các bạn xem phim cậu bé đặc biệt , luôn nhé . phim có diển viên này tham gia nói về cách giáo dục con cái cực hay . chúc các bạn xem phim vui vẻ",enjoyment,happiness,2
uit_000831,nó lại dễ con ạ :v,nó lại dễ con ạ :v,enjoyment,happiness,2
uit_001584,phòng gì vậy .,phòng gì vậy .,other,neutral,4
uit_001343,haha cứ lên xuống thấp thỏm kìa ..,haha cứ lên xuống thấp thỏm kìa ..,enjoyment,happiness,2
uit_001113,ngày buồn nhất trời đổ cơn mưa :(,ngày buồn nhất trời đổ cơn mưa :(,sadness,sadness,3
uit_004183,đồng đội tốt ... nhưnh rất tiết chúng ta không có duyên 😀 kaka,đồng đội tốt ... nhưnh rất tiết chúng ta không có duyên 😀 kaka,enjoyment,happiness,2
uit_001654,ít nhất con nhện nó còn yêu mày 🙂🙂🙂,ít nhất con nhện nó còn yêu mày 🙂🙂🙂,enjoyment,happiness,2
uit_002019,đoạn phỏng vấn + xin đi chụp hình + cạo râu lão là hay nhất theo mình =]],đoạn phỏng vấn + xin đi chụp hình + cạo râu lão là hay nhất theo mình =]],enjoyment,happiness,2
uit_005129,mày xinh thế ? tao ốm tí đã xấu hoắc,mày xinh thế ? tao ốm tí đã xấu hoắc,sadness,sadness,3
uit_002667,k cần biết nội dung ... nhìn mặt con bé thoy muốn cưới về cho con trai mình ngay rồi 😂😂,k cần biết nội dung ... nhìn mặt con bé thoy muốn cưới về cho con trai mình ngay rồi 😂😂,enjoyment,happiness,2
uit_001561,điên khùng . nhưng hahahah . nhiều tiền quá mạ ơi,điên khùng . nhưng hahahah . nhiều tiền quá mạ ơi,enjoyment,happiness,2
uit_002710,nhìn giống mấy đặc vụ của cia . sợ thế :)),nhìn giống mấy đặc vụ của cia . sợ thế :)),fear,fear,1
uit_003152,per phim đó thì nam chính hay nữ chính đều chạy cả,per phim đó thì nam chính hay nữ chính đều chạy cả,other,neutral,4
uit_000471,"làm bác sĩ sướng thật , bảo cở là cởi , bảo cưới là cưới . lắc đầu cái là cả nhà khóc .","làm bác sĩ sướng thật , bảo cở là cởi , bảo cưới là cưới . lắc đầu cái là cả nhà khóc .",enjoyment,happiness,2
uit_004239,nó nói không đúg ư . đg của nhà bà ư . nó đóg phí đg bộ còn nhà bà thì đóg thuế đất thôi . đất nhà bà sử dụg được cả mặt đg cơ . sao không mag ban ghế ra đấy mà kê,nó nói không đúg ư . đg của nhà bà ư . nó đóg phí đg bộ còn nhà bà thì đóg thuế đất thôi . đất nhà bà sử dụg được cả mặt đg cơ . sao không mag ban ghế ra đấy mà kê,anger,anger,0
uit_004717,s tao lại muốn ăn cái này quá làm cho cay vào chua ngọt với sốt me thêm đậu phộng thề luôn 4kg tao ăn cũng hết,s tao lại muốn ăn cái này quá làm cho cay vào chua ngọt với sốt me thêm đậu phộng thề luôn 4kg tao ăn cũng hết,enjoyment,happiness,2
uit_003136,dăm ba con nhện nghĩ tao sợ (((=,dăm ba con nhện nghĩ tao sợ (((=,enjoyment,happiness,2
uit_003140,ủa làm gì đánh tao muốn chết vậy đuỹ ?,ủa làm gì đánh tao muốn chết vậy đuỹ ?,anger,anger,0
uit_001358,học sinh cứ làm mấy việc tốt như thế này có phải các phụ huynh yên tâm không . 😍😍,học sinh cứ làm mấy việc tốt như thế này có phải các phụ huynh yên tâm không . 😍😍,other,neutral,4
uit_004855,ko có biển cấm dừng đỗ nhưng đỗ thò đầu ở ngã 3 kia là rất bố láo .,ko có biển cấm dừng đỗ nhưng đỗ thò đầu ở ngã 3 kia là rất bố láo .,anger,anger,0
uit_001619,định share mà đọc bình luận tắt con mẹ nó cảm xúc :(((((,định share mà đọc bình luận tắt con mẹ nó cảm xúc :(((((,sadness,sadness,3
uit_004070,"quỷ cái chứ ma đâu mà ma , haha","quỷ cái chứ ma đâu mà ma , haha",enjoyment,happiness,2
uit_001925,nhà tao còn nè,nhà tao còn nè,enjoyment,happiness,2
uit_003604,"khiếu nại cái gì khi cả bọn nó bao che cho nhau làm lớn thì sợ ảnh hưởng tới bộ giáo dục cho lên chúng sẽ ?,","khiếu nại cái gì khi cả bọn nó bao che cho nhau làm lớn thì sợ ảnh hưởng tới bộ giáo dục cho lên chúng sẽ ?,",anger,anger,0
uit_002630,người mất dậy thật thì không bao giờ cảm thấy mình mất dậy . và người mất dạy thì cứ địt mẹ người khác và nói người khác là người mất dạy . tôi nhầm hành tinh chuẩn mẹ rồi .,người mất dậy thật thì không bao giờ cảm thấy mình mất dậy . và người mất dạy thì cứ địt mẹ người khác và nói người khác là người mất dạy . tôi nhầm hành tinh chuẩn mẹ rồi .,anger,anger,0
uit_002766,per hồi nhỏ chuyên gia đi ngang nhà hàng xóm là bị nguyên bầy ngỗng nó dí nó rượt chạy khóc la um xùm .. giờ còn ám ảnh 😭,per hồi nhỏ chuyên gia đi ngang nhà hàng xóm là bị nguyên bầy ngỗng nó dí nó rượt chạy khóc la um xùm .. giờ còn ám ảnh 😭,fear,fear,1
uit_000397,úi giời khiếp quá !!!!,úi giời khiếp quá !!!!,fear,fear,1
uit_004971,bằng củi thì tao nấu suốt cho tới tận bây giờ còn bằng rơm thì chưa từng :v,bằng củi thì tao nấu suốt cho tới tận bây giờ còn bằng rơm thì chưa từng :v,other,neutral,4
uit_004831,per luôn yêu đời và luôn yêu công việc em nhé,per luôn yêu đời và luôn yêu công việc em nhé,enjoyment,happiness,2
uit_000548,coi ảnh này nổi cả gai ốc,coi ảnh này nổi cả gai ốc,fear,fear,1
uit_004253,khi 2 đứa giận nhau thì dắt nhau vào nn là xong =)))),khi 2 đứa giận nhau thì dắt nhau vào nn là xong =)))),enjoyment,happiness,2
uit_001684,dume sởn gai ốc 😭,dume sởn gai ốc 😭,fear,fear,1
uit_001229,đúng là mỹ nhanh gọn dứt khoát,đúng là mỹ nhanh gọn dứt khoát,enjoyment,happiness,2
uit_001769,per bit cái nay không . hihi,per bit cái nay không . hihi,enjoyment,happiness,2
uit_000197,"mấy cái thằng này xử bắn hết đi , to xác không lo làm ăn suốt ngày trộm cắp","mấy cái thằng này xử bắn hết đi , to xác không lo làm ăn suốt ngày trộm cắp",anger,anger,0
uit_001679,là nhân duyên trời ban cớ sao chẳng thành đôi :(,là nhân duyên trời ban cớ sao chẳng thành đôi :(,sadness,sadness,3
uit_005277,bep này vào binh dương dùng xuất,bep này vào binh dương dùng xuất,other,neutral,4
uit_002253,mẹ còn không trị được thì ai trị 😌,mẹ còn không trị được thì ai trị 😌,other,neutral,4
uit_002748,"đọc bình luận không thấy ai khen cute dễ thương đáng yêu này nọ nữa nhỉ :))))) một ngày đẹp trời bạn ra ngõ đứng hít không khí , con mèo sẽ kệ mẹ bạn , con chó vẫn sẽ đi đái bậy , nhưng con một lằn này thì đéo , nó phi con mẹ nó ra dí chạy như một con điên","đọc bình luận không thấy ai khen cute dễ thương đáng yêu này nọ nữa nhỉ :))))) một ngày đẹp trời bạn ra ngõ đứng hít không khí , con mèo sẽ kệ mẹ bạn , con chó vẫn sẽ đi đái bậy , nhưng con một lằn này thì đéo , nó phi con mẹ nó ra dí chạy như một con điên",anger,anger,0
uit_000042,"per trừ điểm , trừ điểm","per trừ điểm , trừ điểm",sadness,sadness,3
uit_003918,này thì câu thích 😂😂😂,này thì câu thích 😂😂😂,enjoyment,happiness,2
uit_003802,cho về hết chứ cứ lương không mà không làm thêm gì mà có nhà lầu xe hơi thì lấy ở đâu ???????? không phải đùn đẩy .... cho về hết bọn nó mới hết không tìm ra nguyên nhân .... không có sao phụ huynh dám nói ....,cho về hết chứ cứ lương không mà không làm thêm gì mà có nhà lầu xe hơi thì lấy ở đâu ???????? không phải đùn đẩy .... cho về hết bọn nó mới hết không tìm ra nguyên nhân .... không có sao phụ huynh dám nói ....,anger,anger,0
uit_000473,giọng chú hơi bị dễ thương nhá :)),giọng chú hơi bị dễ thương nhá :)),enjoyment,happiness,2
uit_000741,"khuyến cáo "" đừng nên học võ khi không có tiền mua dụng cụ "" per","khuyến cáo "" đừng nên học võ khi không có tiền mua dụng cụ "" per",other,neutral,4
uit_004334,mình sống ảo quen rồi nên đắp mặt nạ cũng đắp bằng app luôn :)))),mình sống ảo quen rồi nên đắp mặt nạ cũng đắp bằng app luôn :)))),enjoyment,happiness,2
uit_005014,nuôi kiểu đéo gì lại để nó như thế này ??? thằg chủ có tâm hồn thối rữa à ??,nuôi kiểu đéo gì lại để nó như thế này ??? thằg chủ có tâm hồn thối rữa à ??,anger,anger,0
uit_002733,họ vui là được rồi :))),họ vui là được rồi :))),enjoyment,happiness,2
uit_002661,ngày hôm ấy tuyệt đẹp nhưng lại đượm một nỗi buồn ngày mai thôi chg được gặp thầy cô bb lũ chúng tôi khép cánh cửa ấy lại nhìn lại toàn bộ khung cảnh ôi thân thương biết mấy cảnh vật quen thuộc sẽ không được trông thấy nữa,ngày hôm ấy tuyệt đẹp nhưng lại đượm một nỗi buồn ngày mai thôi chg được gặp thầy cô bb lũ chúng tôi khép cánh cửa ấy lại nhìn lại toàn bộ khung cảnh ôi thân thương biết mấy cảnh vật quen thuộc sẽ không được trông thấy nữa,sadness,sadness,3
uit_002891,tanh bành cuộc đời rồi,tanh bành cuộc đời rồi,sadness,sadness,3
uit_004868,nghe bạn này nói dễ thương zị,nghe bạn này nói dễ thương zị,enjoyment,happiness,2
uit_002017,người tài như vậy lại không được sử dụng đúng mục đích … quá buồn,người tài như vậy lại không được sử dụng đúng mục đích ... quá buồn,sadness,sadness,3
uit_003046,con mèo đág yêuc quá 🤣,con mèo đág yêuc quá 🤣,enjoyment,happiness,2
uit_001405,một năm đầy biến động và thăng trầm của nước pháp ☹️,một năm đầy biến động và thăng trầm của nước pháp ☹️,sadness,sadness,3
uit_000201,hihi ảo tưởng,hihi ảo tưởng,enjoyment,happiness,2
uit_002721,chỉ còn lại tro tàn,chỉ còn lại tro tàn,sadness,sadness,3
uit_003511,nghe tên vietcombank là bao nhiêu quá khứ bực mình ùa về,nghe tên vietcombank là bao nhiêu quá khứ bực mình ùa về,anger,anger,0
uit_003214,lãng mạn vãi_chưởng =)))))) 0,lãng mạn vãi_chưởng =)))))) 0,enjoyment,happiness,2
uit_005183,bày đặt viết trên cát khắc luôn vào đá cho tạt thoải mái,bày đặt viết trên cát khắc luôn vào đá cho tạt thoải mái,enjoyment,happiness,2
uit_000822,nhắn với người yêu còn đéo nhẹ nhàng như vậy =)),nhắn với người yêu còn đéo nhẹ nhàng như vậy =)),enjoyment,happiness,2
uit_004598,dậy đi học đi con ơi,dậy đi học đi con ơi,other,neutral,4
uit_003663,dume đọc bình luận bực giùm chủ thớt :))),dume đọc bình luận bực giùm chủ thớt :))),anger,anger,0
uit_002460,dễ thương hết sức ??,dễ thương hết sức ??,enjoyment,happiness,2
uit_001196,cho nó đi trồng lại 10 ha và chăm sóc cho tới khi cây lớn bằng núc chúng nó bơm chết,cho nó đi trồng lại 10 ha và chăm sóc cho tới khi cây lớn bằng núc chúng nó bơm chết,other,neutral,4
uit_002345,rất tiếc cho 1 bài quyền,rất tiếc cho 1 bài quyền,sadness,sadness,3
uit_002559,dume đáng yêu vãi để tao vào chăm mày,dume đáng yêu vãi để tao vào chăm mày,other,neutral,4
uit_002807,đó là của bạn thôi bạn hài lòng với nó thì đâu có gì để nghĩ ngợi đâu,đó là của bạn thôi bạn hài lòng với nó thì đâu có gì để nghĩ ngợi đâu,other,neutral,4
uit_000871,qtrong là mày phải có tiền chứ nghèo xem,qtrong là mày phải có tiền chứ nghèo xem,other,neutral,4
uit_004996,tim vỡ nát,tim vỡ nát,sadness,sadness,3
uit_004772,tôi ở phú yên và anh này nói rất chuẩn < 3,tôi ở phú yên và anh này nói rất chuẩn < 3,enjoyment,happiness,2
uit_004371,người ta đỗ giữa 2 cửa thế kia là rất ý thức rồi,người ta đỗ giữa 2 cửa thế kia là rất ý thức rồi,enjoyment,happiness,2
uit_001921,"động lực là lo được cho gdinh , tự chủ bản thân","động lực là lo được cho gdinh , tự chủ bản thân",enjoyment,happiness,2
uit_000731,t có 2 con bạn thân nó thì cao trọc trời còn tao thì ... . buồn,t có 2 con bạn thân nó thì cao trọc trời còn tao thì ... . buồn,sadness,sadness,3
uit_000791,cả 2 loại người này đều đáng sợ !,cả 2 loại người này đều đáng sợ !,fear,fear,1
uit_000529,chị ấy được đào tạo qua lớp người nhện bắn tơ nên không biết sợ 😂😂😂,chị ấy được đào tạo qua lớp người nhện bắn tơ nên không biết sợ 😂😂😂,enjoyment,happiness,2
uit_003325,ny tao đbh dỗi . chọc kiểu gì cũng không dỗi . đáng yêu vãi 😂,ny tao đbh dỗi . chọc kiểu gì cũng không dỗi . đáng yêu vãi 😂,enjoyment,happiness,2
uit_004791,"xem cái con cặc gì , tắt đi","xem cái con cặc gì , tắt đi",anger,anger,0
uit_004888,mau khoẻ nhé :d,mau khoẻ nhé :d,enjoyment,happiness,2
uit_003309,chắc gái xấu :p,chắc gái xấu :p,other,neutral,4
uit_004251,cũng chỉ vì việt nam nuôi một lũ kỹ sư . tiến sĩ phá hoại mới làm thiệt hại kinh tế nhiều vô kể chúng nó sài toàn bằng tại trức thì biết con mẹ gì mà đưa cây cao su ra bắc trồng khác gì đưa cây dừa ở trong nam ra bắc trồng . một lũ bò,cũng chỉ vì việt nam nuôi một lũ kỹ sư . tiến sĩ phá hoại mới làm thiệt hại kinh tế nhiều vô kể chúng nó sài toàn bằng tại trức thì biết con mẹ gì mà đưa cây cao su ra bắc trồng khác gì đưa cây dừa ở trong nam ra bắc trồng . một lũ bò,anger,anger,0
uit_004096,"bỏ ghê người ta ngồi ngại đều phải mua nước thoii , ý tưởng hay :)))","bỏ ghê người ta ngồi ngại đều phải mua nước thoii , ý tưởng hay :)))",enjoyment,happiness,2
uit_004120,còn tao là thoát khỏi 3 năm nói riền và 12 năm nói chung thảm họa của cđ hahaha 😆😆😆😆,còn tao là thoát khỏi 3 năm nói riền và 12 năm nói chung thảm họa của cđ hahaha 😆😆😆😆,enjoyment,happiness,2
uit_003428,đến gần đoạn cuối tao tắt âm xong vào xem bình luận rồi mới tua xem lại để minvolum . iq + vô cực chuẩn mẹ rồi,đến gần đoạn cuối tao tắt âm xong vào xem bình luận rồi mới tua xem lại để minvolum . iq + vô cực chuẩn mẹ rồi,enjoyment,happiness,2
uit_000579,sư tử chứ dễ thương q . q gì,sư tử chứ dễ thương q . q gì,fear,fear,1
uit_001241,để có được cái nắm tay tuổi già là bao giông bão của tuổi trẻ . mấy ai qua được bão giông ?,để có được cái nắm tay tuổi già là bao giông bão của tuổi trẻ . mấy ai qua được bão giông ?,enjoyment,happiness,2
uit_002626,giờ mới hiểu tại sao lúc đầu nhà hàng không cho đặt chỗ ..... má nó li hôn 3 lần rồi lần nào cũng phải giảm giá 30 % nó ly hôn thêm vài lần nữa chắc sập bà nó tiệm,giờ mới hiểu tại sao lúc đầu nhà hàng không cho đặt chỗ ..... má nó li hôn 3 lần rồi lần nào cũng phải giảm giá 30 % nó ly hôn thêm vài lần nữa chắc sập bà nó tiệm,enjoyment,happiness,2
uit_002218,tuỳ người tuỳ loại,tuỳ người tuỳ loại,other,neutral,4
uit_002716,bà già đau khổ,bà già đau khổ,sadness,sadness,3
uit_000734,xin lô ̃ i chư ́ tao te ́ ma ̀ thă ̀ người lz camera quay câ ̣ n mă ̣ tao như thê ́ thi ̀ tao đe ́ o đa ́ không đâu,xin lô ̃ i chư ́ tao te ́ ma ̀ thă ̀ người lz camera quay câ ̣ n mă ̣ tao như thê ́ thi ̀ tao đe ́ o đa ́ không đâu,anger,anger,0
uit_002984,"quay quay cái lồn , thấy bị bắt nạt thì ra nói một câu bảo vệ người ta , có khi tối về lại có người nằm ôm . cứ cầm điện thoại pin với chả không pin","quay quay cái lồn , thấy bị bắt nạt thì ra nói một câu bảo vệ người ta , có khi tối về lại có người nằm ôm . cứ cầm điện thoại pin với chả không pin",anger,anger,0
uit_003049,thế nên tao với mày không thể làm người yêu nhau được,thế nên tao với mày không thể làm người yêu nhau được,sadness,sadness,3
uit_001897,giống chó này tên là gì vậy các bác 🙄,giống chó này tên là gì vậy các bác 🙄,other,neutral,4
uit_001418,tẩy được bao nhiêu mà hô hào gớm thế,tẩy được bao nhiêu mà hô hào gớm thế,other,neutral,4
uit_000832,"đm đi học bị mấy con điên này đuổi cắn , dume vì nó mà tao sợ quá chạy té sấp mặt luôn trầy hết con mẹ nó tay chân . thứ dòng đỹ gì đâu á :))","đm đi học bị mấy con điên này đuổi cắn , dume vì nó mà tao sợ quá chạy té sấp mặt luôn trầy hết con mẹ nó tay chân . thứ dòng đỹ gì đâu á :))",other,neutral,4
uit_001485,ước gì tôi cũng được kiên trì như anh ấy để dạy con gào mất nết nhà tôi 😪,ước gì tôi cũng được kiên trì như anh ấy để dạy con gào mất nết nhà tôi 😪,sadness,sadness,3
uit_005115,làm ơn đi .. đừng bám theo tao nua được không,làm ơn đi .. đừng bám theo tao nua được không,anger,anger,0
uit_003810,cẩn thận mày lại có cháu sớm 🤣,cẩn thận mày lại có cháu sớm 🤣,enjoyment,happiness,2
uit_002551,người yêu tao bỏ tao rồi :(,người yêu tao bỏ tao rồi :(,sadness,sadness,3
uit_001076,chưa bao giờ còn yêu nhiều hơn thế 😍😍 bởi cha mẹ cho tôi tất cả,chưa bao giờ còn yêu nhiều hơn thế 😍😍 bởi cha mẹ cho tôi tất cả,enjoyment,happiness,2
uit_003858,sợ vãi linh hồn,sợ vãi linh hồn,fear,fear,1
uit_005039,tôi trưởng thành vclll,tôi trưởng thành vclll,enjoyment,happiness,2
uit_002867,ngày nào cũng vậy . có bỏ lỡ ngày nào đâu mà 🤣🤣,ngày nào cũng vậy . có bỏ lỡ ngày nào đâu mà 🤣🤣,other,neutral,4
uit_003297,per thay đổi đại từ nhân xưng .,per thay đổi đại từ nhân xưng .,other,neutral,4
uit_000697,có gì vui không nhỉ,có gì vui không nhỉ,other,neutral,4
uit_002780,uổng phí công sức bao người !,uổng phí công sức bao người !,anger,anger,0
uit_002792,"ôi những con người dễ bị ám ảnh với quá khứ , ôm nhau cái nào","ôi những con người dễ bị ám ảnh với quá khứ , ôm nhau cái nào",enjoyment,happiness,2
uit_002118,per quả lừa con chó ngoài bờ rào,per quả lừa con chó ngoài bờ rào,other,neutral,4
uit_001558,đầu óc đến giờ vẫn còn nặng và đang né tránh mọi người .,đầu óc đến giờ vẫn còn nặng và đang né tránh mọi người .,fear,fear,1
uit_001209,"thôi , không tranh cãi , không lại các bác . nói chung không cấm thì đỗ , còn đỗ để làm gì thì do ý thức mỗi người","thôi , không tranh cãi , không lại các bác . nói chung không cấm thì đỗ , còn đỗ để làm gì thì do ý thức mỗi người",other,neutral,4
uit_002993,per mày mà bị như thế này chắc mày phải nhảy ra ngoài vũ trụ luôn nhỉ,per mày mà bị như thế này chắc mày phải nhảy ra ngoài vũ trụ luôn nhỉ,other,neutral,4
uit_004296,best pha cuối bonus 😂😂,best pha cuối bonus 😂😂,enjoyment,happiness,2
uit_002591,"năm ngoái lấy ghế ra ngồi rồi , năm nay lấy xe chạy ra đường để nhìn cho rõ","năm ngoái lấy ghế ra ngồi rồi , năm nay lấy xe chạy ra đường để nhìn cho rõ",other,neutral,4
uit_005272,gửi nhầm video mình hát chế cho nó nghe,gửi nhầm video mình hát chế cho nó nghe,other,neutral,4
uit_001894,cáu vãi :))),cáu vãi :))),anger,anger,0
uit_001505,không biết nguyên nhân từ đâu,không biết nguyên nhân từ đâu,other,neutral,4
uit_001506,tài năng sáng tạo vẩy bút thôi cũng là nghệ thuật,tài năng sáng tạo vẩy bút thôi cũng là nghệ thuật,other,neutral,4
uit_004665,"lâu rồi mới thấy trailer chất như lày , so excited","lâu rồi mới thấy trailer chất như lày , so excited",enjoyment,happiness,2
uit_002731,vật chất quyết định ý thức,vật chất quyết định ý thức,other,neutral,4
uit_001273,nhìn ức chế vãi,nhìn ức chế vãi,anger,anger,0
uit_000617,phận làm trai nào sung sướng gì 😂,phận làm trai nào sung sướng gì 😂,sadness,sadness,3
uit_003687,bể mẹ cái kính cường lực mới dán :#,bể mẹ cái kính cường lực mới dán :#,sadness,sadness,3
uit_004771,hậu duệ mặt trời đấy chứ đùa đâu nhá 😗😗,hậu duệ mặt trời đấy chứ đùa đâu nhá 😗😗,other,neutral,4
uit_004862,cũng là 1 mạng người nên các cụ đừng phũ mồm chửi người ta . mong anh ấy sớm siêu thoát . a di đà phật !!!,cũng là 1 mạng người nên các cụ đừng phũ mồm chửi người ta . mong anh ấy sớm siêu thoát . a di đà phật !!!,other,neutral,4
uit_002599,"những chuyện trọng đại trong đời ... ta cứ nghe lời vợ khuyên , và làm ngược lại ắt thành công ????","những chuyện trọng đại trong đời ... ta cứ nghe lời vợ khuyên , và làm ngược lại ắt thành công ????",enjoyment,happiness,2
uit_000604,per kỉ niệm nhất là những ngày trốn học cùng nhau đi xem phim 😂😂😂,per kỉ niệm nhất là những ngày trốn học cùng nhau đi xem phim 😂😂😂,enjoyment,happiness,2
uit_002944,trời ơi cái đoạn này em khóc tu tu luôn 😪.. trong khoảnh khắc rời xa một ai đó mãi mãi cơn đau thấu ngực trái huhu,trời ơi cái đoạn này em khóc tu tu luôn 😪.. trong khoảnh khắc rời xa một ai đó mãi mãi cơn đau thấu ngực trái huhu,sadness,sadness,3
uit_004651,haha thì ra trên đời này tao không cu đơn đâu đó vẫn có những đứa con ghẻ như tao cùng bắt tay chào hỏi nhau nà,haha thì ra trên đời này tao không cu đơn đâu đó vẫn có những đứa con ghẻ như tao cùng bắt tay chào hỏi nhau nà,enjoyment,happiness,2
uit_005003,"ôi thôi , cưng quá :v","ôi thôi , cưng quá :v",enjoyment,happiness,2
uit_002648,đồng nghiệp là ai kệ mẹ nó quan trọng lương bao nhiêu,đồng nghiệp là ai kệ mẹ nó quan trọng lương bao nhiêu,other,neutral,4
uit_004050,xong là phê lắm mày,xong là phê lắm mày,enjoyment,happiness,2
uit_004761,per trình mày vẫn còn thấp chán =)),per trình mày vẫn còn thấp chán =)),other,neutral,4
uit_000509,"chời , dễ thương quá","chời , dễ thương quá",enjoyment,happiness,2
uit_003193,con mụ mất dạy . già mà lăng loàn . thấy người ta yếu thế hơn mà khôg giúp dựng cái xe dậy rồi nói với nhau vài câu tử tế . lại còn tỏ nguy hiểm định ăn cức người ta ak,con mụ mất dạy . già mà lăng loàn . thấy người ta yếu thế hơn mà khôg giúp dựng cái xe dậy rồi nói với nhau vài câu tử tế . lại còn tỏ nguy hiểm định ăn cức người ta ak,anger,anger,0
uit_001210,khóc vãi 😭,khóc vãi 😭,sadness,sadness,3
uit_002592,quan trọng vẫn là cái phải đẹp trai . rồi mới sau đó nữa ... lạ gì các bà,quan trọng vẫn là cái phải đẹp trai . rồi mới sau đó nữa ... lạ gì các bà,other,neutral,4
uit_000516,"ra chỗ sóng không táp vào mà ghi , xem mà ức chế vãi :))","ra chỗ sóng không táp vào mà ghi , xem mà ức chế vãi :))",anger,anger,0
uit_003560,sợ nhất con quỷ này trên đời,sợ nhất con quỷ này trên đời,fear,fear,1
uit_003772,hỏi nhiều nó lại cho vào đối tượng truy nã 😏,hỏi nhiều nó lại cho vào đối tượng truy nã 😏,other,neutral,4
uit_000980,thật sự đọc xong thấy hơi rưng rưng,thật sự đọc xong thấy hơi rưng rưng,sadness,sadness,3
uit_003012,tag vô cho xem mấy đứa xấu tánh thôi chứ ghệ anh tánh cực kỳ dt,tag vô cho xem mấy đứa xấu tánh thôi chứ ghệ anh tánh cực kỳ dt,enjoyment,happiness,2
uit_001590,cách tốt nhất là đứng lên và chọn 1 nơi khác để tìm 1 thứ tốt đẹp hơn và dễ viết hơn :)),cách tốt nhất là đứng lên và chọn 1 nơi khác để tìm 1 thứ tốt đẹp hơn và dễ viết hơn :)),enjoyment,happiness,2
uit_000864,sau khi bố xem video của con xong thì bố rút ra 1 điều . bố không chỉ chửi con lúc con cầm đũa mà bố sẽ chửi con cả ngày thân ái ... yêu con,sau khi bố xem video của con xong thì bố rút ra 1 điều . bố không chỉ chửi con lúc con cầm đũa mà bố sẽ chửi con cả ngày thân ái ... yêu con,enjoyment,happiness,2
uit_005122,thua cả người ta 😞,thua cả người ta 😞,sadness,sadness,3
uit_002632,lạy ông nào nghĩ ra kịch này !!!,lạy ông nào nghĩ ra kịch này !!!,enjoyment,happiness,2
uit_001500,rồi nhận ra chỉ mình là cảm thấy như thế thôi hả :(,rồi nhận ra chỉ mình là cảm thấy như thế thôi hả :(,sadness,sadness,3
uit_004721,nhìn bà cười thấy hạnh phúc quá ❤️❤️,nhìn bà cười thấy hạnh phúc quá ❤️❤️,enjoyment,happiness,2
uit_000671,rất nguy hiểm nhé nhảy không qua là xác định dập mặt,rất nguy hiểm nhé nhảy không qua là xác định dập mặt,fear,fear,1
uit_000006,per nghe đi rồi khóc 1 trận cho thoải mái . đừng cố gồng mình lên nữa,per nghe đi rồi khóc 1 trận cho thoải mái . đừng cố gồng mình lên nữa,sadness,sadness,3
uit_004974,làm ở đâu cũng vậy cũng có đầy rẫy những khó khăn nhưng trọng hơn là làm cùng những đồng nghiệp như thế nào,làm ở đâu cũng vậy cũng có đầy rẫy những khó khăn nhưng trọng hơn là làm cùng những đồng nghiệp như thế nào,other,neutral,4
uit_004619,ko nên vì tất cả do người lớn sắp đặt cả không nên cho lớp trẻ mất newnf móng,ko nên vì tất cả do người lớn sắp đặt cả không nên cho lớp trẻ mất newnf móng,other,neutral,4
uit_003655,những trường như thế cho giải tán . cấm tuyển dụng luôn .,những trường như thế cho giải tán . cấm tuyển dụng luôn .,anger,anger,0
uit_005027,khoảnh khắc tao nhận ra tao đã từng rơi vào hoàn cảnh bế tắc này 😌😌,khoảnh khắc tao nhận ra tao đã từng rơi vào hoàn cảnh bế tắc này 😌😌,sadness,sadness,3
uit_002665,nghe nói 2020 hơn 4tr đàn ông sẽ ế vợ . mình chỉ việc chờ thêm 1 năm nữa thôi là đăng tin tuyển chồng 😂😂,nghe nói 2020 hơn 4tr đàn ông sẽ ế vợ . mình chỉ việc chờ thêm 1 năm nữa thôi là đăng tin tuyển chồng 😂😂,enjoyment,happiness,2
uit_002698,khoảnh khắc mày nhận ra mày còn đéo bằng 1 thằg nhóc còn trong bụng mẹ :((,khoảnh khắc mày nhận ra mày còn đéo bằng 1 thằg nhóc còn trong bụng mẹ :((,sadness,sadness,3
uit_000865,có đứa nào hồi bé không biết nấu còn tranh làm rồi quên không đổ nước như tao không :))),có đứa nào hồi bé không biết nấu còn tranh làm rồi quên không đổ nước như tao không :))),sadness,sadness,3
uit_005228,phim kinh dị vào cái trời âm u 😒,phim kinh dị vào cái trời âm u 😒,fear,fear,1
uit_000106,"thích chị này nhất phim í , bé bé xinh xinh lại diễn rất đạt :3 . hy vọng mai sau sẽ có bước tiến lớn và thành công hơn nữa < 3","thích chị này nhất phim í , bé bé xinh xinh lại diễn rất đạt :3 . hy vọng mai sau sẽ có bước tiến lớn và thành công hơn nữa < 3",enjoyment,happiness,2
uit_001753,xem lâu rồi giờ xem lại vẫn buồn cười,xem lâu rồi giờ xem lại vẫn buồn cười,enjoyment,happiness,2
uit_001402,con mèo mặt lol dám đập con thỏ của tao sao 😡😡😡. dkm mày,con mèo mặt lol dám đập con thỏ của tao sao 😡😡😡. dkm mày,anger,anger,0
uit_001318,nín đi . sang ngủ với mẹ đi đêm nay anh chông chị cho =))),nín đi . sang ngủ với mẹ đi đêm nay anh chông chị cho =))),enjoyment,happiness,2
uit_000937,mình thì # mình chỉ mong chồng tốt thương yêu vợ con gia đình ! gia đình lúc nào cũng vui vẻ hạnh phúc thì ngày nào cũng là ngày ( tình yêu ),mình thì # mình chỉ mong chồng tốt thương yêu vợ con gia đình ! gia đình lúc nào cũng vui vẻ hạnh phúc thì ngày nào cũng là ngày ( tình yêu ),enjoyment,happiness,2
uit_003301,ăn nhiều mau khoẻ .. tôm cá ấy mày giàu canxi,ăn nhiều mau khoẻ .. tôm cá ấy mày giàu canxi,other,neutral,4
uit_003285,ngày tao chia tay tao khóc quá trời luôn,ngày tao chia tay tao khóc quá trời luôn,sadness,sadness,3
uit_002269,phải là người yêu tao thì sống chết tao cũng vả hết,phải là người yêu tao thì sống chết tao cũng vả hết,anger,anger,0
uit_000673,"xã hội thật phức tợp , huhu . không muốn sống chung loài người nữa , tao về núi đây","xã hội thật phức tợp , huhu . không muốn sống chung loài người nữa , tao về núi đây",fear,fear,1
uit_000859,thật vi diệu,thật vi diệu,enjoyment,happiness,2
uit_001640,có người sinh ra đã giàu có người làm cực khổ cũng không thể giàu . thương ông,có người sinh ra đã giàu có người làm cực khổ cũng không thể giàu . thương ông,sadness,sadness,3
uit_000944,đoạn cuối hình như nó khóc,đoạn cuối hình như nó khóc,sadness,sadness,3
uit_004283,"những người đang buồn ỉa mà càng nhịn , khi bùng phát mới thật sự đáng sợ 😂😂","những người đang buồn ỉa mà càng nhịn , khi bùng phát mới thật sự đáng sợ 😂😂",enjoyment,happiness,2
uit_005232,mình nghĩ đợt này bà per thua rồi . đuối lý lẫn truyền thông yếu,mình nghĩ đợt này bà per thua rồi . đuối lý lẫn truyền thông yếu,sadness,sadness,3
uit_003165,và hơn hết là tụi nó không còn coi mình là con gái nữa,và hơn hết là tụi nó không còn coi mình là con gái nữa,sadness,sadness,3
uit_002971,vì tao xấu và chúng nó chỉ thích gái đẹp,vì tao xấu và chúng nó chỉ thích gái đẹp,sadness,sadness,3
uit_003540,thế thì bắt con phụ nữ chứ bắt gì thằng đâm . con đấy mới là nguồn của vụ án,thế thì bắt con phụ nữ chứ bắt gì thằng đâm . con đấy mới là nguồn của vụ án,anger,anger,0
uit_000131,thề địt mẹ ngay đoạn hay cái lên nhạc + cast muốn đập điện thoại vãi :),thề địt mẹ ngay đoạn hay cái lên nhạc + cast muốn đập điện thoại vãi :),anger,anger,0
uit_004728,per nhớ cái này không bây kk,per nhớ cái này không bây kk,enjoyment,happiness,2
uit_002835,m nói chuyện cũng cute ngoan ngoãn cơ chứ tao toàn okay anh =))),m nói chuyện cũng cute ngoan ngoãn cơ chứ tao toàn okay anh =))),enjoyment,happiness,2
uit_002166,anh đánh mất thật rồi,anh đánh mất thật rồi,sadness,sadness,3
uit_001142,"có hôm nó lo đọc cho mình nên không chép kịp bài , cô giáo bắt phạt đánh đòn cả hai đứa . năm sau bạn í chuyển trường mất , nhớ bạn quá !","có hôm nó lo đọc cho mình nên không chép kịp bài , cô giáo bắt phạt đánh đòn cả hai đứa . năm sau bạn í chuyển trường mất , nhớ bạn quá !",sadness,sadness,3
uit_002393,câu chuyện y ́ nghi ̃ anh qua ́,câu chuyện y ́ nghi ̃ anh qua ́,enjoyment,happiness,2
uit_003462,đến ngày sinh nhật mà còn không nhớ thì còn nói gì nũa,đến ngày sinh nhật mà còn không nhớ thì còn nói gì nũa,sadness,sadness,3
uit_005146,"mai tao ăn gà , chụp hình bình luận lại cho mày thèm chơi ??","mai tao ăn gà , chụp hình bình luận lại cho mày thèm chơi ??",enjoyment,happiness,2
uit_004988,18t đủ trách nhiệm pháp lý rồi 😏,18t đủ trách nhiệm pháp lý rồi 😏,other,neutral,4
uit_002568,dễ thở hơn so với đề văn sáng nay 😂😂😂,dễ thở hơn so với đề văn sáng nay 😂😂😂,enjoyment,happiness,2
uit_004710,per cố lên gần đến nơi rồi . vào trong này mời nói chuyện nhé . ngay cửa đền chính . có bãi gửi xe . hehe,per cố lên gần đến nơi rồi . vào trong này mời nói chuyện nhé . ngay cửa đền chính . có bãi gửi xe . hehe,enjoyment,happiness,2
uit_001148,per :))) không bù cho nhũng người như cta,per :))) không bù cho nhũng người như cta,sadness,sadness,3
uit_002887,câu được chục con heo vàng chả được cái gì,câu được chục con heo vàng chả được cái gì,sadness,sadness,3
uit_002694,quả này cũng chất lắm,quả này cũng chất lắm,enjoyment,happiness,2
uit_001849,nhỏ không học lớn lên làm nhà báo,nhỏ không học lớn lên làm nhà báo,other,neutral,4
uit_004886,khâm phục !!! quá khâm phục !!!,khâm phục !!! quá khâm phục !!!,enjoyment,happiness,2
uit_001302,nhiều khi cũng muốn người yêu chọc để dỗi phát cho bằng người ta . mà nhận ra mình làm gì có người yêu 😌,nhiều khi cũng muốn người yêu chọc để dỗi phát cho bằng người ta . mà nhận ra mình làm gì có người yêu 😌,sadness,sadness,3
uit_002407,ngồi cười như dại =))),ngồi cười như dại =))),enjoyment,happiness,2
uit_002817,nhiều lúc tủi thân vãi_chưởng huhu,nhiều lúc tủi thân vãi_chưởng huhu,sadness,sadness,3
uit_004500,hàng xóm cũ của tao cũng thế may mà bà ý chuyển nhà rồi 😃,hàng xóm cũ của tao cũng thế may mà bà ý chuyển nhà rồi 😃,enjoyment,happiness,2
uit_003943,hôm qua xem cười lộn ruột,hôm qua xem cười lộn ruột,enjoyment,happiness,2
uit_000328,"e ấy đang khóc , nhưng vì hàm răng không thể thụt vào nên mọi người nghĩ là em đang cười :))))","e ấy đang khóc , nhưng vì hàm răng không thể thụt vào nên mọi người nghĩ là em đang cười :))))",enjoyment,happiness,2
uit_003735,má như người yêu ??,má như người yêu ??,enjoyment,happiness,2
uit_004990,"bố mẹ thì còng lưng nuôi ăn học vất vả không mua được thì thôi , bất hạnh cái gì , bất hạnh cái gì","bố mẹ thì còng lưng nuôi ăn học vất vả không mua được thì thôi , bất hạnh cái gì , bất hạnh cái gì",anger,anger,0
uit_001856,hoá ra chúng ta không biết nhiều về tình yêu như ta vẫn nghĩ 😢,hoá ra chúng ta không biết nhiều về tình yêu như ta vẫn nghĩ 😢,sadness,sadness,3
uit_001723,thôi chết . thế thì tao đứt dây thần kinh gây cười rồi,thôi chết . thế thì tao đứt dây thần kinh gây cười rồi,other,neutral,4
uit_000113,lần sau thì mình sẽ như thế để đỡ phải cãi nhau nhiều ah :-),lần sau thì mình sẽ như thế để đỡ phải cãi nhau nhiều ah :-),other,neutral,4
uit_004001,"hiện tại mình cũng muốn kết hôn lắm . ngặt nỗi hai gia đình ngăn cản giữ dội , phản đối kịch liệt chuyện hai bọn mình đến với nhau :( nhất là chồng cô ý","hiện tại mình cũng muốn kết hôn lắm . ngặt nỗi hai gia đình ngăn cản giữ dội , phản đối kịch liệt chuyện hai bọn mình đến với nhau :( nhất là chồng cô ý",sadness,sadness,3
uit_000306,biết là đau lòng nhưng sao bản thân vẫn muốn biết nó,biết là đau lòng nhưng sao bản thân vẫn muốn biết nó,sadness,sadness,3
uit_001329,cứ mỗi lần có phim hay là xách nhau đi 🤣,cứ mỗi lần có phim hay là xách nhau đi 🤣,enjoyment,happiness,2
uit_002785,tụt quần nó ra cho nó chén :))),tụt quần nó ra cho nó chén :))),enjoyment,happiness,2
uit_001202,thôi thì đi xem avenger lần 3 để tránh nóng nốt chiều nay không mai mưa rồi hehee,thôi thì đi xem avenger lần 3 để tránh nóng nốt chiều nay không mai mưa rồi hehee,enjoyment,happiness,2
uit_001819,tao nghi chị xác chết với chị bác sĩ pháp y đó yêu nhau quá chúng mày :)),tao nghi chị xác chết với chị bác sĩ pháp y đó yêu nhau quá chúng mày :)),other,neutral,4
uit_000147,tí nữa vợ nó vắt chân lên cổ bò thì hú hồn,tí nữa vợ nó vắt chân lên cổ bò thì hú hồn,fear,fear,1
uit_000136,tiếc quá đẹp trai mờ không có chim,tiếc quá đẹp trai mờ không có chim,sadness,sadness,3
uit_000239,đơn giản thôi : nó giống như con chó vậy . khi ta đuổi thì nó chạy . khi ta chạy thì nó đuổi,đơn giản thôi : nó giống như con chó vậy . khi ta đuổi thì nó chạy . khi ta chạy thì nó đuổi,other,neutral,4
uit_004427,1 câu chuyện buồn :)) khuôn mặt biểu cảm :((,1 câu chuyện buồn :)) khuôn mặt biểu cảm :((,sadness,sadness,3
uit_003888,thích quá mấy má ơi ! @@@,thích quá mấy má ơi ! @@@,enjoyment,happiness,2
uit_000109,chắc phải 6 năm chưa nấu kiểu này rồi trước nấu hôm đầu cơm dẻo ai cũng khen ngon,chắc phải 6 năm chưa nấu kiểu này rồi trước nấu hôm đầu cơm dẻo ai cũng khen ngon,enjoyment,happiness,2
uit_002082,sao không ghé quán rồi nhờ người nhà cầm nón qua cho :))) tự làm khó mình vậy,sao không ghé quán rồi nhờ người nhà cầm nón qua cho :))) tự làm khó mình vậy,other,neutral,4
uit_004540,có những người chỉ cảm thấy mình tồn tại khi được chửi bới .,có những người chỉ cảm thấy mình tồn tại khi được chửi bới .,other,neutral,4
uit_000785,không biết có ai ở trong ngôi nhà không,không biết có ai ở trong ngôi nhà không,fear,fear,1
uit_000393,vâng ah nên em cũng sợ quá mà :-),vâng ah nên em cũng sợ quá mà :-),fear,fear,1
uit_001350,ngầu lắm bạn ạ ^^,ngầu lắm bạn ạ ^^,enjoyment,happiness,2
uit_001566,per anh có định quát mắng em không,per anh có định quát mắng em không,other,neutral,4
uit_001404,ngộ nghĩnh nhỉ ! lạ lờ nhỉ !,ngộ nghĩnh nhỉ ! lạ lờ nhỉ !,enjoyment,happiness,2
uit_000680,"bởi vậy , nên tỏ ra là 1 người không cảm xúc","bởi vậy , nên tỏ ra là 1 người không cảm xúc",other,neutral,4
uit_001542,per mã mẹ biết hôm qua quay video sớm hơn ự,per mã mẹ biết hôm qua quay video sớm hơn ự,sadness,sadness,3
uit_004700,éo biết sai hay đúng nhưng thanh niên này chất .. bản lĩnh bình tĩnh !!,éo biết sai hay đúng nhưng thanh niên này chất .. bản lĩnh bình tĩnh !!,enjoyment,happiness,2
uit_004743,bên đây thấy yên bình hơn nhỉ,bên đây thấy yên bình hơn nhỉ,enjoyment,happiness,2
uit_003200,ra vậy . nguy hiểm thật :(((,ra vậy . nguy hiểm thật :(((,fear,fear,1
uit_004878,thương .. hy vọng sớm có người cưu mang bé,thương .. hy vọng sớm có người cưu mang bé,sadness,sadness,3
uit_001508,cafe nguyên chất 🙂,cafe nguyên chất 🙂,other,neutral,4
uit_002915,hk động chạm nó cũng dí sấp mặt luôn rồi . dm . 😌,hk động chạm nó cũng dí sấp mặt luôn rồi . dm . 😌,anger,anger,0
uit_004223,nhìn đôi bàn tay đã biết phải lao động rồi . chị có lấy trai việt không :)),nhìn đôi bàn tay đã biết phải lao động rồi . chị có lấy trai việt không :)),enjoyment,happiness,2
uit_004277,per tao bị con mặt nồi này dí 2 lần táp vào chân bầm tím chạy muốn súc quần .. đang đi không làm gì nó nó cũng dí .. mẹ bà kkk,per tao bị con mặt nồi này dí 2 lần táp vào chân bầm tím chạy muốn súc quần .. đang đi không làm gì nó nó cũng dí .. mẹ bà kkk,anger,anger,0
uit_000280,bị rồi nè :))) mua 6 ly rớt hết 4 ly,bị rồi nè :))) mua 6 ly rớt hết 4 ly,other,neutral,4
uit_004166,ngồi suy nghĩ 1 hồi xem trái hay phải rồi mới nói được . khổ vãi mà !,ngồi suy nghĩ 1 hồi xem trái hay phải rồi mới nói được . khổ vãi mà !,sadness,sadness,3
uit_000301,nhà tao cũng gần mà tao không bao giờ dám đi đêm,nhà tao cũng gần mà tao không bao giờ dám đi đêm,fear,fear,1
uit_001527,thấy không có gì hấp dẫn,thấy không có gì hấp dẫn,other,neutral,4
uit_005237,"hôm nào đi học về cũng phải đi qa , nhà nuôi lũ này ở đỉnh dốc , đi học về tới chân dốc thôi là nghe lũ quỷ đó đứng đầu dốc đón đường bọn tao rồi . méo đạp xe lên dốc nổi , dắt xe lên dốc mà muốn vứt mẹ cái xe đạp để chạy lấy thân cho rồi :((","hôm nào đi học về cũng phải đi qa , nhà nuôi lũ này ở đỉnh dốc , đi học về tới chân dốc thôi là nghe lũ quỷ đó đứng đầu dốc đón đường bọn tao rồi . méo đạp xe lên dốc nổi , dắt xe lên dốc mà muốn vứt mẹ cái xe đạp để chạy lấy thân cho rồi :((",fear,fear,1
uit_002678,cực kì bản lĩnh lẫn liều lĩnh,cực kì bản lĩnh lẫn liều lĩnh,enjoyment,happiness,2
uit_003721,per người yêu công sở nè 😂😂,per người yêu công sở nè 😂😂,enjoyment,happiness,2
uit_000558,gà này cho chó ăn mà . bọn mất dậy vì tiền nó giết chết dần chết mòn con nhà nghèo . địt bố bọn mắt dậy,gà này cho chó ăn mà . bọn mất dậy vì tiền nó giết chết dần chết mòn con nhà nghèo . địt bố bọn mắt dậy,anger,anger,0
uit_002058,đứng tim luôn,đứng tim luôn,fear,fear,1
uit_001289,đi xem 1 mình có sợ ma không 🤔,đi xem 1 mình có sợ ma không 🤔,other,neutral,4
uit_000154,con lợn kia sao đập vào đầu vợ bé của tao =)),con lợn kia sao đập vào đầu vợ bé của tao =)),anger,anger,0
uit_001082,phim này ý nghĩa lắm,phim này ý nghĩa lắm,enjoyment,happiness,2
uit_000269,nó bướng vãi . cứ làm theo ý mình,nó bướng vãi . cứ làm theo ý mình,anger,anger,0
uit_000497,đm lừa đảo hằng năm cả trăm tỉ . giờ phạt có 5 triệu :))) chán vãi,đm lừa đảo hằng năm cả trăm tỉ . giờ phạt có 5 triệu :))) chán vãi,sadness,sadness,3
uit_000291,ơ tao đang mơ 🤩,ơ tao đang mơ 🤩,enjoyment,happiness,2
uit_003875,per cái đoạn vén tóc là quen lắm nhá . thích lém ý,per cái đoạn vén tóc là quen lắm nhá . thích lém ý,enjoyment,happiness,2
uit_002619,mất tiền khôn cũng đáng mà .,mất tiền khôn cũng đáng mà .,enjoyment,happiness,2
uit_002428,đi chơi mẹ tao cũng không tha cho tao :) chửi tao làm mất buổi vui luôn á,đi chơi mẹ tao cũng không tha cho tao :) chửi tao làm mất buổi vui luôn á,sadness,sadness,3
uit_003890,cũng muốn kết hôn lắm mà đến giờ vẫn chưa có người yêu 😭,cũng muốn kết hôn lắm mà đến giờ vẫn chưa có người yêu 😭,sadness,sadness,3
uit_001368,thế này mà gặp per thì phải chạy phọt dắm ra quần per nhỉ,thế này mà gặp per thì phải chạy phọt dắm ra quần per nhỉ,enjoyment,happiness,2
uit_003754,trời má cute vãi lozzzz,trời má cute vãi lozzzz,enjoyment,happiness,2
uit_003562,per nè chị,per nè chị,other,neutral,4
uit_005054,"con đĩ mèo mất dạy ! gặp tao tao đá cái mày , dám đánh con thỏ của tao , bởi tao ghét vxl","con đĩ mèo mất dạy ! gặp tao tao đá cái mày , dám đánh con thỏ của tao , bởi tao ghét vxl",anger,anger,0
uit_001922,nhìn nữa sao . hỏng yêu đi . cho doi . vui vẻ,nhìn nữa sao . hỏng yêu đi . cho doi . vui vẻ,enjoyment,happiness,2
uit_003278,tao muốn con mèo thôi =)),tao muốn con mèo thôi =)),enjoyment,happiness,2
uit_001929,tao lại sợ ngôn tình quá cơ 😒,tao lại sợ ngôn tình quá cơ 😒,fear,fear,1
uit_002009,cười trước nỗi đau của người khác,cười trước nỗi đau của người khác,other,neutral,4
uit_003195,bình thương tao hay cười lắm . nhưng khi tức tên ... tao lại khóc . quá yếu đuối,bình thương tao hay cười lắm . nhưng khi tức tên ... tao lại khóc . quá yếu đuối,sadness,sadness,3
uit_000908,bọn hại người không gươm không dao . bọn tiêu diệt nguồn lực tương lai của dân tộc . nên đưa tội thực phẩm bẩn vào khung tử hình đi . mong nhà nước thay đổi một số luật định đi .,bọn hại người không gươm không dao . bọn tiêu diệt nguồn lực tương lai của dân tộc . nên đưa tội thực phẩm bẩn vào khung tử hình đi . mong nhà nước thay đổi một số luật định đi .,anger,anger,0
uit_004403,đi làm quán nước mà mỗi cái bịch nay long đựng ống hút nó cũng xé nhỏ ra rồi để bay tứ tung đi quét đã muốn lòi lồn,đi làm quán nước mà mỗi cái bịch nay long đựng ống hút nó cũng xé nhỏ ra rồi để bay tứ tung đi quét đã muốn lòi lồn,sadness,sadness,3
uit_003932,nhìn bọn có người yêu khổ chưa kìa .,nhìn bọn có người yêu khổ chưa kìa .,other,neutral,4
uit_001253,"chia sẻ cho anh em , haha","chia sẻ cho anh em , haha",enjoyment,happiness,2
uit_002169,xong tao đưa mày uống nha,xong tao đưa mày uống nha,other,neutral,4
uit_005069,cuộc sống tạo ta áp lực ..,cuộc sống tạo ta áp lực ..,fear,fear,1
uit_001274,coi mà cái tay nó rung trái tim nó đập sợ cái thằng đó té sấp mặt luôn thì không bình thường họa mi còn hót được không :)))),coi mà cái tay nó rung trái tim nó đập sợ cái thằng đó té sấp mặt luôn thì không bình thường họa mi còn hót được không :)))),fear,fear,1
uit_002479,dẻo phết ... nhưng mà cái gì dẻo quá cũng không tốt ...😄,dẻo phết ... nhưng mà cái gì dẻo quá cũng không tốt ...😄,other,neutral,4
uit_001630,"dù chỉ để nhìn 1 cái , để biết người ấy vẫn ổn , người ấy còn tồn tại . ít nhất là nv 😔","dù chỉ để nhìn 1 cái , để biết người ấy vẫn ổn , người ấy còn tồn tại . ít nhất là nv 😔",sadness,sadness,3
uit_004152,đang buồn cần 1 người nhắn tin tâm sự hằng đêm,đang buồn cần 1 người nhắn tin tâm sự hằng đêm,sadness,sadness,3
uit_003400,đéo liên quan nhưng đéo mày bữa nay tao đéo đi ỉa vì con củ lol này :),đéo liên quan nhưng đéo mày bữa nay tao đéo đi ỉa vì con củ lol này :),anger,anger,0
uit_003985,t không nghiện trà nên tao thấy bình thường mà,t không nghiện trà nên tao thấy bình thường mà,other,neutral,4
uit_004945,:v crush có người yêu rồi,:v crush có người yêu rồi,sadness,sadness,3
uit_002989,"đừng bao giờ sợ trở thành chính mình , bạn hãy nhớ bản gốc luôn có giá trị hơn bản sao","đừng bao giờ sợ trở thành chính mình , bạn hãy nhớ bản gốc luôn có giá trị hơn bản sao",other,neutral,4
uit_004538,"thanh xuân của tớ gặp cậu rồi , 4 năm rồi , chỉ có điều vẫn là 2 đường thẳng song song","thanh xuân của tớ gặp cậu rồi , 4 năm rồi , chỉ có điều vẫn là 2 đường thẳng song song",sadness,sadness,3
uit_003630,phí cái lol mày á,phí cái lol mày á,anger,anger,0
uit_002922,rồi tôi sẽ hết được uống nước ở đây nữa :((,rồi tôi sẽ hết được uống nước ở đây nữa :((,sadness,sadness,3
uit_003513,thu thập mọi thông tin về đối tượng .. luôn đặt trái tim vào trạng thái .. chiến đấu 😖,thu thập mọi thông tin về đối tượng .. luôn đặt trái tim vào trạng thái .. chiến đấu 😖,other,neutral,4
uit_002044,"bữa tao coi cái video này nhưng nó ghép nhạc bựa vãi ... mỗi lần mỗi anh té là first blood , double kill ,... các kiểu =))))","bữa tao coi cái video này nhưng nó ghép nhạc bựa vãi ... mỗi lần mỗi anh té là first blood , double kill ,... các kiểu =))))",enjoyment,happiness,2
uit_003212,per trước cái thời ở trọ nè anh,per trước cái thời ở trọ nè anh,other,neutral,4
uit_002777,sống chậm lại và yêu thương nhiều hơn các bạn ạ,sống chậm lại và yêu thương nhiều hơn các bạn ạ,other,neutral,4
uit_000990,tuổi thơ cũng từng trải qua nhiều lời cay nghiệt hơn vậy .. nên c hiểu được cảm giác của em ..,tuổi thơ cũng từng trải qua nhiều lời cay nghiệt hơn vậy .. nên c hiểu được cảm giác của em ..,sadness,sadness,3
uit_000423,"ngu thế chờ cho mật ong ngấm xuống đất , rồi đào đất đấy lên chắt kiểu gì cũng được gần đầy :))","ngu thế chờ cho mật ong ngấm xuống đất , rồi đào đất đấy lên chắt kiểu gì cũng được gần đầy :))",other,neutral,4
uit_001022,chúng ta thật hạnh phúc và luôn đi chung với nhau suốt chặn đường dài rồi đó nà ?,chúng ta thật hạnh phúc và luôn đi chung với nhau suốt chặn đường dài rồi đó nà ?,enjoyment,happiness,2
uit_002600,lại cho lên chơi với các cụ 😌😌😌,lại cho lên chơi với các cụ 😌😌😌,other,neutral,4
uit_001445,đầu năm chúc đại kỷ nguyên vạn sự như ý nhé,đầu năm chúc đại kỷ nguyên vạn sự như ý nhé,enjoyment,happiness,2
uit_003940,nhớ lại kỷ niệm này buồn quá,nhớ lại kỷ niệm này buồn quá,sadness,sadness,3
uit_003966,"giá trị lịch sử văn hoá gần nghìn năm đã mất đi rồi :((""","giá trị lịch sử văn hoá gần nghìn năm đã mất đi rồi :((""",sadness,sadness,3
uit_005259,nhìn rợn vãi,nhìn rợn vãi,fear,fear,1
uit_003327,ước mơ là không cần học cũng giỏi,ước mơ là không cần học cũng giỏi,other,neutral,4
uit_002039,mai chơi trò hứng nước mà nóng quá chắc chơi vầy luôn,mai chơi trò hứng nước mà nóng quá chắc chơi vầy luôn,other,neutral,4
uit_001377,ông định làm gì anh vợ tôi ?,ông định làm gì anh vợ tôi ?,other,neutral,4
uit_001161,"hành động đẹp chứ sao , đằng nào cũng tiệt kiệm hơn :)) 0","hành động đẹp chứ sao , đằng nào cũng tiệt kiệm hơn :)) 0",enjoyment,happiness,2
uit_001300,đứa nào tin là đơn giản thế ra đây tao tát cho vài cái cho tỉnh :),đứa nào tin là đơn giản thế ra đây tao tát cho vài cái cho tỉnh :),anger,anger,0
uit_001845,"ba mẹ mình nhớ tất cả ngày tháng năm sinh âm lịch , giờ sinh , tên tuổi ...... của 4 chị em .....","ba mẹ mình nhớ tất cả ngày tháng năm sinh âm lịch , giờ sinh , tên tuổi ...... của 4 chị em .....",enjoyment,happiness,2
uit_004313,:))) ai hỏi mày :vv,:))) ai hỏi mày :vv,other,neutral,4
uit_002755,đụ mẹ cười ỉa ????????,đụ mẹ cười ỉa ????????,enjoyment,happiness,2
uit_000256,per cấm dừng đỗ đâu cụ thớt ???,per cấm dừng đỗ đâu cụ thớt ???,other,neutral,4
uit_001379,thằng chó chết mày quá dã ư,thằng chó chết mày quá dã ư,anger,anger,0
uit_001129,per đi đâu cũng nghe bài này riết muốn tắt dẹp cho rồi,per đi đâu cũng nghe bài này riết muốn tắt dẹp cho rồi,anger,anger,0
uit_004270,vậy thấy đứa nào thân thân với mình là mình block nó lại à ?? .-.,vậy thấy đứa nào thân thân với mình là mình block nó lại à ?? .-.,other,neutral,4
uit_003709,tuổi thơ của tôi =)),tuổi thơ của tôi =)),enjoyment,happiness,2
uit_001139,per dăm ba cái con nhện :))))),per dăm ba cái con nhện :))))),other,neutral,4
uit_000283,per ngôn tình luôn ở quanh ta nhưng nó đéo đến với chúng ta 😏,per ngôn tình luôn ở quanh ta nhưng nó đéo đến với chúng ta 😏,sadness,sadness,3
uit_003192,nghiệt ngã hơn là phi hành gia đéo tuyển mấy đứa lùn :((,nghiệt ngã hơn là phi hành gia đéo tuyển mấy đứa lùn :((,sadness,sadness,3
uit_001335,"ốm cũng được , chỉ cần mát thôi 😌","ốm cũng được , chỉ cần mát thôi 😌",other,neutral,4
uit_001236,"ước gì boss không co chân lên , tao vẫn sẽ nghĩ là boss thật khí chất =)))","ước gì boss không co chân lên , tao vẫn sẽ nghĩ là boss thật khí chất =)))",sadness,sadness,3
uit_003880,"tao cũng như mày đây . không sao cả , hãy tự hào vì tên mày vẫn rất đẹp","tao cũng như mày đây . không sao cả , hãy tự hào vì tên mày vẫn rất đẹp",enjoyment,happiness,2
uit_004447,còn tao thì 14 / 2 này trở đi tao không còn fa nữa mà chuyển sang những người già neo đơn .. kkk,còn tao thì 14 / 2 này trở đi tao không còn fa nữa mà chuyển sang những người già neo đơn .. kkk,enjoyment,happiness,2
uit_004463,tao vẫn nấu hôm trời mất điện,tao vẫn nấu hôm trời mất điện,other,neutral,4
uit_000817,may mà còn gỡ lại được 1 miếng sắt lớn của tàu hỏa nó bung ra nên bán đi cũng đỡ được vài đồng . kaka,may mà còn gỡ lại được 1 miếng sắt lớn của tàu hỏa nó bung ra nên bán đi cũng đỡ được vài đồng . kaka,enjoyment,happiness,2
uit_002365,ng anh em thiện lành đã rời việt nam . sayy goodbye 🌸,ng anh em thiện lành đã rời việt nam . sayy goodbye 🌸,other,neutral,4
uit_001347,🤣 lau mặt bằng quần chíp của vợ à ?,🤣 lau mặt bằng quần chíp của vợ à ?,enjoyment,happiness,2
uit_005274,bạn ăn cơm chưa ?,bạn ăn cơm chưa ?,other,neutral,4
uit_001021,tao lại thích chua lè chua loét chứ :))),tao lại thích chua lè chua loét chứ :))),enjoyment,happiness,2
uit_000214,t nhớ tao đang xem xxx thì chưa cắm tai nghe 😭😭😭,t nhớ tao đang xem xxx thì chưa cắm tai nghe 😭😭😭,sadness,sadness,3
uit_000144,rồi lại im thôi . 200k hay 5tr thì cũng vậy,rồi lại im thôi . 200k hay 5tr thì cũng vậy,sadness,sadness,3
uit_000612,nhiê ̀ u biê ́ n đô ̣ người kha ́ thu ́ vi ̣ =)),nhiê ̀ u biê ́ n đô ̣ người kha ́ thu ́ vi ̣ =)),enjoyment,happiness,2
uit_000094,"cái thứ ba , trời nhìn mà rơi nước mắt thay cho luôn công cả một mùa mà đi tong chỉ vì một trận mưa","cái thứ ba , trời nhìn mà rơi nước mắt thay cho luôn công cả một mùa mà đi tong chỉ vì một trận mưa",sadness,sadness,3
uit_000804,"xem đi xem lại không chán , best của best 😭","xem đi xem lại không chán , best của best 😭",enjoyment,happiness,2
uit_004011,hồi sinh viên mình dùng cái này đó,hồi sinh viên mình dùng cái này đó,other,neutral,4
uit_001702,t định thả sad nhưng đọc bình luận buồn cười vailon 😂 nên thả hahaa :v,t định thả sad nhưng đọc bình luận buồn cười vailon 😂 nên thả hahaa :v,enjoyment,happiness,2
uit_004383,rồi mấy đứa chân không được dài như tao phóng qua kiểu gì :),rồi mấy đứa chân không được dài như tao phóng qua kiểu gì :),sadness,sadness,3
uit_004694,cố gắng tinh thần sẽ làm lại được,cố gắng tinh thần sẽ làm lại được,other,neutral,4
uit_005217,hồi bé tôi cũng bị chửi cả ngày từ sáng chí tối ! nhưng không phải bố tôi mà là bà nội tôi !,hồi bé tôi cũng bị chửi cả ngày từ sáng chí tối ! nhưng không phải bố tôi mà là bà nội tôi !,sadness,sadness,3
uit_002053,nhưng nói thì cứ bảo hay than thở 😢,nhưng nói thì cứ bảo hay than thở 😢,sadness,sadness,3
uit_002286,niềm vui của cđv việt nam đây mà,niềm vui của cđv việt nam đây mà,enjoyment,happiness,2
uit_004834,bà tôi giờ mất mấy năm rồi giờ lớn lên rồi mà chả tặng được bà món quà nào cả 😭😭😭,bà tôi giờ mất mấy năm rồi giờ lớn lên rồi mà chả tặng được bà món quà nào cả 😭😭😭,sadness,sadness,3
uit_004652,"chống mắt mà xem này khi bồ nói anh muốn đi tập gym thì dẹp ngay và luôn , măc công nó yêu thằng khác mất quá per","chống mắt mà xem này khi bồ nói anh muốn đi tập gym thì dẹp ngay và luôn , măc công nó yêu thằng khác mất quá per",fear,fear,1
uit_001025,ôi cưng cưng quá,ôi cưng cưng quá,enjoyment,happiness,2
uit_002508,per vợ thích bếp ga mini hay loại bếp ga đôi nào 😂😂😂😂,per vợ thích bếp ga mini hay loại bếp ga đôi nào 😂😂😂😂,other,neutral,4
uit_001444,đéo thấy vui đến lúc nó dừng xe đạp nó vả cho vỡ mõm lại hỏi tại sao 😌,đéo thấy vui đến lúc nó dừng xe đạp nó vả cho vỡ mõm lại hỏi tại sao 😌,anger,anger,0
uit_003440,5 năm nữa tao phải đẻ được 3 đứa 😂😂😂,5 năm nữa tao phải đẻ được 3 đứa 😂😂😂,enjoyment,happiness,2
uit_001005,có ai vào đọc bình luận trước khi xem như tao không ???,có ai vào đọc bình luận trước khi xem như tao không ???,other,neutral,4
uit_001569,"hồi nhỏ thì tao bị cả bầy dí , được fine :)))))) đến khi tao 12 và đi học đh năm nhất , sau 1 tháng xa nhà , về nhà và cái kết là tao không còn bước ra khỏi cửa nữa , n dí everywhere :)))))))","hồi nhỏ thì tao bị cả bầy dí , được fine :)))))) đến khi tao 12 và đi học đh năm nhất , sau 1 tháng xa nhà , về nhà và cái kết là tao không còn bước ra khỏi cửa nữa , n dí everywhere :)))))))",fear,fear,1
uit_001725,"rất thích g7 hồi từ 2012 trở lại , có lẽ sẽ uống lại trung nguyên :)","rất thích g7 hồi từ 2012 trở lại , có lẽ sẽ uống lại trung nguyên :)",enjoyment,happiness,2
uit_003620,"vậy đấy , thế nên con gái mới toàn bị lừa =)))","vậy đấy , thế nên con gái mới toàn bị lừa =)))",other,neutral,4
uit_003159,cảm ơn bạn đã yêu đất nước việt nam tôi,cảm ơn bạn đã yêu đất nước việt nam tôi,enjoyment,happiness,2
uit_003941,"lúc trước ông với bà tao cũng thế , bây giờ thì ông bỏ bà đi trước rồi .","lúc trước ông với bà tao cũng thế , bây giờ thì ông bỏ bà đi trước rồi .",sadness,sadness,3
uit_000620,chưa bao giờ được nge câu này 😞,chưa bao giờ được nge câu này 😞,sadness,sadness,3
uit_001890,chai này mới ghi được nhìu chữ kkk,chai này mới ghi được nhìu chữ kkk,enjoyment,happiness,2
uit_001070,cần xem cái kết của bọn này,cần xem cái kết của bọn này,other,neutral,4
uit_001633,tao mà ở đây là sợ rụng trứng luôn chứ đừng nói ăn,tao mà ở đây là sợ rụng trứng luôn chứ đừng nói ăn,fear,fear,1
uit_001048,tán gái hay vãi,tán gái hay vãi,enjoyment,happiness,2
uit_000531,mày tin tao nhai đầu mày không,mày tin tao nhai đầu mày không,anger,anger,0
uit_003121,"phim hay dã man diễn viên chính đẹp trai , xem đi xem lại không chán","phim hay dã man diễn viên chính đẹp trai , xem đi xem lại không chán",enjoyment,happiness,2
uit_002628,uất quá anh ấy cũng phản ứng cãi lại . hì hì đáng yêu quá,uất quá anh ấy cũng phản ứng cãi lại . hì hì đáng yêu quá,enjoyment,happiness,2
uit_001565,sau này có nhắn tin thì không phải là chào em mà là chào mọi người,sau này có nhắn tin thì không phải là chào em mà là chào mọi người,other,neutral,4
uit_003320,ừ thì là chuyện cổ tích . cháu đang đi đường thẳng gặp mấy chú thì phải rẽ ngang . 😢😢,ừ thì là chuyện cổ tích . cháu đang đi đường thẳng gặp mấy chú thì phải rẽ ngang . 😢😢,sadness,sadness,3
uit_000278,"má , dume cười ỉa :))))","má , dume cười ỉa :))))",enjoyment,happiness,2
uit_004301,tao là tao tát vỡ mõm ngay,tao là tao tát vỡ mõm ngay,anger,anger,0
uit_001992,điềm báo gì đây,điềm báo gì đây,fear,fear,1
uit_002014,phê thật . cái tai nó đang thâm đen xì lấy ra hết lại trắng hồng luôn,phê thật . cái tai nó đang thâm đen xì lấy ra hết lại trắng hồng luôn,enjoyment,happiness,2
uit_003818,nước biển sao đục quá nhỉ,nước biển sao đục quá nhỉ,other,neutral,4
uit_000376,tui nhớ anh quá à :(((,tui nhớ anh quá à :(((,sadness,sadness,3
uit_001956,đồ điên,đồ điên,anger,anger,0
uit_002189,yên tâm đi ông trời không bất công với ai đâu,yên tâm đi ông trời không bất công với ai đâu,other,neutral,4
uit_005265,per ông đó có đôi mắt đẹp ghê,per ông đó có đôi mắt đẹp ghê,enjoyment,happiness,2
uit_002472,nghe lại mà nhớ những ngày tháng say đắm trong nỗi cô đơn,nghe lại mà nhớ những ngày tháng say đắm trong nỗi cô đơn,sadness,sadness,3
uit_004549,hãy cứ hết mình đi ... chứ chả bít được ngày mai ra sao cả )),hãy cứ hết mình đi ... chứ chả bít được ngày mai ra sao cả )),other,neutral,4
uit_000577,per thông minh là đây chớ đâu,per thông minh là đây chớ đâu,enjoyment,happiness,2
uit_004179,nghe thôi đã thấy chảy hết nước miếng rồi =))),nghe thôi đã thấy chảy hết nước miếng rồi =))),enjoyment,happiness,2
uit_005257,tao thì sợ nhất lúc nó mới cắt tóc,tao thì sợ nhất lúc nó mới cắt tóc,fear,fear,1
uit_002097,có đứa nào nấu cơm rồi nấu luôn cái bếp như tao không,có đứa nào nấu cơm rồi nấu luôn cái bếp như tao không,other,neutral,4
uit_004931,"đuma tao đang ở đấy nè , vừa đi vừa ôm túi sợ cướp :((","đuma tao đang ở đấy nè , vừa đi vừa ôm túi sợ cướp :((",fear,fear,1
uit_003872,bé xinh quá,bé xinh quá,enjoyment,happiness,2
uit_003666,đợi em đủ tuổi anh chờ được không ?,đợi em đủ tuổi anh chờ được không ?,other,neutral,4
uit_004675,ai bảo con trai yêu không nặng tình ? :'(,ai bảo con trai yêu không nặng tình ? :'(,sadness,sadness,3
uit_002280,"gặp tao là đéo nói nhìu , lùi xe ra rồ ga tông thẳng vào :))))","gặp tao là đéo nói nhìu , lùi xe ra rồ ga tông thẳng vào :))))",anger,anger,0
uit_004705,cay đắng đến cùng cực và hạnh phúc đến tột đỉnh . chỉ là mình có quyền lựa chọn nó hay không thôi,cay đắng đến cùng cực và hạnh phúc đến tột đỉnh . chỉ là mình có quyền lựa chọn nó hay không thôi,sadness,sadness,3
uit_001449,không có gì là tồn tại mãi nhỉ,không có gì là tồn tại mãi nhỉ,sadness,sadness,3
uit_002408,"chó đẻ , khốn nạn vậy mà cũng đi rao giảng đạo đức , đi dạy người khác 😭😭😭😭","chó đẻ , khốn nạn vậy mà cũng đi rao giảng đạo đức , đi dạy người khác 😭😭😭😭",anger,anger,0
uit_004390,"per may có con bạn đang giảm cân nhưng nó hiền , nó sẽ lao vào ăn cùng tao chứ không tát sấp mặt tao như vậy , phải không ?","per may có con bạn đang giảm cân nhưng nó hiền , nó sẽ lao vào ăn cùng tao chứ không tát sấp mặt tao như vậy , phải không ?",enjoyment,happiness,2
uit_001907,"thì đi ra chỗ khác viết , đụ mẹ coi mà tao tức á .","thì đi ra chỗ khác viết , đụ mẹ coi mà tao tức á .",anger,anger,0
uit_000879,per hồi ở tam kì hay nghe ... giờ nghe lại buồn ds,per hồi ở tam kì hay nghe ... giờ nghe lại buồn ds,sadness,sadness,3
uit_000391,mấy ai hiểu được ý nghĩa mà cứ chửi như đúng rồi :)))),mấy ai hiểu được ý nghĩa mà cứ chửi như đúng rồi :)))),anger,anger,0
uit_004674,xem video không buồn cười lắm vì chửi thề quá xá .. cơ mà đọc bình luận của các bạn cười đã luôn . kkkkk,xem video không buồn cười lắm vì chửi thề quá xá .. cơ mà đọc bình luận của các bạn cười đã luôn . kkkkk,enjoyment,happiness,2
uit_000638,chúc mừng các anh . các anh giỏi quá . chuc các anh mạnh khỏe .,chúc mừng các anh . các anh giỏi quá . chuc các anh mạnh khỏe .,enjoyment,happiness,2
uit_002390,nam thần tự do,nam thần tự do,other,neutral,4
uit_000598,"tao ước gì gặp được cái thằng chế ra con xe lead , tao sẽ tán cho nó sấp mặt luôn . 😒 còn video này tao hóng mãi lúc nó so ... mà đéo thấy haha","tao ước gì gặp được cái thằng chế ra con xe lead , tao sẽ tán cho nó sấp mặt luôn . 😒 còn video này tao hóng mãi lúc nó so ... mà đéo thấy haha",anger,anger,0
uit_000441,thế là đúng quy trình rồi,thế là đúng quy trình rồi,other,neutral,4
uit_000480,giết nó ! làm ám ảnh cả cuộc đời học sinh .,giết nó ! làm ám ảnh cả cuộc đời học sinh .,anger,anger,0
uit_001829,per phim nào cũ thì người cũng hay hêt ́ tao anh ơi,per phim nào cũ thì người cũng hay hêt ́ tao anh ơi,enjoyment,happiness,2
uit_003892,xem nà ra chiêu nà gẫy cây nà sấp mặt luôn nà 😂😆,xem nà ra chiêu nà gẫy cây nà sấp mặt luôn nà 😂😆,enjoyment,happiness,2
uit_000626,ôi cháu taooo =)))),ôi cháu taooo =)))),enjoyment,happiness,2
uit_003467,hổng gặp cái buồn luôn ><,hổng gặp cái buồn luôn ><,sadness,sadness,3
uit_001729,tks admin ... tôi muốn tìm phim này lâu rồi mà không nhớ tên phim ... tks admin nhiều,tks admin ... tôi muốn tìm phim này lâu rồi mà không nhớ tên phim ... tks admin nhiều,enjoyment,happiness,2
uit_001571,ko sợ gì chỉ sợ con ml ý 😞,ko sợ gì chỉ sợ con ml ý 😞,fear,fear,1
uit_004858,đm ngồi chờ đã rồi các tổng đài viên đều bận 😭😭😭,đm ngồi chờ đã rồi các tổng đài viên đều bận 😭😭😭,sadness,sadness,3
uit_000040,mình thi xong còn không khóc được 😢,mình thi xong còn không khóc được 😢,sadness,sadness,3
uit_004980,chia buồn cùng khổ chủ,chia buồn cùng khổ chủ,sadness,sadness,3
uit_001847,không biết đến 2021 tao có lấy được chồng không nữa :((,không biết đến 2021 tao có lấy được chồng không nữa :((,sadness,sadness,3
uit_002235,mơ chứ còn gì nữa 🙃,mơ chứ còn gì nữa 🙃,other,neutral,4
uit_003127,ra cái chỗ sóng không táp thì đéo ra cáu vãi :)),ra cái chỗ sóng không táp thì đéo ra cáu vãi :)),anger,anger,0
uit_001061,đằng nào thì điều hòa vẫn bật mà .,đằng nào thì điều hòa vẫn bật mà .,other,neutral,4
uit_004309,"đã làm thì làm cho lố vào , không thì khép nép lại","đã làm thì làm cho lố vào , không thì khép nép lại",other,neutral,4
uit_000890,pháp không còn khoảng thời gian bình yên nữa rồi,pháp không còn khoảng thời gian bình yên nữa rồi,sadness,sadness,3
uit_001032,"hồi bé đi mua xôi bị một đàn ngỗng đuổi 🙂 may mình đi xe đạp không thì ăn lol ** với chúng nó , cái thứ mất dậy 🙎🏻‍♀️🙎🏻‍♀️🙎🏻‍♀️","hồi bé đi mua xôi bị một đàn ngỗng đuổi 🙂 may mình đi xe đạp không thì ăn lol ** với chúng nó , cái thứ mất dậy 🙎🏻‍♀️🙎🏻‍♀️🙎🏻‍♀️",fear,fear,1
uit_003244,môi trường làm việc là yếu tố quyết định,môi trường làm việc là yếu tố quyết định,other,neutral,4
uit_003444,có lúc ngồi một mình mà cảm thấy lạc lõng lắm các cậu ak,có lúc ngồi một mình mà cảm thấy lạc lõng lắm các cậu ak,sadness,sadness,3
uit_003091,cái địt con mẹ mày ... biết bố mày xem xong tí rơi điện thoại không 😭😭😭😭😭😭😭😭😭,cái địt con mẹ mày ... biết bố mày xem xong tí rơi điện thoại không 😭😭😭😭😭😭😭😭😭,anger,anger,0
uit_000618,"hôm nay ai có vàng bán hết đi , tuần sau mua lại , lời vãi .","hôm nay ai có vàng bán hết đi , tuần sau mua lại , lời vãi .",enjoyment,happiness,2
uit_001637,thế con lồn chủ nhiệm kia đéo có trách nhiệm gì nữa à :/ giáo viên mà sao nghĩ ngắn thế ?,thế con lồn chủ nhiệm kia đéo có trách nhiệm gì nữa à :/ giáo viên mà sao nghĩ ngắn thế ?,anger,anger,0
uit_005185,"các cháu thật tốt , hãy thương yêu mọi người và cả loài vật nhé , may mắn và niềm vui sẽ đến với các cháu .","các cháu thật tốt , hãy thương yêu mọi người và cả loài vật nhé , may mắn và niềm vui sẽ đến với các cháu .",enjoyment,happiness,2
uit_001807,crush mới thích ảnh tao mà tao đã . nghĩ đến chuyện đặt tên con rồi,crush mới thích ảnh tao mà tao đã . nghĩ đến chuyện đặt tên con rồi,enjoyment,happiness,2
uit_003643,nguy hiểm đến với bao nhiêu bất cứ lúc nào,nguy hiểm đến với bao nhiêu bất cứ lúc nào,fear,fear,1
uit_005064,đừng đùa với nước bạn,đừng đùa với nước bạn,other,neutral,4
uit_004624,"t xin nhắc lại một lần nữa , đây là một câu chuyện buồn nhé","t xin nhắc lại một lần nữa , đây là một câu chuyện buồn nhé",sadness,sadness,3
uit_002228,boss dễ thương hết sức,boss dễ thương hết sức,enjoyment,happiness,2
uit_004644,chủ quán này xinh gái lắm nha !,chủ quán này xinh gái lắm nha !,enjoyment,happiness,2
uit_003586,nó lại hợp lí vãi :v,nó lại hợp lí vãi :v,enjoyment,happiness,2
uit_000840,cmt thế thôi chứ thật ra còn trả dám ấn vào video để xem . đời tao tởm nhất là lũ nhện mà hay gặp vãi :((((,cmt thế thôi chứ thật ra còn trả dám ấn vào video để xem . đời tao tởm nhất là lũ nhện mà hay gặp vãi :((((,fear,fear,1
uit_003435,thú vui đặc biệt vãi :v .,thú vui đặc biệt vãi :v .,enjoyment,happiness,2
uit_002910,cảm giác tóc sau gáy bắt đầu dựng lên :))),cảm giác tóc sau gáy bắt đầu dựng lên :))),fear,fear,1
uit_000960,"đang tính đi nhổ răng khôn ( à quên , nó ngu chứ khôn đéo gì ..) nghe được cảnh báo này chắc không dám đi nhổ luôn .","đang tính đi nhổ răng khôn ( à quên , nó ngu chứ khôn đéo gì ..) nghe được cảnh báo này chắc không dám đi nhổ luôn .",fear,fear,1
uit_002289,khoảnh khắc nhận ra đồng nghiệp mình is the best :)) nguyễn ngọc thái hiền,khoảnh khắc nhận ra đồng nghiệp mình is the best :)) nguyễn ngọc thái hiền,enjoyment,happiness,2
uit_004845,per một lần thôi không có lần thứ hai đâu 😊,per một lần thôi không có lần thứ hai đâu 😊,enjoyment,happiness,2
uit_000732,per bài của anh luôn nè,per bài của anh luôn nè,other,neutral,4
uit_004002,đó là khi anh per cưới vợ đó 🤣,đó là khi anh per cưới vợ đó 🤣,sadness,sadness,3
uit_001498,"nói câu sau là nuốt câu trước , y chang nuốt não nó v đó nhỉ kk thật thú vị","nói câu sau là nuốt câu trước , y chang nuốt não nó v đó nhỉ kk thật thú vị",enjoyment,happiness,2
uit_000259,"em vợ có thể ngủ với mẹ , còn anh thì ngủ với em 😂","em vợ có thể ngủ với mẹ , còn anh thì ngủ với em 😂",enjoyment,happiness,2
uit_000828,gặp em đúng lúc nhưng sao anh vẫn thấy mình cô đơn quá .,gặp em đúng lúc nhưng sao anh vẫn thấy mình cô đơn quá .,sadness,sadness,3
uit_004014,per năm nay 2 đứa quyết định ngồi hay đứng kkk,per năm nay 2 đứa quyết định ngồi hay đứng kkk,enjoyment,happiness,2
uit_005085,tình anh em thật đáng khâm phục 😍😍😍,tình anh em thật đáng khâm phục 😍😍😍,enjoyment,happiness,2
uit_001090,người lớn tuổi nhiều lúc rất dễ thương 😊❤,người lớn tuổi nhiều lúc rất dễ thương 😊❤,enjoyment,happiness,2
uit_000395,nguy hiểm vãi chưởng luôn ý,nguy hiểm vãi chưởng luôn ý,fear,fear,1
uit_001707,nếu diễn viên chính trẻ hơn đẹp hơn đang yêuc hơn thì mình sẽ xem haizz,nếu diễn viên chính trẻ hơn đẹp hơn đang yêuc hơn thì mình sẽ xem haizz,other,neutral,4
uit_004852,"nhìn mặt ổng nhẫn nhìn kìa :)) tao chờ sen tao ra thôi , lúc đó tao tung hê hết 😑","nhìn mặt ổng nhẫn nhìn kìa :)) tao chờ sen tao ra thôi , lúc đó tao tung hê hết 😑",other,neutral,4
uit_004794,per ơi .... anh muốn anh và nó sẽ bảo vệ đời em 😎,per ơi .... anh muốn anh và nó sẽ bảo vệ đời em 😎,enjoyment,happiness,2
uit_005035,đái mẹ ra quần,đái mẹ ra quần,fear,fear,1
uit_004304,chẳng bằng bố tao 13 năm tự nhiên hỏi bố biết tên con là gì không thì chần chừ một lúc rồi phun ra tên chị tao,chẳng bằng bố tao 13 năm tự nhiên hỏi bố biết tên con là gì không thì chần chừ một lúc rồi phun ra tên chị tao,sadness,sadness,3
uit_000896,nếu không có khúc cua cuối thì video này ý nghĩa đó chớ 🤣🤣,nếu không có khúc cua cuối thì video này ý nghĩa đó chớ 🤣🤣,enjoyment,happiness,2
uit_001840,như con đười ươi :)))))),như con đười ươi :)))))),enjoyment,happiness,2
uit_002999,ngày xưa tao cũng viết nhưng bị chị gái đọc trộm từ đó dẹp mẹ nhật ký luôn,ngày xưa tao cũng viết nhưng bị chị gái đọc trộm từ đó dẹp mẹ nhật ký luôn,other,neutral,4
uit_001841,per thần thái còn phải thua haha,per thần thái còn phải thua haha,enjoyment,happiness,2
uit_003072,nấu cơm như vậy xong đi lên nhà xem hoạt hình .. đến lúc hết phim xuống để xới cơm thì .... khét lẹt,nấu cơm như vậy xong đi lên nhà xem hoạt hình .. đến lúc hết phim xuống để xới cơm thì .... khét lẹt,sadness,sadness,3
uit_003835,lại mưa 😞,lại mưa 😞,sadness,sadness,3
uit_000550,sừng mọc hồi nào không hay,sừng mọc hồi nào không hay,other,neutral,4
uit_002040,per chơi với con trai riết nên giờ đéo có người yêu nổi vì tính tình không khác gì con trai,per chơi với con trai riết nên giờ đéo có người yêu nổi vì tính tình không khác gì con trai,sadness,sadness,3
uit_001365,"per đi coi phim coi , hẹn quài luôn á","per đi coi phim coi , hẹn quài luôn á",anger,anger,0
uit_004875,tuyệt vời quá cần nhiều tấm lòng tốt hơn nua thật là ý nghĩa,tuyệt vời quá cần nhiều tấm lòng tốt hơn nua thật là ý nghĩa,enjoyment,happiness,2
uit_001988,c trai như thế nào tuyệt chủng rồi :),c trai như thế nào tuyệt chủng rồi :),sadness,sadness,3
uit_002953,đen thôi đỏ vẫn thế,đen thôi đỏ vẫn thế,other,neutral,4
uit_004349,tiểu học thì sổ đầu bài đâu ra vại mấy bác,tiểu học thì sổ đầu bài đâu ra vại mấy bác,other,neutral,4
uit_001471,"hy vọng chừng đó con đã đi mẫu giáo lớn , 1 xe bảy chổ và nhà hai tấm 🤣","hy vọng chừng đó con đã đi mẫu giáo lớn , 1 xe bảy chổ và nhà hai tấm 🤣",enjoyment,happiness,2
uit_000665,thật tình mà nói cao su phát triển đất đồi là sai lầm .,thật tình mà nói cao su phát triển đất đồi là sai lầm .,other,neutral,4
uit_001916,mê trai hơn bạn có thật :(,mê trai hơn bạn có thật :(,enjoyment,happiness,2
uit_004587,per đừng có mà thân thiết với tôi,per đừng có mà thân thiết với tôi,anger,anger,0
uit_001150,"giống hệt mình , nhưng bạn may mắn hơn vì bên này quyết trốn nợ tận cùng","giống hệt mình , nhưng bạn may mắn hơn vì bên này quyết trốn nợ tận cùng",sadness,sadness,3
uit_003998,tuổi trẻ tài cao là đây,tuổi trẻ tài cao là đây,enjoyment,happiness,2
uit_000382,cứ thấy cute cưng cưng sao á .... có ai thấy giống per như tao không ??,cứ thấy cute cưng cưng sao á .... có ai thấy giống per như tao không ??,enjoyment,happiness,2
uit_004195,đôi khi có tiền cũng không đi được đâu vì đéo có ai đi cùng,đôi khi có tiền cũng không đi được đâu vì đéo có ai đi cùng,sadness,sadness,3
uit_002024,cười xĩu,cười xĩu,enjoyment,happiness,2
uit_002848,chúng tôi gọi đây nà chất :v,chúng tôi gọi đây nà chất :v,enjoyment,happiness,2
uit_001220,ngày ấy cũng từng như vậy ☺️,ngày ấy cũng từng như vậy ☺️,enjoyment,happiness,2
uit_002860,phim hay vãi ấy xem lâu lắm rồi,phim hay vãi ấy xem lâu lắm rồi,enjoyment,happiness,2
uit_005236,"đừng để râu , móng tay cắt gọn gàng . nếu mà thơm nữa thì 8d chuẩn mẹ rồi","đừng để râu , móng tay cắt gọn gàng . nếu mà thơm nữa thì 8d chuẩn mẹ rồi",other,neutral,4
uit_003546,lại nhuộm vàng súng ống rồi,lại nhuộm vàng súng ống rồi,other,neutral,4
uit_003226,ngắn gọn thôi : thế bây giờ mày muốn tao dỗ hay là tao giỗ :v,ngắn gọn thôi : thế bây giờ mày muốn tao dỗ hay là tao giỗ :v,other,neutral,4
uit_001528,chẳng bao giờ thấy sai,chẳng bao giờ thấy sai,other,neutral,4
uit_002507,"chồng biết không , hihi","chồng biết không , hihi",enjoyment,happiness,2
uit_003171,lâu quá mới nghe lại bài này buồn thế,lâu quá mới nghe lại bài này buồn thế,sadness,sadness,3
uit_003255,"chuẩn đó , mà quên chưa có người yêu","chuẩn đó , mà quên chưa có người yêu",enjoyment,happiness,2
uit_001389,cái thứ bán hàng đéo có tâm . rồi mày sẽ ế bánh cho mà xem,cái thứ bán hàng đéo có tâm . rồi mày sẽ ế bánh cho mà xem,anger,anger,0
uit_001704,buồn thế nhỉ . t mới mua con per chưa nổi 1 năm . thế này thì biết sống sao 😨😨,buồn thế nhỉ . t mới mua con per chưa nổi 1 năm . thế này thì biết sống sao 😨😨,sadness,sadness,3
uit_004288,tội nghiệp các bé đạp xe đi học,tội nghiệp các bé đạp xe đi học,sadness,sadness,3
uit_000019,xin đi chơi với bạn ngày tổng kết không cho cứ bắt học miết :)) khá mệt,xin đi chơi với bạn ngày tổng kết không cho cứ bắt học miết :)) khá mệt,sadness,sadness,3
uit_001573,ủa xưng mày tao thì có vấn đề gì nhễ,ủa xưng mày tao thì có vấn đề gì nhễ,other,neutral,4
uit_001363,đây là hình ảnh của boss trước khi có vợ và sau khi có vợ là một tr một vực,đây là hình ảnh của boss trước khi có vợ và sau khi có vợ là một tr một vực,other,neutral,4
uit_004564,bài học ý thức mất rất nhiều thời gian và phải cần có biện pháp mạnh .,bài học ý thức mất rất nhiều thời gian và phải cần có biện pháp mạnh .,other,neutral,4
uit_002533,khi đời quá mệt mỏi . đi tìm 1 chút drama,khi đời quá mệt mỏi . đi tìm 1 chút drama,other,neutral,4
uit_002521,chúng mày ngồi canh đó cho tao . có con muỗi nào hó hé là ăn liền ??,chúng mày ngồi canh đó cho tao . có con muỗi nào hó hé là ăn liền ??,other,neutral,4
uit_003210,nhìn cái ngành gd việt nam bây giờ ai cũng mệt mỏi,nhìn cái ngành gd việt nam bây giờ ai cũng mệt mỏi,sadness,sadness,3
uit_001468,"ám ảnh hồi bé của c , con này trông nhà oke hơn cả chó luôn","ám ảnh hồi bé của c , con này trông nhà oke hơn cả chó luôn",fear,fear,1
uit_003809,"tuyệt vời , chỉ cần họ thấy vui và hạnh phúc","tuyệt vời , chỉ cần họ thấy vui và hạnh phúc",enjoyment,happiness,2
uit_001678,per thế mà cháu tôi không biết chơi 😭😭,per thế mà cháu tôi không biết chơi 😭😭,sadness,sadness,3
uit_001649,lò bếp dầu một thời nè gì per,lò bếp dầu một thời nè gì per,other,neutral,4
uit_003509,cho em hỏi phim ra tập mới vào những hôm nào ạ,cho em hỏi phim ra tập mới vào những hôm nào ạ,other,neutral,4
uit_003814,em đã bao giờ nghĩ đến mối quan hệ đồng tính ?,em đã bao giờ nghĩ đến mối quan hệ đồng tính ?,other,neutral,4
uit_004829,hồi xưa làm fanpage được gạ kèo 7 triệu nhưng nhất quyết không bán . cảm thấy quyết định đúng đắn nhất trong đời,hồi xưa làm fanpage được gạ kèo 7 triệu nhưng nhất quyết không bán . cảm thấy quyết định đúng đắn nhất trong đời,enjoyment,happiness,2
uit_001482,"tao thì chưa cắt thì đã đéo có sức hút rồi cắt , bùn vãi","tao thì chưa cắt thì đã đéo có sức hút rồi cắt , bùn vãi",sadness,sadness,3
uit_003313,per anh ơi mua đập 1 phát vào mặt tụi chê mình đi anh,per anh ơi mua đập 1 phát vào mặt tụi chê mình đi anh,anger,anger,0
uit_000032,khi nào phường có chế độ phát chồng khi mang thân đến đăng kí kết hôn tự nguyện 😊,khi nào phường có chế độ phát chồng khi mang thân đến đăng kí kết hôn tự nguyện 😊,enjoyment,happiness,2
uit_002985,yêu sắp 2 năm rồi mà không biết người yêu kể chuyện cho nghe là gì 😢 đòi mấy lần toàn kêu không bình thường xịu xịu,yêu sắp 2 năm rồi mà không biết người yêu kể chuyện cho nghe là gì 😢 đòi mấy lần toàn kêu không bình thường xịu xịu,sadness,sadness,3
uit_005256,cứu em nó với,cứu em nó với,sadness,sadness,3
uit_000989,minh tu nguyen thuận phạm quan trọng đồng nghiệp có hợp phong thuỷ với mình hay không hâhhah,minh tu nguyen thuận phạm quan trọng đồng nghiệp có hợp phong thuỷ với mình hay không hâhhah,enjoyment,happiness,2
uit_003015,"chấp nhận đau khổ , để đổi lấy hạnh phúc , mà tìm mãi hạnh phúc không đến thế mới đau em .","chấp nhận đau khổ , để đổi lấy hạnh phúc , mà tìm mãi hạnh phúc không đến thế mới đau em .",sadness,sadness,3
uit_002266,khổ thân em ý .,khổ thân em ý .,sadness,sadness,3
uit_002965,địt mẹ . và ở việt nam chúng tôi gọi đó là lũ óc chó bán phá giá đó,địt mẹ . và ở việt nam chúng tôi gọi đó là lũ óc chó bán phá giá đó,anger,anger,0
uit_004464,tử hình loại này đi,tử hình loại này đi,anger,anger,0
uit_004519,ngôn tình đầy rẫy là một cô gái sao em lại bỏ qua bao nhiêu mơ mộng,ngôn tình đầy rẫy là một cô gái sao em lại bỏ qua bao nhiêu mơ mộng,enjoyment,happiness,2
uit_003727,per lên lịch hẹn hò nhanh,per lên lịch hẹn hò nhanh,enjoyment,happiness,2
uit_000438,"chán thật , dạo này hồi xuân hay sao đọc mấy cái kiểu này ấm lòng vãi :(","chán thật , dạo này hồi xuân hay sao đọc mấy cái kiểu này ấm lòng vãi :(",sadness,sadness,3
uit_000906,"per sợ chưa , ông bác hơi bị cứng nhé :))))","per sợ chưa , ông bác hơi bị cứng nhé :))))",enjoyment,happiness,2
uit_001954,cố gắng đi gần người ta 1 xíu . rồi lướt qua nhau như 1 cơn gió,cố gắng đi gần người ta 1 xíu . rồi lướt qua nhau như 1 cơn gió,other,neutral,4
uit_002476,khổ thân em nó . ??,khổ thân em nó . ??,sadness,sadness,3
uit_003870,"tao nói té 1 cái không dập mề thua gì cũg thua , trĩ nội trĩ ngọai nguyên chùm =)))","tao nói té 1 cái không dập mề thua gì cũg thua , trĩ nội trĩ ngọai nguyên chùm =)))",fear,fear,1
uit_003855,hẳn là con số đẹp 😍😍😍,hẳn là con số đẹp 😍😍😍,enjoyment,happiness,2
uit_002067,có lẽ vậy là tốt nhất,có lẽ vậy là tốt nhất,sadness,sadness,3
uit_004780,"từ nay ho , thì phải kiếm chỗ nào nằm tạm","từ nay ho , thì phải kiếm chỗ nào nằm tạm",other,neutral,4
uit_003387,không lau sạch về bà chủ mắng thì sao . nhiều người họ kinh lắm . trước mẹ minh đi làm cho nhà 5 tầng . họ chỉ ở 3 tầng còn 2 tầng bỏ không . mà ngày nào cũng phải lau hết,không lau sạch về bà chủ mắng thì sao . nhiều người họ kinh lắm . trước mẹ minh đi làm cho nhà 5 tầng . họ chỉ ở 3 tầng còn 2 tầng bỏ không . mà ngày nào cũng phải lau hết,sadness,sadness,3
uit_004718,vui quá ta ơi ......,vui quá ta ơi ......,enjoyment,happiness,2
uit_000974,do mày để gián ngay cửa nó không dám vào nên khóc thôi,do mày để gián ngay cửa nó không dám vào nên khóc thôi,other,neutral,4
uit_003847,tao bị bỏ rơi rồi,tao bị bỏ rơi rồi,sadness,sadness,3
uit_003920,t coi đi coi lại mấy lần để xác định con nhện nó phóng qua tới cái điện thoại hay là nghệ thuật )))),t coi đi coi lại mấy lần để xác định con nhện nó phóng qua tới cái điện thoại hay là nghệ thuật )))),other,neutral,4
uit_001136,đẹp quá v 😍😍,đẹp quá v 😍😍,enjoyment,happiness,2
uit_004194,ae phục vụ ngày xưa của mình đâu rồi . sao thấy thương bạn này,ae phục vụ ngày xưa của mình đâu rồi . sao thấy thương bạn này,sadness,sadness,3
uit_000228,per đi tong một năm học ... nhưng vẫn tốt nghiệp ... :(,per đi tong một năm học ... nhưng vẫn tốt nghiệp ... :(,sadness,sadness,3
uit_004145,tao mợt bây quá 😂😂😂,tao mợt bây quá 😂😂😂,anger,anger,0
uit_004613,"điều tra nguyên nhân cái cái gì . vì hám lời nên coi thường cong nhân , răn đe chỉ béo tiền đút lót","điều tra nguyên nhân cái cái gì . vì hám lời nên coi thường cong nhân , răn đe chỉ béo tiền đút lót",anger,anger,0
uit_003558,lại được làm thêm quả nhà nữa . ngon,lại được làm thêm quả nhà nữa . ngon,enjoyment,happiness,2
uit_003087,per dẹp hết . không có bán mua quần què gì nữa hết,per dẹp hết . không có bán mua quần què gì nữa hết,anger,anger,0
uit_000904,đáng yêu quá,đáng yêu quá,enjoyment,happiness,2
uit_005084,mở ra mà thấy vậy chắc tao sợ quá mà chết luôn mất :),mở ra mà thấy vậy chắc tao sợ quá mà chết luôn mất :),fear,fear,1
uit_005127,mặt nhỏ dễ thương vãi =)),mặt nhỏ dễ thương vãi =)),enjoyment,happiness,2
uit_001855,"học xong cấp 3 , ngoài mừng vì được thoát khỏi đó thì không hề có lưu luyến 1 chút nào :))))))","học xong cấp 3 , ngoài mừng vì được thoát khỏi đó thì không hề có lưu luyến 1 chút nào :))))))",enjoyment,happiness,2
uit_002045,chính xác ! chỉ cần đồng nghiệp tốt thì mọi ngày đi làm đều vui 😊😊😊,chính xác ! chỉ cần đồng nghiệp tốt thì mọi ngày đi làm đều vui 😊😊😊,enjoyment,happiness,2
uit_000527,bán thì bán đi còn bảo bố mày bất hạnh . đéo thèm mua nữa 😑,bán thì bán đi còn bảo bố mày bất hạnh . đéo thèm mua nữa 😑,anger,anger,0
uit_000164,"tiêu đề bộ phim cứ ngỡ là thể loại hài , nhưng nếu xem hết thì các bạn sẽ rút ra rất nhiều điều và cái hay trong phim này","tiêu đề bộ phim cứ ngỡ là thể loại hài , nhưng nếu xem hết thì các bạn sẽ rút ra rất nhiều điều và cái hay trong phim này",enjoyment,happiness,2
uit_002326,per học hỏi nhé kkk,per học hỏi nhé kkk,other,neutral,4
uit_005156,"đúng rồi , kiên trì thêm một chút nữa đi ! :v","đúng rồi , kiên trì thêm một chút nữa đi ! :v",enjoyment,happiness,2
uit_003094,nhớ cái bếp của mẹ .,nhớ cái bếp của mẹ .,other,neutral,4
uit_000076,per mấy trụ kia em không tag được,per mấy trụ kia em không tag được,other,neutral,4
uit_004028,per tao với mày làm chung thì sao nhể 🤗🤗🤗,per tao với mày làm chung thì sao nhể 🤗🤗🤗,other,neutral,4
uit_003905,mới gọi điện thoại xong mới cười với tuii xong heheh anh đáng yêu vãi,mới gọi điện thoại xong mới cười với tuii xong heheh anh đáng yêu vãi,enjoyment,happiness,2
uit_002824,"toàn anh đẹp trai . đau tim , tan nát cõi lòng của tao ... a ................................ a","toàn anh đẹp trai . đau tim , tan nát cõi lòng của tao ... a ................................ a",enjoyment,happiness,2
uit_004825,làm việc vất vả mới được miếng ăn mà chúng nó khốn nạn thật,làm việc vất vả mới được miếng ăn mà chúng nó khốn nạn thật,anger,anger,0
uit_002103,sắm về hỏi mấy thứ :v,sắm về hỏi mấy thứ :v,other,neutral,4
uit_001722,"per mày nhìn thành long hồi này có thấy giống mặt anh chung nhung hồi xưa không :))))). thề luôn , tao thấy giống vãi 🤣","per mày nhìn thành long hồi này có thấy giống mặt anh chung nhung hồi xưa không :))))). thề luôn , tao thấy giống vãi 🤣",enjoyment,happiness,2
uit_002781,tao sợ ma nên không dám coi lun,tao sợ ma nên không dám coi lun,fear,fear,1
uit_004965,những cử chỉ đẹp làm từ thiện cho người nghèo hay thiếu đến lấy thừa đi đến cho,những cử chỉ đẹp làm từ thiện cho người nghèo hay thiếu đến lấy thừa đi đến cho,enjoyment,happiness,2
uit_003523,lừa đảo số tiền lớn như vậy thì khởi tối cả lũ chúng nó chứ,lừa đảo số tiền lớn như vậy thì khởi tối cả lũ chúng nó chứ,anger,anger,0
uit_001749,"đang lười quá nè , làm sao để bớt lười","đang lười quá nè , làm sao để bớt lười",other,neutral,4
uit_003580,mày khá là may mắn khi không học tiếng huế đấy =)),mày khá là may mắn khi không học tiếng huế đấy =)),enjoyment,happiness,2
uit_001353,t tưởng nó nói tiếng việt chứ,t tưởng nó nói tiếng việt chứ,other,neutral,4
uit_004363,:v tới đây đi anh chịu trách nhiệm cho :v,:v tới đây đi anh chịu trách nhiệm cho :v,enjoyment,happiness,2
uit_004308,ủa là đụme video hài hay deep vậy . chớ tao thấy buồn cười vãi vì nhây đéo tả được :))),ủa là đụme video hài hay deep vậy . chớ tao thấy buồn cười vãi vì nhây đéo tả được :))),enjoyment,happiness,2
uit_000745,nghe cũng đúng đúng :)),nghe cũng đúng đúng :)),enjoyment,happiness,2
uit_002116,một bình luận của người trong cuộc . đọc xong thấy ấm lòng cho per !,một bình luận của người trong cuộc . đọc xong thấy ấm lòng cho per !,enjoyment,happiness,2
uit_000721,h chỉ pk nhìn họ bên người khác :((,h chỉ pk nhìn họ bên người khác :((,sadness,sadness,3
uit_001977,"mình đã xem rất nhiều video như này rồi , nên thấy cũng bình thường =)))","mình đã xem rất nhiều video như này rồi , nên thấy cũng bình thường =)))",other,neutral,4
uit_005244,nó vẫn luôn hiện hữu xung quanh chúng ta . hãy dùng tình yêu thương đó và cho đi ❤,nó vẫn luôn hiện hữu xung quanh chúng ta . hãy dùng tình yêu thương đó và cho đi ❤,enjoyment,happiness,2
uit_000966,per cách gì thì kệ mẹ tao,per cách gì thì kệ mẹ tao,anger,anger,0
uit_000660,giá như anh được ào rơi về quá khứ ....,giá như anh được ào rơi về quá khứ ....,other,neutral,4
uit_004416,đù . ?????? sợ tụt lol,đù . ?????? sợ tụt lol,fear,fear,1
uit_003071,"dù thế nào thì anh tôi luôn bất hạnh , ai khóc cho anh khấc tôi đây 😢","dù thế nào thì anh tôi luôn bất hạnh , ai khóc cho anh khấc tôi đây 😢",sadness,sadness,3
uit_004851,đẳng cấp :)),đẳng cấp :)),enjoyment,happiness,2
uit_003798,nhìn con bé thấy cưng ghê chị ơi,nhìn con bé thấy cưng ghê chị ơi,enjoyment,happiness,2
uit_000635,muốn nói bậy ghê :)))) nuôi con chó mà nuôi ra vậy . vừa ôm vừa bị ve,muốn nói bậy ghê :)))) nuôi con chó mà nuôi ra vậy . vừa ôm vừa bị ve,anger,anger,0
uit_000544,bao năm giải phóng như thế này phải không anh,bao năm giải phóng như thế này phải không anh,other,neutral,4
uit_004577,"đúng luật thị trường cung - cầu thôi . ai cấm các bác ra phố gửi xe , hoặc đi taxi đến . chui vào viện làm gì ?","đúng luật thị trường cung - cầu thôi . ai cấm các bác ra phố gửi xe , hoặc đi taxi đến . chui vào viện làm gì ?",other,neutral,4
uit_004201,dạ vâng đây là cái xồ đấy ạ kakaka,dạ vâng đây là cái xồ đấy ạ kakaka,enjoyment,happiness,2
uit_002772,thôi xong . chia buồn cùng quý quốc,thôi xong . chia buồn cùng quý quốc,sadness,sadness,3
uit_001216,"bạn bè thì nó hỏi han , hay nhắn tin thôi .. hồi trước hay ảo tưởng lắm , nhưng giờ lớn nên hết trẻ trâu rồi 🤣","bạn bè thì nó hỏi han , hay nhắn tin thôi .. hồi trước hay ảo tưởng lắm , nhưng giờ lớn nên hết trẻ trâu rồi 🤣",other,neutral,4
uit_003459,cỡ nào anh cũng có thể chịu đựng được vì anh yêu em,cỡ nào anh cũng có thể chịu đựng được vì anh yêu em,enjoyment,happiness,2
uit_002655,"bọn này đóng điện cho nó đi luôn , giữ làm gì cho chật đất","bọn này đóng điện cho nó đi luôn , giữ làm gì cho chật đất",anger,anger,0
uit_003230,nước ngoài có đầy mà :)),nước ngoài có đầy mà :)),enjoyment,happiness,2
uit_001671,không may thụt chân xuống thì sẽ như thế nào nhỉ chắc là thốn đến tận rốn,không may thụt chân xuống thì sẽ như thế nào nhỉ chắc là thốn đến tận rốn,fear,fear,1
uit_000208,per huhu trời ơiii,per huhu trời ơiii,sadness,sadness,3
uit_003274,per bếp ga nha,per bếp ga nha,other,neutral,4
uit_005211,thay đổi văn hóa tí đi . đường là tài sản chung của mọi người dân . và mọi người dân được phép làm những gì pháp luật không cấm .,thay đổi văn hóa tí đi . đường là tài sản chung của mọi người dân . và mọi người dân được phép làm những gì pháp luật không cấm .,other,neutral,4
uit_001822,cưng quá hà,cưng quá hà,enjoyment,happiness,2
uit_000581,per tao nói rồi nha địt con mẹ mày,per tao nói rồi nha địt con mẹ mày,anger,anger,0
uit_002564,đoạn nộp bài kiểm tra mới tức cười ông thầy :)),đoạn nộp bài kiểm tra mới tức cười ông thầy :)),enjoyment,happiness,2
uit_001601,bỏ tù hết lũ xả thải như thế này đi,bỏ tù hết lũ xả thải như thế này đi,anger,anger,0
uit_002210,"má .., ruồi bay qua táp chết tươi :)))","má .., ruồi bay qua táp chết tươi :)))",enjoyment,happiness,2
uit_002769,per nhịn ăn để đi,per nhịn ăn để đi,other,neutral,4
uit_004528,"mong ai đó sẽ không nghe được bài hát này . xin lỗi , ngàn lần xin lỗi 😢","mong ai đó sẽ không nghe được bài hát này . xin lỗi , ngàn lần xin lỗi 😢",sadness,sadness,3
uit_003098,coi xong đoan này . tao thấy nhớ nhà vô cùng 😭,coi xong đoan này . tao thấy nhớ nhà vô cùng 😭,sadness,sadness,3
uit_000390,anh chân thành nên anh tổn thương :((,anh chân thành nên anh tổn thương :((,sadness,sadness,3
uit_004610,"hai đứa chia tay , tao nhảy vào .","hai đứa chia tay , tao nhảy vào .",enjoyment,happiness,2
uit_000216,per quẹo lựa mấy đứa ơi . để lễ nay đặt vé luôn cho rồi . nóng quá rồi :)))),per quẹo lựa mấy đứa ơi . để lễ nay đặt vé luôn cho rồi . nóng quá rồi :)))),enjoyment,happiness,2
uit_002930,thay đổi chóng mặt,thay đổi chóng mặt,other,neutral,4
uit_004667,vận may s cứ xua đuổi mình hoài chứ có bao giờ tự tìm đến đâu ? đen thôi chứ đỏ quên điii nha . đời thường giết chết kẻ mộng mer như mình .,vận may s cứ xua đuổi mình hoài chứ có bao giờ tự tìm đến đâu ? đen thôi chứ đỏ quên điii nha . đời thường giết chết kẻ mộng mer như mình .,sadness,sadness,3
uit_001780,gọi gọi người ra cái lờ ! gặp bố đập mày lun cho rảnh lol nhá,gọi gọi người ra cái lờ ! gặp bố đập mày lun cho rảnh lol nhá,anger,anger,0
uit_003729,ấm lòng vãi huhu,ấm lòng vãi huhu,enjoyment,happiness,2
uit_001952,"đm hồi đó nhà có nuôi bốn con , bữa đang ngồi chơi nặn đất sét nó chạy cả lũ tới , thật sự là tao không biết con đéo nào nhma có một con trong đó kéo áo phía sau lưng tao lên rồi cả lũ cắn lưng tao dume nó thốn vãi luôn . thề !","đm hồi đó nhà có nuôi bốn con , bữa đang ngồi chơi nặn đất sét nó chạy cả lũ tới , thật sự là tao không biết con đéo nào nhma có một con trong đó kéo áo phía sau lưng tao lên rồi cả lũ cắn lưng tao dume nó thốn vãi luôn . thề !",anger,anger,0
uit_005158,đau đớn hơn còn là khi làm bạn cũng khó và gặp nhau coi như người dưng nước lã,đau đớn hơn còn là khi làm bạn cũng khó và gặp nhau coi như người dưng nước lã,sadness,sadness,3
uit_003414,súc vật dume,súc vật dume,anger,anger,0
uit_002976,per :)) chắc giống cảm nhận của ông lái oto hôm qua,per :)) chắc giống cảm nhận của ông lái oto hôm qua,enjoyment,happiness,2
uit_001998,đã nuôi thì nên chăm sóc bé cẩn thận ??,đã nuôi thì nên chăm sóc bé cẩn thận ??,other,neutral,4
uit_002983,phải tự cho mình đau lòng nhất thì mới bỏ được,phải tự cho mình đau lòng nhất thì mới bỏ được,sadness,sadness,3
uit_000375,per chắc tao nên làm quả móng chân xoắn ốc dài nhất thế giới :))),per chắc tao nên làm quả móng chân xoắn ốc dài nhất thế giới :))),other,neutral,4
uit_001321,loại mất dậy,loại mất dậy,anger,anger,0
uit_002133,chắc làm theo yêu cầu,chắc làm theo yêu cầu,other,neutral,4
uit_004660,coi phim này xong thì nhỏ bạn tao bắt chước giống vầy với crush nó . sau đó thì ... à mà đéo có sau đó nữa :v,coi phim này xong thì nhỏ bạn tao bắt chước giống vầy với crush nó . sau đó thì ... à mà đéo có sau đó nữa :v,enjoyment,happiness,2
uit_004585,bây giờ mình 56 tuổi vẫn dùng để bắn bọn chuột neo dình sơi chim cảnh rất hiệu quả các bạn ơi,bây giờ mình 56 tuổi vẫn dùng để bắn bọn chuột neo dình sơi chim cảnh rất hiệu quả các bạn ơi,enjoyment,happiness,2
uit_002771,nói tóm lại mau axít đậm đặc bỏ vào thùng nhựa để kế bên cho nó thấy chắc là ổn nhớ đừng làm chuyện dại nhá,nói tóm lại mau axít đậm đặc bỏ vào thùng nhựa để kế bên cho nó thấy chắc là ổn nhớ đừng làm chuyện dại nhá,anger,anger,0
uit_003451,mấy đứa bị bón thích cái này,mấy đứa bị bón thích cái này,other,neutral,4
uit_004877,per sao bố lại đủ bình tĩnh để xem hết cái trailer này nhỉ . _ . sợ vãi,per sao bố lại đủ bình tĩnh để xem hết cái trailer này nhỉ . _ . sợ vãi,fear,fear,1
uit_004969,sợ quá đi,sợ quá đi,fear,fear,1
uit_001880,dume tao chửi cho nó sấp mặt luôn chứ còn gì nữa,dume tao chửi cho nó sấp mặt luôn chứ còn gì nữa,anger,anger,0
uit_004164,per mùa này mà làm cú mền này giữa trưa 40 độ hết sảy =]],per mùa này mà làm cú mền này giữa trưa 40 độ hết sảy =]],enjoyment,happiness,2
uit_003942,tao mừng quá vì tao biết chắc chắn hôm nay crush của tao không bị thịt . ahihi .,tao mừng quá vì tao biết chắc chắn hôm nay crush của tao không bị thịt . ahihi .,enjoyment,happiness,2
uit_003898,xoá sổ toàn phần cơ sở cung cấp thức ăn khốn nạn này bằng cách cho chúng mỗi đứa một mũi tiêm thuốc độc . còn hiệu trưởng các trường bỏ tù vĩnh viễn .,xoá sổ toàn phần cơ sở cung cấp thức ăn khốn nạn này bằng cách cho chúng mỗi đứa một mũi tiêm thuốc độc . còn hiệu trưởng các trường bỏ tù vĩnh viễn .,anger,anger,0
uit_001324,vặt đôi gương cảnh cáo :)),vặt đôi gương cảnh cáo :)),anger,anger,0
uit_004472,"cũng như đàn ông gục ngã trước cô gái nhiều sắc ! đặc biệt là 50 "" sắc "" thái 😂😂","cũng như đàn ông gục ngã trước cô gái nhiều sắc ! đặc biệt là 50 "" sắc "" thái 😂😂",enjoyment,happiness,2
uit_003208,công an béo như lợn không đuổi nổi tội phạm 😂😂,công an béo như lợn không đuổi nổi tội phạm 😂😂,enjoyment,happiness,2
uit_000956,"nhớ lại ngày đó , làm pg bán giấy , cười suốt ngày , khách chửi cũng cười , mà nhớ thời đó ghê , mới 1 , 2 năm chứ mấy","nhớ lại ngày đó , làm pg bán giấy , cười suốt ngày , khách chửi cũng cười , mà nhớ thời đó ghê , mới 1 , 2 năm chứ mấy",enjoyment,happiness,2
uit_001831,"ước gì mày được quay về tuổi thơ , trước mày cũng có 1 b trai như vậy đó","ước gì mày được quay về tuổi thơ , trước mày cũng có 1 b trai như vậy đó",sadness,sadness,3
uit_002370,t còn được nghỉ 1 tuần :)))),t còn được nghỉ 1 tuần :)))),enjoyment,happiness,2
uit_002170,may mà không mua laptop này không thì ăn lìn lâu rồi :(,may mà không mua laptop này không thì ăn lìn lâu rồi :(,enjoyment,happiness,2
uit_003173,mình hỏi mua rồi mà người ta kiểu nữa muốn bán nữa không bạn,mình hỏi mua rồi mà người ta kiểu nữa muốn bán nữa không bạn,other,neutral,4
uit_002821,dùng cây sắt rùi làm lại đi . mình mún xem típ :3,dùng cây sắt rùi làm lại đi . mình mún xem típ :3,enjoyment,happiness,2
uit_001620,thật là một sự mỉa mai,thật là một sự mỉa mai,other,neutral,4
uit_000965,bài học rút ra là học cách buông bỏ những thứ không thuộc về mình,bài học rút ra là học cách buông bỏ những thứ không thuộc về mình,enjoyment,happiness,2
uit_002519,per trời đựu cầu hôn nó phải thế . đã đẹp trai còn có não,per trời đựu cầu hôn nó phải thế . đã đẹp trai còn có não,enjoyment,happiness,2
uit_004130,bố mẹ tao đọc được tin này + xem cặp lá yêu thương nữa thì bữa trưa nay tao không dám ăn cơm mất .,bố mẹ tao đọc được tin này + xem cặp lá yêu thương nữa thì bữa trưa nay tao không dám ăn cơm mất .,fear,fear,1
uit_004850,tội bà vợ,tội bà vợ,sadness,sadness,3
uit_003861,ừ mỗi lần thế lần buồn kinh lắm mày ạ,ừ mỗi lần thế lần buồn kinh lắm mày ạ,sadness,sadness,3
uit_004797,vẫn thắc mắc tại sao trước mình thi vào 10 lại dễ thế,vẫn thắc mắc tại sao trước mình thi vào 10 lại dễ thế,other,neutral,4
uit_001105,hay bị giật khô trên đó rồi :(,hay bị giật khô trên đó rồi :(,sadness,sadness,3
uit_001134,per có thằng bị tao bắn từ đó không thấy họa mi hót nữa luôn,per có thằng bị tao bắn từ đó không thấy họa mi hót nữa luôn,enjoyment,happiness,2
uit_000567,dume mất dạy,dume mất dạy,anger,anger,0
uit_001344,còn nhiều người chưa có người yêu lắm :),còn nhiều người chưa có người yêu lắm :),other,neutral,4
uit_002318,bếp củi 😂😂😂,bếp củi 😂😂😂,enjoyment,happiness,2
uit_001812,"đang coi thấy nghi nghi , tắt vô xem bình luận , đoán ngay là sẽ giật mình , nên thôi không xem nữa haha , dễ gì bị dụ haha","đang coi thấy nghi nghi , tắt vô xem bình luận , đoán ngay là sẽ giật mình , nên thôi không xem nữa haha , dễ gì bị dụ haha",enjoyment,happiness,2
uit_004767,nghe ngọt thế :((,nghe ngọt thế :((,enjoyment,happiness,2
uit_001823,fan của nhà thờ đức bà paris vào cảm thông cái per,fan của nhà thờ đức bà paris vào cảm thông cái per,other,neutral,4
uit_004407,và mày chợt nhận ra người yêu củ của mày có người yêu mới huhu,và mày chợt nhận ra người yêu củ của mày có người yêu mới huhu,sadness,sadness,3
uit_002850,"kể mà mình cũng được tỏ tình lãng mạn kiểu này . ôi , ngủ thôi . muộn rồi :3","kể mà mình cũng được tỏ tình lãng mạn kiểu này . ôi , ngủ thôi . muộn rồi :3",other,neutral,4
uit_000794,"có lần ba tao mua bánh kem sinh nhật cho tao , lúc đấy tao 13t nhưng khi ba tao mua về thì lại là 15t 😶","có lần ba tao mua bánh kem sinh nhật cho tao , lúc đấy tao 13t nhưng khi ba tao mua về thì lại là 15t 😶",sadness,sadness,3
uit_000876,mỗi năm cũng xem lại đôi lần,mỗi năm cũng xem lại đôi lần,other,neutral,4
uit_004735,đã sợ chó rồi thì chớ lại còn bị đùa zai như này . ai sợ chó đã từng trải sẽ hiểu :v,đã sợ chó rồi thì chớ lại còn bị đùa zai như này . ai sợ chó đã từng trải sẽ hiểu :v,fear,fear,1
uit_001944,dễ thương vãi ♥♥♥,dễ thương vãi ♥♥♥,enjoyment,happiness,2
uit_001215,cầu mong chú có cuộc sống tốt hơn ❤,cầu mong chú có cuộc sống tốt hơn ❤,enjoyment,happiness,2
uit_000842,mẹ con điên,mẹ con điên,anger,anger,0
uit_003358,cái gì cũng có 2 mặt của nó . làm việc phải nghe bằng 2 tai,cái gì cũng có 2 mặt của nó . làm việc phải nghe bằng 2 tai,other,neutral,4
uit_002604,đẹp không,đẹp không,other,neutral,4
uit_000790,per con nhện cản bước bé xuống cầu thang =))))),per con nhện cản bước bé xuống cầu thang =))))),fear,fear,1
uit_001653,khi đang xây cầu mà bị rút bớt kinh phí !,khi đang xây cầu mà bị rút bớt kinh phí !,other,neutral,4
uit_002583,thương nhau còn chả hết dỗi nhau làm chi 😂,thương nhau còn chả hết dỗi nhau làm chi 😂,enjoyment,happiness,2
uit_003191,"đang ỉa xem cười như điên , kkk","đang ỉa xem cười như điên , kkk",enjoyment,happiness,2
uit_002202,"trách nhiệm của con mẹ giáo viên chủ nhiệm là lớn nhất luôn , đuổi con mẹ nó việc đi","trách nhiệm của con mẹ giáo viên chủ nhiệm là lớn nhất luôn , đuổi con mẹ nó việc đi",anger,anger,0
uit_001973,mày uống trà sữa thôi . đéo ăn gì nữa =)),mày uống trà sữa thôi . đéo ăn gì nữa =)),other,neutral,4
uit_002140,bt mà tao vẫn lạng lách ở đây suốt,bt mà tao vẫn lạng lách ở đây suốt,enjoyment,happiness,2
uit_000784,per đây là chúng mềnh 🤪🤪,per đây là chúng mềnh 🤪🤪,enjoyment,happiness,2
uit_004511,"hút điếu cần xong nhìn nó ăn mà muốn phá cái tủ lạnh vô dụng của nhà mình quá , đéo đủ sức đựng thịt bò toàn rau .","hút điếu cần xong nhìn nó ăn mà muốn phá cái tủ lạnh vô dụng của nhà mình quá , đéo đủ sức đựng thịt bò toàn rau .",sadness,sadness,3
uit_002159,1 năm không biết bao nhiêu lần x - quang :(,1 năm không biết bao nhiêu lần x - quang :(,sadness,sadness,3
uit_004109,dcm . ngày bé tao sợ nhện vãi . xem phim thấy yêu tinh nhện,dcm . ngày bé tao sợ nhện vãi . xem phim thấy yêu tinh nhện,fear,fear,1
uit_002947,nhận khách tàu nhanh ai muốn không nè,nhận khách tàu nhanh ai muốn không nè,other,neutral,4
uit_002319,:(( tội bé,:(( tội bé,sadness,sadness,3
uit_004086,không cho giáo viên cái quyền gì thì lấy gì mà dạy nhất là thời buổi lố lăng như bây giờ ... nó quỳ lúc nhỏ khi nó sai còn sửa được đợi lớn lên thì bố mẹ quỳ nhìn nó vào nhà đá,không cho giáo viên cái quyền gì thì lấy gì mà dạy nhất là thời buổi lố lăng như bây giờ ... nó quỳ lúc nhỏ khi nó sai còn sửa được đợi lớn lên thì bố mẹ quỳ nhìn nó vào nhà đá,anger,anger,0
uit_002942,"ỏoo , nó cười xong kiểu cả không gian ngập nắng , thế giới thu bé lại chỉ có hai đứa , rồi tim cứ đập thình thịch , nghĩ thoii mà cũng thích , hì :>","ỏoo , nó cười xong kiểu cả không gian ngập nắng , thế giới thu bé lại chỉ có hai đứa , rồi tim cứ đập thình thịch , nghĩ thoii mà cũng thích , hì :>",enjoyment,happiness,2
uit_002341,đúng bài của người việt thường dùng rồi,đúng bài của người việt thường dùng rồi,other,neutral,4
uit_000369,tao đã bị nó làm cho lầm tưởng rồi . tao thật ngu ngốc - _ -,tao đã bị nó làm cho lầm tưởng rồi . tao thật ngu ngốc - _ -,sadness,sadness,3
uit_000114,giờ lên phường người ta có phát chú rể không nhỉ các bạn ?,giờ lên phường người ta có phát chú rể không nhỉ các bạn ?,other,neutral,4
uit_005174,"per bảo nó nói chuyện đi nhưng không , chỉ nhìn thôi","per bảo nó nói chuyện đi nhưng không , chỉ nhìn thôi",other,neutral,4
uit_000953,"ở mình bà đéo ông đéo nào cũng muốn dậy đưa giỏi , đứa ngu hay nghịch tý là ông bà ý làm ầm lên .","ở mình bà đéo ông đéo nào cũng muốn dậy đưa giỏi , đứa ngu hay nghịch tý là ông bà ý làm ầm lên .",anger,anger,0
uit_002594,mất trật tự thôi có cần phải z không bắt đứng là được rồi cùng lắm là mời phụ huynh vô nói trao đổi có cần phải bắt quỳ trước lớp z không như z khác nào chà đạp lòng tự trọng của nó .,mất trật tự thôi có cần phải z không bắt đứng là được rồi cùng lắm là mời phụ huynh vô nói trao đổi có cần phải bắt quỳ trước lớp z không như z khác nào chà đạp lòng tự trọng của nó .,anger,anger,0
uit_003425,"trai xinh gái đẹp thời đó , nhìn cái xe là biết giáo dục có điều kiện rồi","trai xinh gái đẹp thời đó , nhìn cái xe là biết giáo dục có điều kiện rồi",other,neutral,4
uit_000203,mình không quan tâm giá trị học bổng bao nhiêu . mà tớ q . tâm em đó sẽ dành những gì cho đất nước sau khi học xong thôi . hee . chúc mừng em .,mình không quan tâm giá trị học bổng bao nhiêu . mà tớ q . tâm em đó sẽ dành những gì cho đất nước sau khi học xong thôi . hee . chúc mừng em .,enjoyment,happiness,2
uit_001589,ai hát tao cho tao nge bài này chắc tao say quá,ai hát tao cho tao nge bài này chắc tao say quá,enjoyment,happiness,2
uit_005029,tao ở thanh hà và nhà tao không quả vải nào hết 😂,tao ở thanh hà và nhà tao không quả vải nào hết 😂,sadness,sadness,3
uit_003493,per trông em bé yêu vãi :)),per trông em bé yêu vãi :)),enjoyment,happiness,2
uit_003109,tao đang nghiêm túc đấy,tao đang nghiêm túc đấy,other,neutral,4
uit_003447,lũ này chặt tay bọn nó cho khỏi trộm cắp 😠,lũ này chặt tay bọn nó cho khỏi trộm cắp 😠,anger,anger,0
uit_000525,mỗi lần về quê mà sắp sửa đi qua chuồng ngỗng tao phải cầm cây chổi lông gà mới đi được đấy dume . quơ quơ vòng vòng cho mấy đĩ ngỗng né xa ra rồi chạy thụt lol luôn :=]]]],mỗi lần về quê mà sắp sửa đi qua chuồng ngỗng tao phải cầm cây chổi lông gà mới đi được đấy dume . quơ quơ vòng vòng cho mấy đĩ ngỗng né xa ra rồi chạy thụt lol luôn :=]]]],fear,fear,1
uit_003618,ước gì có ai để tao tag vào .,ước gì có ai để tao tag vào .,sadness,sadness,3
uit_003517,tăng sáng lên nhìn cho rõ mặt chứ,tăng sáng lên nhìn cho rõ mặt chứ,other,neutral,4
uit_002982,boss hổng có 6 múi hả :( buồn dị,boss hổng có 6 múi hả :( buồn dị,sadness,sadness,3
uit_000146,hi vọng trưa nay lúc ăn cơm vtv24 sẽ không đưa tin về bạn này ạ,hi vọng trưa nay lúc ăn cơm vtv24 sẽ không đưa tin về bạn này ạ,fear,fear,1
uit_002142,anh thíck kiểu tra tấn hằng ngày :))),anh thíck kiểu tra tấn hằng ngày :))),enjoyment,happiness,2
uit_000232,"per đấu nhau to rồi , phen này hay","per đấu nhau to rồi , phen này hay",enjoyment,happiness,2
uit_001088,ảnh đẹp quá 😍,ảnh đẹp quá 😍,enjoyment,happiness,2
uit_003951,bọn lừa đảo,bọn lừa đảo,anger,anger,0
uit_005187,"cảm thấy thay được thì thay , giáo viên bây giờ thừa nhiều mà","cảm thấy thay được thì thay , giáo viên bây giờ thừa nhiều mà",anger,anger,0
uit_001493,chỉ sợ tốc độ ăn của dân mình thì không kịp gây hại thôi,chỉ sợ tốc độ ăn của dân mình thì không kịp gây hại thôi,other,neutral,4
uit_002478,giá mà thằng lái xe ngồi trong xe oto trông xe thì tốt biết mấy !,giá mà thằng lái xe ngồi trong xe oto trông xe thì tốt biết mấy !,other,neutral,4
uit_001058,per ông cháu không nè kkk,per ông cháu không nè kkk,enjoyment,happiness,2
uit_002855,xin phép phẫn nộ,xin phép phẫn nộ,anger,anger,0
uit_004625,"không có người làm thì cần đéo gì phải dọn , dume thấy thằng nào dải đập chết cụ nó đi","không có người làm thì cần đéo gì phải dọn , dume thấy thằng nào dải đập chết cụ nó đi",anger,anger,0
uit_004879,"mức thu cao nhất - đồng ý vì số liệu nó thể hiện như vậy , chứ còn hiệu quả thì mình không biết đúng không 😂 mỗi lần vô vcb là hiểu phải đợi mỏi mòn , không như những nh khác","mức thu cao nhất - đồng ý vì số liệu nó thể hiện như vậy , chứ còn hiệu quả thì mình không biết đúng không 😂 mỗi lần vô vcb là hiểu phải đợi mỏi mòn , không như những nh khác",sadness,sadness,3
uit_002728,vậy mới biến thành người nhện được,vậy mới biến thành người nhện được,other,neutral,4
uit_003102,cái vị mà tao nghĩ đến cuối đời con người vẫn chưa nếm hết,cái vị mà tao nghĩ đến cuối đời con người vẫn chưa nếm hết,other,neutral,4
uit_001595,ước mơ làm ngành thật đam mê,ước mơ làm ngành thật đam mê,other,neutral,4
uit_002614,giận lại là cách giải quyết nhanh nhất . để khẳng định là mình luôn đúng 😃,giận lại là cách giải quyết nhanh nhất . để khẳng định là mình luôn đúng 😃,enjoyment,happiness,2
uit_005110,nên xử lý nghiêm khắc,nên xử lý nghiêm khắc,other,neutral,4
uit_001609,ở đây chúng tôi không làm thế,ở đây chúng tôi không làm thế,other,neutral,4
uit_001793,"nhà nuôi 1 cặp ngỗng kêu thì ôi thôi điếc tai luôn . chạy xe thì cứ canh ngay đầu xe mà nhào ra mổ , dí hơn cả chó nữa","nhà nuôi 1 cặp ngỗng kêu thì ôi thôi điếc tai luôn . chạy xe thì cứ canh ngay đầu xe mà nhào ra mổ , dí hơn cả chó nữa",other,neutral,4
uit_001409,biết bao khó khăn mới được vậy,biết bao khó khăn mới được vậy,other,neutral,4
uit_001775,rất chi là chờ đợi 🙄,rất chi là chờ đợi 🙄,other,neutral,4
uit_001655,tao bẻ cổ mày luôn ấy,tao bẻ cổ mày luôn ấy,anger,anger,0
uit_002672,hãy cười thật tươi để cho cuộc sống của bạn trở nên thật tuyệt vời 😁,hãy cười thật tươi để cho cuộc sống của bạn trở nên thật tuyệt vời 😁,enjoyment,happiness,2
uit_002295,xỉu lên xỉu xuống :(,xỉu lên xỉu xuống :(,sadness,sadness,3
uit_004544,per ơ tao còn chưa kịp đến bắt tay mà :((,per ơ tao còn chưa kịp đến bắt tay mà :((,sadness,sadness,3
uit_004052,boss có bộ đồ ngủ đĩ thõa ghê gớm 😅,boss có bộ đồ ngủ đĩ thõa ghê gớm 😅,enjoyment,happiness,2
uit_000985,"buồn cho những ai thờ ơ , vô cảm trước một sự việc như thế .","buồn cho những ai thờ ơ , vô cảm trước một sự việc như thế .",sadness,sadness,3
uit_005199,ăn xong mất hứng đéo nói nữa,ăn xong mất hứng đéo nói nữa,anger,anger,0
uit_000356,t đu ́ theo thôi :v tao biê ́ tao thư ̀ anh no ́ la ̀ shipper,t đu ́ theo thôi :v tao biê ́ tao thư ̀ anh no ́ la ̀ shipper,enjoyment,happiness,2
uit_004727,"vợ mình cũng thế , mấy lần đắp mặt nạ dọa chồng :v được cái mình chơi game kinh dị nhiều nên đếch sợ =))","vợ mình cũng thế , mấy lần đắp mặt nạ dọa chồng :v được cái mình chơi game kinh dị nhiều nên đếch sợ =))",enjoyment,happiness,2
uit_004686,"hồi xưa đi học mình ngồi gần lớp trưởng , tên này được cái rất ga lăng với bạn gái trừ mình .. huhu ..","hồi xưa đi học mình ngồi gần lớp trưởng , tên này được cái rất ga lăng với bạn gái trừ mình .. huhu ..",sadness,sadness,3
uit_004695,t không phàn nàn . t sẽ cố gắng giúp bố mẹ có được nhiều hơn 💪💪💪,t không phàn nàn . t sẽ cố gắng giúp bố mẹ có được nhiều hơn 💪💪💪,enjoyment,happiness,2
uit_003541,tao còn độc thân này :((,tao còn độc thân này :((,sadness,sadness,3
uit_003153,mấy con yêu nghiệt ngày xưa nội có nuôi 2 con cứ ra đằng sau là nó dí chạy muốn tuột mẹ quần 🙄🙄,mấy con yêu nghiệt ngày xưa nội có nuôi 2 con cứ ra đằng sau là nó dí chạy muốn tuột mẹ quần 🙄🙄,fear,fear,1
uit_004942,áo phông dễ thương quá anh ơiiii,áo phông dễ thương quá anh ơiiii,enjoyment,happiness,2
uit_000274,ngọc ngọc đồng nghiệp tốt,ngọc ngọc đồng nghiệp tốt,other,neutral,4
uit_000238,sao tao thấy đa phần mấy đứa con trai cắt tóc xong nhìn ngáo đéo chịu được vậy =))).. cười tét cả hàm chứ đùa,sao tao thấy đa phần mấy đứa con trai cắt tóc xong nhìn ngáo đéo chịu được vậy =))).. cười tét cả hàm chứ đùa,enjoyment,happiness,2
uit_003760,cho dù em có dành được bao nhiêu học bổng đi chăng nữa nhưng mãi mãi em sẽ không thể có được tôi 😅,cho dù em có dành được bao nhiêu học bổng đi chăng nữa nhưng mãi mãi em sẽ không thể có được tôi 😅,enjoyment,happiness,2
uit_003903,má tao xem mà lo thằng quay phim tét không à ? có ai như tao không ?,má tao xem mà lo thằng quay phim tét không à ? có ai như tao không ?,fear,fear,1
uit_003877,phim chuẩn chưa này =)))),phim chuẩn chưa này =)))),enjoyment,happiness,2
uit_001059,có hôm tao đang vương nỏ tính bắn vào con họa mi đang đậu trên cành thì ai ngờ nó phản đame đứt thun dội ngược vào mặt từ đó tao không còn chơi nữa,có hôm tao đang vương nỏ tính bắn vào con họa mi đang đậu trên cành thì ai ngờ nó phản đame đứt thun dội ngược vào mặt từ đó tao không còn chơi nữa,sadness,sadness,3
uit_000168,"có ai nhìn thấy hình như người đàn ông này đang rất đau khổ không nhỉ ? mình nhận thấy hình như ông ấy đang rất đau khổ , mà không thể or không muốn nói ra .","có ai nhìn thấy hình như người đàn ông này đang rất đau khổ không nhỉ ? mình nhận thấy hình như ông ấy đang rất đau khổ , mà không thể or không muốn nói ra .",sadness,sadness,3
uit_004046,con bé xinh thế,con bé xinh thế,enjoyment,happiness,2
uit_003020,"đồng chí thịt vợ tương lai của em thì nhẹ nhẹ đấy , không là phải cứ giã như gạo là không được đâu 😡😡","đồng chí thịt vợ tương lai của em thì nhẹ nhẹ đấy , không là phải cứ giã như gạo là không được đâu 😡😡",other,neutral,4
uit_000447,ai đó chọc mù mắt tao đi ... mất mẹ tuổi thơ,ai đó chọc mù mắt tao đi ... mất mẹ tuổi thơ,anger,anger,0
uit_003676,nhìn mặt con chó tội vãi,nhìn mặt con chó tội vãi,sadness,sadness,3
uit_003976,viết tay phải mẹ mày đi . đụ mẹ mày :)),viết tay phải mẹ mày đi . đụ mẹ mày :)),anger,anger,0
uit_002704,xem phát khóc mẹ luôn 😭😭😭,xem phát khóc mẹ luôn 😭😭😭,sadness,sadness,3
uit_000159,"per khiếp nhớ ngày xưa quá anh em ơi , đi làm cười từ sáng tới tối luôn 😩","per khiếp nhớ ngày xưa quá anh em ơi , đi làm cười từ sáng tới tối luôn 😩",enjoyment,happiness,2
uit_000943,quá tuyệt vời rồi các chàng traiiii,quá tuyệt vời rồi các chàng traiiii,enjoyment,happiness,2
uit_003820,con ngu dù bố mẹ có là người như thế nào đi chăng nữa thì cũng là người đẻ ra mày nuôi chúng mày lớn khôn lớn lên không báo hiếu được gì lại còn sủa bậy,con ngu dù bố mẹ có là người như thế nào đi chăng nữa thì cũng là người đẻ ra mày nuôi chúng mày lớn khôn lớn lên không báo hiếu được gì lại còn sủa bậy,anger,anger,0
uit_000294,chắc chắn người pháp sẽ khôi phục lại được . tin là như thế,chắc chắn người pháp sẽ khôi phục lại được . tin là như thế,other,neutral,4
uit_000240,ướp đông lạnh luôn à,ướp đông lạnh luôn à,other,neutral,4
uit_000687,hơi bị nhanh trí :)),hơi bị nhanh trí :)),enjoyment,happiness,2
uit_001371,mới ho mà đã như thế nào thì lấy chồng chắc sống trong bệnh viện cả đời mất thôi,mới ho mà đã như thế nào thì lấy chồng chắc sống trong bệnh viện cả đời mất thôi,fear,fear,1
uit_004790,nhìn thôi cũng đau lòng :)),nhìn thôi cũng đau lòng :)),sadness,sadness,3
uit_004504,muốn nhanh thì cứ phải từ từ =))))),muốn nhanh thì cứ phải từ từ =))))),enjoyment,happiness,2
uit_000083,phim xem hay ... nhẹ nhàng tình cảm ... và cười vkl,phim xem hay ... nhẹ nhàng tình cảm ... và cười vkl,enjoyment,happiness,2
uit_001211,và vui mừng hơn khi biết tin chị vợ ở nhà vừa sinh hạ em bé được 1 tuần,và vui mừng hơn khi biết tin chị vợ ở nhà vừa sinh hạ em bé được 1 tuần,enjoyment,happiness,2
uit_004952,cái câu liếm củi chỏ sao sai được nhỉ,cái câu liếm củi chỏ sao sai được nhỉ,other,neutral,4
uit_003579,thành công là cách trả thù xã hội ngọt ngào nhất . đừng vì họ nói mà yếu lòng,thành công là cách trả thù xã hội ngọt ngào nhất . đừng vì họ nói mà yếu lòng,other,neutral,4
uit_002709,ha ha ....,ha ha ....,enjoyment,happiness,2
uit_004291,... bố nhà mày ... t nông thôn còn không biết nấu đòi thành phố ...,... bố nhà mày ... t nông thôn còn không biết nấu đòi thành phố ...,anger,anger,0
uit_003437,huhu nó bị điên à ?,huhu nó bị điên à ?,other,neutral,4
uit_000708,"hành nó đưa đèn ông sao lên nữa chứ , ác vãi , ta nhớ lại còn cay ?","hành nó đưa đèn ông sao lên nữa chứ , ác vãi , ta nhớ lại còn cay ?",anger,anger,0
uit_002484,có mà ngược lại ... thời thế thay đổi rồi,có mà ngược lại ... thời thế thay đổi rồi,other,neutral,4
uit_004394,tao nhìn thấy thèm 🤣,tao nhìn thấy thèm 🤣,enjoyment,happiness,2
uit_004188,lấy vợ xong đã đầu tư được cái váy với cái vương miện rồi,lấy vợ xong đã đầu tư được cái váy với cái vương miện rồi,other,neutral,4
uit_000813,ngày trước mình qua singapore cũng vậy . dư hành lý 2 chi em mă ̣ c 4 bộ lên người kkk,ngày trước mình qua singapore cũng vậy . dư hành lý 2 chi em mă ̣ c 4 bộ lên người kkk,enjoyment,happiness,2
uit_003114,đã bảo cho tôi đi trước rồi mà không chịu . :v,đã bảo cho tôi đi trước rồi mà không chịu . :v,other,neutral,4
uit_001781,"giả bộ vô tình gặp nhìn lén rồi đi , lại còn tìm hiểu cả gia phả người ta nữa chứ ... một thời ngu ngốc đáng yêu .","giả bộ vô tình gặp nhìn lén rồi đi , lại còn tìm hiểu cả gia phả người ta nữa chứ ... một thời ngu ngốc đáng yêu .",enjoyment,happiness,2
uit_000407,per tập gym đi mày có người yêu đấyyyy =))))),per tập gym đi mày có người yêu đấyyyy =))))),enjoyment,happiness,2
uit_001572,cảm thấy bạn trai tớ giận dỗi đáng yêu cực,cảm thấy bạn trai tớ giận dỗi đáng yêu cực,enjoyment,happiness,2
uit_000772,mong mai sau cũng được như ông bà,mong mai sau cũng được như ông bà,enjoyment,happiness,2
uit_000885,"mấy thằng dẫn gấu đi thì tránh xa đám đông ra nhé , đừng chen đẩy kiểu bố láo , thằng đẩy tao đã bị xơi cùi trỏ rồi đấy ,","mấy thằng dẫn gấu đi thì tránh xa đám đông ra nhé , đừng chen đẩy kiểu bố láo , thằng đẩy tao đã bị xơi cùi trỏ rồi đấy ,",other,neutral,4
uit_003372,còn các bạn đặt bánh của mình toàn gửi cho người yêu . chắc câu chuyện này còn buồn hơn :((,còn các bạn đặt bánh của mình toàn gửi cho người yêu . chắc câu chuyện này còn buồn hơn :((,sadness,sadness,3
uit_001943,đau còn hơn tỏ tình bị từ chối per,đau còn hơn tỏ tình bị từ chối per,sadness,sadness,3
uit_002150,lại đến giờ giải trí rồi mềnh ơiiii per =))))),lại đến giờ giải trí rồi mềnh ơiiii per =))))),enjoyment,happiness,2
uit_003631,cha mẹ là món quà vô giá mà ơn trên ban cho chúng ta . không gì có thể so sánh thay thế được . và cũng chỉ có một mà thôi ...,cha mẹ là món quà vô giá mà ơn trên ban cho chúng ta . không gì có thể so sánh thay thế được . và cũng chỉ có một mà thôi ...,enjoyment,happiness,2
uit_004750,ưới gì honey của mình sau này cũng thế,ưới gì honey của mình sau này cũng thế,enjoyment,happiness,2
uit_000119,chỉ sợ lúc nó dí,chỉ sợ lúc nó dí,fear,fear,1
uit_002705,per nhìn nó gớm những vẫn khoái coi . thú vui biến thái dễ sợ,per nhìn nó gớm những vẫn khoái coi . thú vui biến thái dễ sợ,enjoyment,happiness,2
uit_001115,tao lại bị mọc lông chân rồi :((,tao lại bị mọc lông chân rồi :((,sadness,sadness,3
uit_002456,"ngày đéo nào cũng đòi người yêu , sinh nhật bác hồ hay quốc khánh cũng đéo thấy tha 😕","ngày đéo nào cũng đòi người yêu , sinh nhật bác hồ hay quốc khánh cũng đéo thấy tha 😕",anger,anger,0
uit_001067,lâu lâu tự nhiên ghen mặc dù đéo là gì của nhau 🙃🙃🙃,lâu lâu tự nhiên ghen mặc dù đéo là gì của nhau 🙃🙃🙃,anger,anger,0
uit_003923,một thời để nhớ,một thời để nhớ,other,neutral,4
uit_004148,"ôiii vãi , dume nhìn thôi tao đã sợ rồi . từ nhện nhỏ đến nhện to không con nào là tao không sợ :((","ôiii vãi , dume nhìn thôi tao đã sợ rồi . từ nhện nhỏ đến nhện to không con nào là tao không sợ :((",fear,fear,1
uit_002422,từ bé đến giờ mình chưa bao giờ xếp được 1 cái rubic nào thế mà cu nhóc kia xếp xong trong vài giây ! xấu hổ quá,từ bé đến giờ mình chưa bao giờ xếp được 1 cái rubic nào thế mà cu nhóc kia xếp xong trong vài giây ! xấu hổ quá,sadness,sadness,3
uit_003482,mày cút,mày cút,anger,anger,0
uit_001718,"hăm hở đón nhận tất cả , thậm chí là nỗi buồn , nếu điều ấy khiến việc tồn tại của bạn mang một hương vị đáng nhớ ...","hăm hở đón nhận tất cả , thậm chí là nỗi buồn , nếu điều ấy khiến việc tồn tại của bạn mang một hương vị đáng nhớ ...",sadness,sadness,3
uit_001628,nt thêm cái dạ vâng thấy quý vãi,nt thêm cái dạ vâng thấy quý vãi,enjoyment,happiness,2
uit_004615,tao lại sợ mày quá cơ :))),tao lại sợ mày quá cơ :))),fear,fear,1
uit_005250,đã thất tình xem pim này khóc cả đêm mất thôi mới đề mô mà đã khóc thút thít rồi chắc xem hết thì không biết pai làm sao ..,đã thất tình xem pim này khóc cả đêm mất thôi mới đề mô mà đã khóc thút thít rồi chắc xem hết thì không biết pai làm sao ..,sadness,sadness,3
uit_004060,rất hợp lí,rất hợp lí,enjoyment,happiness,2
uit_003247,mất rồi có lấy lại được đâu :)) cái gì nó cũng chỉ là quá khứ,mất rồi có lấy lại được đâu :)) cái gì nó cũng chỉ là quá khứ,sadness,sadness,3
uit_004214,ánh mắt thằng con muốn nói : cứu cháu hình như ba sắp ném con ùi,ánh mắt thằng con muốn nói : cứu cháu hình như ba sắp ném con ùi,fear,fear,1
uit_004088,"mình từng chứng kiến trong lúc khám bệnh , con nói chuyện mẹ mà như bà nói chuyện với cháu .","mình từng chứng kiến trong lúc khám bệnh , con nói chuyện mẹ mà như bà nói chuyện với cháu .",other,neutral,4
uit_003334,sợ vãi,sợ vãi,fear,fear,1
uit_004841,đó là những câu chuyện buồn mà :((,đó là những câu chuyện buồn mà :((,sadness,sadness,3
uit_001966,cười ị :v,cười ị :v,enjoyment,happiness,2
uit_005022,"con quỷ này dí bao dai ... thù dai hơn cả chó , tuổi thơ đi ngang qua bầy ngỗng là y như rằng đúng con quỷ đó nó dí tao","con quỷ này dí bao dai ... thù dai hơn cả chó , tuổi thơ đi ngang qua bầy ngỗng là y như rằng đúng con quỷ đó nó dí tao",anger,anger,0
uit_001357,khổ thân vãi :)) xong bà lườm luôn :)),khổ thân vãi :)) xong bà lườm luôn :)),sadness,sadness,3
uit_003859,có thì tốt nhất đừng có giận vì ngoài kia bất cứ thằng nào cũng sẵn sàng dỗ dành bạn gái của bạn 😋,có thì tốt nhất đừng có giận vì ngoài kia bất cứ thằng nào cũng sẵn sàng dỗ dành bạn gái của bạn 😋,fear,fear,1
uit_001299,thạ timmmmm đùa tao yêu mặt nó lúc ôm đầu vlllll xinh quá con ưiiiiiiii,thạ timmmmm đùa tao yêu mặt nó lúc ôm đầu vlllll xinh quá con ưiiiiiiii,enjoyment,happiness,2
uit_002095,không cẩn thận phát là ngậm bả như chơi,không cẩn thận phát là ngậm bả như chơi,fear,fear,1
uit_000887,"làm con người còn sức khoẻ , còn lành lặn mà vác mặt vào ăn cơm từ thiện thì chết con mẹ nó đi cho đỡ chật đất , cơm này dành cho những người không còn khả năng lao động , hoặc vô gia cư và hoàn cảnh quá khó khăn thôi","làm con người còn sức khoẻ , còn lành lặn mà vác mặt vào ăn cơm từ thiện thì chết con mẹ nó đi cho đỡ chật đất , cơm này dành cho những người không còn khả năng lao động , hoặc vô gia cư và hoàn cảnh quá khó khăn thôi",anger,anger,0
uit_002994,các b học sinh đáng yêu quá,các b học sinh đáng yêu quá,enjoyment,happiness,2
uit_003649,không nên tin bất cứ 1 người nào cả,không nên tin bất cứ 1 người nào cả,other,neutral,4
uit_002173,nhìn hình vẽ khẩu trang lại tưởng 1 con mắt =)))))))),nhìn hình vẽ khẩu trang lại tưởng 1 con mắt =)))))))),other,neutral,4
uit_003329,"quê tao mà , tao nhìn 1 cái là biết ngay","quê tao mà , tao nhìn 1 cái là biết ngay",other,neutral,4
uit_004583,không liên quan nhưng sao mị thấy mông boss cong quá đi aaaa ~,không liên quan nhưng sao mị thấy mông boss cong quá đi aaaa ~,enjoyment,happiness,2
uit_004173,"tao bắt con tao quỳ ở góc nhà suốt , nó mà biết nhục , biết tự trọng nó sẽ không để phải bị quỳ","tao bắt con tao quỳ ở góc nhà suốt , nó mà biết nhục , biết tự trọng nó sẽ không để phải bị quỳ",other,neutral,4
uit_000932,đem con bọn mày đến đây tao cho ăn cơm mốc rồi cảnh cáo tao rút kinh nghiệm thôi nha,đem con bọn mày đến đây tao cho ăn cơm mốc rồi cảnh cáo tao rút kinh nghiệm thôi nha,anger,anger,0
uit_000568,nào chàng trai có nhiều tài hãy cho em gục ngã đi nào =)),nào chàng trai có nhiều tài hãy cho em gục ngã đi nào =)),enjoyment,happiness,2
uit_000725,cứ mỗi lần cắt tóc xong tao lại thấy biết ơn bố mẹ vì đã sinh ra tao đzai vãi :))),cứ mỗi lần cắt tóc xong tao lại thấy biết ơn bố mẹ vì đã sinh ra tao đzai vãi :))),enjoyment,happiness,2
uit_003590,bình phước vẫn là cây chủ lực .,bình phước vẫn là cây chủ lực .,other,neutral,4
uit_000394,mấy thằng ranh con đéo có não,mấy thằng ranh con đéo có não,anger,anger,0
uit_000643,ai sẽ cùng tôi mang nỗi đau này cơ chứ,ai sẽ cùng tôi mang nỗi đau này cơ chứ,sadness,sadness,3
uit_001331,ừ thế là kể từ đấy về sau đứa con trai nào cũng trở thành huynh đệ với nó hết,ừ thế là kể từ đấy về sau đứa con trai nào cũng trở thành huynh đệ với nó hết,other,neutral,4
uit_003726,cười ỉa 😂😂 thây nó thét mà tao nghĩ dọn xong nó đi luôn cái cổ họng,cười ỉa 😂😂 thây nó thét mà tao nghĩ dọn xong nó đi luôn cái cổ họng,enjoyment,happiness,2
uit_002609,cái ông aamir khan đóng phim nao cũng hay và ý nghia het,cái ông aamir khan đóng phim nao cũng hay và ý nghia het,enjoyment,happiness,2
uit_003682,chưa khi mô biết cảm giác đi nhởi trung thu với người yêu như răng,chưa khi mô biết cảm giác đi nhởi trung thu với người yêu như răng,sadness,sadness,3
uit_002674,"tao cứ nhìn xong nghĩ , tay nào cầm bút là tay phải ,","tao cứ nhìn xong nghĩ , tay nào cầm bút là tay phải ,",other,neutral,4
uit_000988,nhớ con gái tao quá :((((,nhớ con gái tao quá :((((,sadness,sadness,3
uit_002081,rất chuẩn hãy sống làm người cơn luôn luôn co hiểu thảo với cha mẹ của mình nhé moi người ơi,rất chuẩn hãy sống làm người cơn luôn luôn co hiểu thảo với cha mẹ của mình nhé moi người ơi,enjoyment,happiness,2
uit_002561,thôi mình nói đùa đấy :(,thôi mình nói đùa đấy :(,sadness,sadness,3
uit_003653,thấy cờ rút trên tờ polime là tim rụng rời liền,thấy cờ rút trên tờ polime là tim rụng rời liền,enjoyment,happiness,2
uit_004324,"công nhận , thời xưa bệnh mà cũng vui vãi . :)))","công nhận , thời xưa bệnh mà cũng vui vãi . :)))",enjoyment,happiness,2
uit_004548,per nên mày hãy yên tâm về mấy con nhện nhé :))),per nên mày hãy yên tâm về mấy con nhện nhé :))),enjoyment,happiness,2
uit_002307,cảnh này gặp cũng nhiều rồi . dọn thấy mẹ luôn mà vẫn không sạch được . tức ghê . ức chế lắm . 1 lần thì không sao mà cả chục lần như vậy,cảnh này gặp cũng nhiều rồi . dọn thấy mẹ luôn mà vẫn không sạch được . tức ghê . ức chế lắm . 1 lần thì không sao mà cả chục lần như vậy,anger,anger,0
uit_001958,cảm động người thầy đưa học sinh đi làm hồ sơ 🙄,cảm động người thầy đưa học sinh đi làm hồ sơ 🙄,enjoyment,happiness,2
uit_002128,"hai con ma đấu đầu , con mũ đen ăn toàn cứt nên đanh hơn ?","hai con ma đấu đầu , con mũ đen ăn toàn cứt nên đanh hơn ?",other,neutral,4
uit_003211,cái gì mà rớt hột le tè vậy em gái 😁😁😁,cái gì mà rớt hột le tè vậy em gái 😁😁😁,enjoyment,happiness,2
uit_003964,chuyển từ thất tình sang muốn chết vì quá chán :((,chuyển từ thất tình sang muốn chết vì quá chán :((,sadness,sadness,3
uit_002693,nó ăn cà rốt chứ nó ăn cái gì mà liếc quễ mều mặp 😡😡😡,nó ăn cà rốt chứ nó ăn cái gì mà liếc quễ mều mặp 😡😡😡,anger,anger,0
uit_001757,"cả phim trừ anh dv chính ra thì thấy anh này là đáng yêu nhất , dù nhìn hơi hâm hâm tý","cả phim trừ anh dv chính ra thì thấy anh này là đáng yêu nhất , dù nhìn hơi hâm hâm tý",enjoyment,happiness,2
uit_001378,có đủ mọi gia vị :< em thấy vị đắng của sự chua sót quá nhiều :),có đủ mọi gia vị :< em thấy vị đắng của sự chua sót quá nhiều :),sadness,sadness,3
uit_002224,mới sáng ra,mới sáng ra,other,neutral,4
uit_003741,"đấy ... y đâu cần phải to tác , phải gào lên cho cả thế giới biết .","đấy ... y đâu cần phải to tác , phải gào lên cho cả thế giới biết .",other,neutral,4
uit_002161,chỉ cần nhìn họ thì đã thấy tim đập mạnh rồi =))),chỉ cần nhìn họ thì đã thấy tim đập mạnh rồi =))),enjoyment,happiness,2
uit_003452,thằng lol nào trong miệng thế,thằng lol nào trong miệng thế,anger,anger,0
uit_000958,chỉ tại tôi không nói nên không còn cơ hội,chỉ tại tôi không nói nên không còn cơ hội,sadness,sadness,3
uit_004805,đến năm cuối đại học rồi lúc nhớ lại đéo có gì :)),đến năm cuối đại học rồi lúc nhớ lại đéo có gì :)),sadness,sadness,3
uit_001663,"em sẽ mãi không biết có lúc tôi gọi chỉ để nghe câu "" ai vậy ?""","em sẽ mãi không biết có lúc tôi gọi chỉ để nghe câu "" ai vậy ?""",sadness,sadness,3
uit_000459,"mặc kệ người ta bạn ơi , có tiền mua xe đi thì kệ mẹ thiên hạ","mặc kệ người ta bạn ơi , có tiền mua xe đi thì kệ mẹ thiên hạ",other,neutral,4
uit_000241,chờ tý tao đi thay bỉm xíu tao quay lại .,chờ tý tao đi thay bỉm xíu tao quay lại .,fear,fear,1
uit_005224,1 hình này thấy từ sáng đến giờ trên mấy page rồi 😑😑,1 hình này thấy từ sáng đến giờ trên mấy page rồi 😑😑,other,neutral,4
uit_002172,đéo đùa :)),đéo đùa :)),anger,anger,0
uit_004864,có khi không biết thế nào là tự ái đâu :))),có khi không biết thế nào là tự ái đâu :))),other,neutral,4
uit_003783,per nguy hiểm luôn rình rập xung quanh chúng ta :((,per nguy hiểm luôn rình rập xung quanh chúng ta :((,fear,fear,1
uit_001570,per ngồi ôm bụng cười và liên tưởng đến nhiều nhân vật,per ngồi ôm bụng cười và liên tưởng đến nhiều nhân vật,enjoyment,happiness,2
uit_004144,"con gái mình chỉ vì đến bữa không chịu xuống ăn cơm , cứ du rú trong phòng nên bị bố quát xuống ăn cơm thôi , thế mà nó còn lầm lì vì bị mắng oan đấy","con gái mình chỉ vì đến bữa không chịu xuống ăn cơm , cứ du rú trong phòng nên bị bố quát xuống ăn cơm thôi , thế mà nó còn lầm lì vì bị mắng oan đấy",other,neutral,4
uit_001248,per sau hôm sinh nhật là có cái này . ngon vãi,per sau hôm sinh nhật là có cái này . ngon vãi,enjoyment,happiness,2
uit_002287,tao thích vẽ . nhưng vẽ xấu từ đó chuyển hẳn sang mê chụp ảnh .,tao thích vẽ . nhưng vẽ xấu từ đó chuyển hẳn sang mê chụp ảnh .,enjoyment,happiness,2
uit_001632,"phải chi có ai đối với tao như này ha . nghĩ lại , mình không bằng cả chó . aiyo ....","phải chi có ai đối với tao như này ha . nghĩ lại , mình không bằng cả chó . aiyo ....",sadness,sadness,3
uit_000563,đợi nốt ván đã =)))))))),đợi nốt ván đã =)))))))),enjoyment,happiness,2
uit_002554,hạnh phúc thật :)),hạnh phúc thật :)),enjoyment,happiness,2
uit_000830,chua cay bùi ngọt mặn cái chả có .,chua cay bùi ngọt mặn cái chả có .,other,neutral,4
uit_001385,nhiều lúc sợ bị pê đi,nhiều lúc sợ bị pê đi,fear,fear,1
uit_001205,đã từng xem em là tất cả . mỗi khi mỏi mệt về thấy em và con cười là anh hạnh phúc rồi,đã từng xem em là tất cả . mỗi khi mỏi mệt về thấy em và con cười là anh hạnh phúc rồi,enjoyment,happiness,2
uit_003611,cầu mưa ... mà sao không mưa nhỉ,cầu mưa ... mà sao không mưa nhỉ,other,neutral,4
uit_000381,hiện tại mình chưa người yêu bạn nam nào chưa có người yêu thì lo cua mình đi nhá đến khi mình có người yêu rồi thì đừng hối hận đấy huhu,hiện tại mình chưa người yêu bạn nam nào chưa có người yêu thì lo cua mình đi nhá đến khi mình có người yêu rồi thì đừng hối hận đấy huhu,sadness,sadness,3
uit_003851,chúng mày đã bao giờ bị hất cả cốc nước vào mặt vì mặt không bao giờ tươi cười niềm nở chưa ?,chúng mày đã bao giờ bị hất cả cốc nước vào mặt vì mặt không bao giờ tươi cười niềm nở chưa ?,sadness,sadness,3
uit_003834,"hồi nhỏ hay bị ngỗng rượt , vừa chạy vừa khóc la 🤣🤣","hồi nhỏ hay bị ngỗng rượt , vừa chạy vừa khóc la 🤣🤣",fear,fear,1
uit_004673,nhất là lúc 16h chuẩn bị đến giờ đá bóng . chất rơm đầy bếp cho nó mau chín 🥰🥰 yêu quá thời đó,nhất là lúc 16h chuẩn bị đến giờ đá bóng . chất rơm đầy bếp cho nó mau chín 🥰🥰 yêu quá thời đó,enjoyment,happiness,2
uit_001525,tao cừi tao ỉa 🤣🤣🤣,tao cừi tao ỉa 🤣🤣🤣,enjoyment,happiness,2
uit_003144,e lên mang câu chuyện này đi thi thách thức danh hài . rất duyên,e lên mang câu chuyện này đi thi thách thức danh hài . rất duyên,enjoyment,happiness,2
uit_005119,per coi chừng bị vậy nha chưa haha,per coi chừng bị vậy nha chưa haha,enjoyment,happiness,2
uit_003581,per đi làm công tình yêu cẩn thận ăn uống nhé,per đi làm công tình yêu cẩn thận ăn uống nhé,other,neutral,4
uit_003031,"thiện tai , thế giới này khi nào mới được yên bình","thiện tai , thế giới này khi nào mới được yên bình",fear,fear,1
uit_003254,"em đi xe đạp , có gửi bao giờ đâu mà biết bác ơiii","em đi xe đạp , có gửi bao giờ đâu mà biết bác ơiii",other,neutral,4
uit_000329,per ôi cái bếp một thời chinh chiến,per ôi cái bếp một thời chinh chiến,enjoyment,happiness,2
uit_000907,"phàm là việc đại sự trong thiên hạ , cứ về hỏi vợ . vợ bảo sao thì làm ngược lại . ắt thành công !!!","phàm là việc đại sự trong thiên hạ , cứ về hỏi vợ . vợ bảo sao thì làm ngược lại . ắt thành công !!!",other,neutral,4
uit_003328,""" học từ bỏ những thứ trời không cho "" nói thì dễ nhưng nhiều lúc quyết tâm lắm vẫn không làm được .. 😢😢😢",""" học từ bỏ những thứ trời không cho "" nói thì dễ nhưng nhiều lúc quyết tâm lắm vẫn không làm được .. 😢😢😢",sadness,sadness,3
uit_000860,nuôi sao mà trông béo tốt thế kia :v chỉ bí quyết đi,nuôi sao mà trông béo tốt thế kia :v chỉ bí quyết đi,other,neutral,4
uit_000339,"per trong vòng 4 tháng chắc anh chụp hơn trăm tấm , huhu , sợ quá 😱😱😱😢😢😢","per trong vòng 4 tháng chắc anh chụp hơn trăm tấm , huhu , sợ quá 😱😱😱😢😢😢",fear,fear,1
uit_000505,em tìm link phim mà sao nó ra phim khác chứ không phải phim này zay mọi người 😞,em tìm link phim mà sao nó ra phim khác chứ không phải phim này zay mọi người 😞,sadness,sadness,3
uit_002104,con này là con lợn hay con gấu hay con ong vậy ????,con này là con lợn hay con gấu hay con ong vậy ????,other,neutral,4
uit_002505,"đánh bố mày như này xem , bố túm được 1 con bố xiên chết cụ mày","đánh bố mày như này xem , bố túm được 1 con bố xiên chết cụ mày",anger,anger,0
uit_002732,per đã hiểu tại sao thằng bạn mình đam mê gym .. thì ra đây là nơi nó được sống thật với giới tính của mình ..🤣🤣🤣,per đã hiểu tại sao thằng bạn mình đam mê gym .. thì ra đây là nơi nó được sống thật với giới tính của mình ..🤣🤣🤣,enjoyment,happiness,2
uit_003262,bảo ba mẹ dẫn đi bác sĩ ngay đi,bảo ba mẹ dẫn đi bác sĩ ngay đi,other,neutral,4
uit_001049,"đúng . làm gì không quan trọng , quan trọng là bạn làm điều đó với ai","đúng . làm gì không quan trọng , quan trọng là bạn làm điều đó với ai",other,neutral,4
uit_004941,công nhận chữ đẹp . 🤧,công nhận chữ đẹp . 🤧,enjoyment,happiness,2
uit_001885,:))) bố mày nghi nghi rồi . tắt loa auto sáng suốt :))),:))) bố mày nghi nghi rồi . tắt loa auto sáng suốt :))),other,neutral,4
uit_003287,"200 năm xây dựng , tồn tại 800 năm , thật là tiếc cho nước pháp .","200 năm xây dựng , tồn tại 800 năm , thật là tiếc cho nước pháp .",sadness,sadness,3
uit_004840,thật chứ thấy bạn nam kia cứu con chó không cần nhìn mặt cũng biết đẹp trai rồi 😆,thật chứ thấy bạn nam kia cứu con chó không cần nhìn mặt cũng biết đẹp trai rồi 😆,enjoyment,happiness,2
uit_002876,được đấy tao thích,được đấy tao thích,enjoyment,happiness,2
uit_001001,ý tưởng hay đáy chứ,ý tưởng hay đáy chứ,enjoyment,happiness,2
uit_003856,còn 1 tháng nữa thôi khép lại những ngày tháng vui buồn nhưng luôn có người bên cạnh sẻ chia không lo lắng của tuổi thanh xuân cái tuổi đẹp nhất của cng,còn 1 tháng nữa thôi khép lại những ngày tháng vui buồn nhưng luôn có người bên cạnh sẻ chia không lo lắng của tuổi thanh xuân cái tuổi đẹp nhất của cng,enjoyment,happiness,2
uit_001030,vl bố tao đang ở đây mà chắc sáng mai mới về mất ??,vl bố tao đang ở đây mà chắc sáng mai mới về mất ??,fear,fear,1
uit_002293,"và nếu có 1 người yêu mà chơi với nhiều thằng con trai thì hãy cẩn thận , mày có thể bị cắm sừng khi nào không hay","và nếu có 1 người yêu mà chơi với nhiều thằng con trai thì hãy cẩn thận , mày có thể bị cắm sừng khi nào không hay",other,neutral,4
uit_003374,em hết ngáo rồi nha =))),em hết ngáo rồi nha =))),enjoyment,happiness,2
uit_004423,xem đến cuối video mà vẫn đéo biết con nhỏ đó muốn gì . dài dòng vãi,xem đến cuối video mà vẫn đéo biết con nhỏ đó muốn gì . dài dòng vãi,anger,anger,0
uit_002625,xem giải trí thật,xem giải trí thật,enjoyment,happiness,2
uit_003324,nhưng nó sẽ to và rộng ra :(,nhưng nó sẽ to và rộng ra :(,sadness,sadness,3
uit_000814,tuổi lồn hù được bố m,tuổi lồn hù được bố m,fear,fear,1
uit_000315,"ngày xưa nhà nuôi mấy con điên này cái giọng thì đã khó nghe thì chớ suốt ngày ngoạc ra , hễ về đến nhà là thấy giọng bọn n đầu tiên . xong cho ăn , rõ ràng là cho n ăn đàng hoàng mà đến n + 1 lần bị n mổ với đuổi bợt mạng . chốt là tao ghét cái bọn nì dã man . ám ảnh cả 1 tuổi thơ :(( cái thứ yêu nghiệt .","ngày xưa nhà nuôi mấy con điên này cái giọng thì đã khó nghe thì chớ suốt ngày ngoạc ra , hễ về đến nhà là thấy giọng bọn n đầu tiên . xong cho ăn , rõ ràng là cho n ăn đàng hoàng mà đến n + 1 lần bị n mổ với đuổi bợt mạng . chốt là tao ghét cái bọn nì dã man . ám ảnh cả 1 tuổi thơ :(( cái thứ yêu nghiệt .",fear,fear,1
uit_003093,đéo hiểu,đéo hiểu,other,neutral,4
uit_002613,lâu rất lâu mới gặp được lần rồi liết mắt nhìn cái :)))) chưa thấy nó cười,lâu rất lâu mới gặp được lần rồi liết mắt nhìn cái :)))) chưa thấy nó cười,sadness,sadness,3
uit_000111,em đi bộ chết mẹ đây này,em đi bộ chết mẹ đây này,sadness,sadness,3
uit_001473,không sao đâu :) bệnh này lây qua đường tình bạn,không sao đâu :) bệnh này lây qua đường tình bạn,other,neutral,4
uit_001247,đây mới là công an của nhân dân việt nam cảm ơn bạn nhiều điều tốt đẹp hơn nhé vanew,đây mới là công an của nhân dân việt nam cảm ơn bạn nhiều điều tốt đẹp hơn nhé vanew,enjoyment,happiness,2
uit_001554,hôm nay đi qua vẫn thấy nói chuyện thải chảy thẳng ra sông thì bao giờ mới sạch được ... haiz,hôm nay đi qua vẫn thấy nói chuyện thải chảy thẳng ra sông thì bao giờ mới sạch được ... haiz,sadness,sadness,3
uit_000380,"chỉ cần đủ quan trọng , họ sẽ làm tất cả những gì bạn thấy vui .","chỉ cần đủ quan trọng , họ sẽ làm tất cả những gì bạn thấy vui .",other,neutral,4
uit_002603,động lực của phan con gái,động lực của phan con gái,enjoyment,happiness,2
uit_004934,per không bao giờ quên được hihi,per không bao giờ quên được hihi,enjoyment,happiness,2
uit_003079,bao năm ăn học ở trg mà các vị làm vài vụ như thế nào 1 năm thì lại vui quá . vks ạ,bao năm ăn học ở trg mà các vị làm vài vụ như thế nào 1 năm thì lại vui quá . vks ạ,other,neutral,4
uit_001834,"đấy , nó đấy . con tim tao đau quá .","đấy , nó đấy . con tim tao đau quá .",sadness,sadness,3
uit_002509,giả sử mà bị thằng nào bỏ túi cả lọ nó có chửi không nhỉ,giả sử mà bị thằng nào bỏ túi cả lọ nó có chửi không nhỉ,other,neutral,4
uit_002291,nên là có sắp chết tao cũng đéo kể cho ai nghe :))),nên là có sắp chết tao cũng đéo kể cho ai nghe :))),other,neutral,4
uit_004756,bố không thích nộp đấy mày thích ý kiến không,bố không thích nộp đấy mày thích ý kiến không,anger,anger,0
uit_003529,per giờ thằng gù nhà thờ chạy đi đâu đây :(,per giờ thằng gù nhà thờ chạy đi đâu đây :(,sadness,sadness,3
uit_003300,tao mà biết tụi bây là mấy con đĩ nào tao nhổ lông lồn tao lắc hai cái mép lồn chết mẹ tụi bây 🙂,tao mà biết tụi bây là mấy con đĩ nào tao nhổ lông lồn tao lắc hai cái mép lồn chết mẹ tụi bây 🙂,anger,anger,0
uit_001915,"t xem cái này từ lâu lâu lâu rồi cơ , đéo bất ngờ gì cạ 😕","t xem cái này từ lâu lâu lâu rồi cơ , đéo bất ngờ gì cạ 😕",other,neutral,4
uit_002776,per coi phim này chắc chết luôn trong rạp 😂,per coi phim này chắc chết luôn trong rạp 😂,fear,fear,1
uit_001310,làm ở đâu không quan trọng . quan trọng là có chị em tốt để tạo nghiệp :)))),làm ở đâu không quan trọng . quan trọng là có chị em tốt để tạo nghiệp :)))),enjoyment,happiness,2
uit_003154,"hồi xưa , giờ yêu kiểu người lớn cơ mà","hồi xưa , giờ yêu kiểu người lớn cơ mà",other,neutral,4
uit_005117,thằng đoạn cuối mặc áo hồng đang định gải đít nhưng vì thấy rắn nên anh ấy đã hết ngứa,thằng đoạn cuối mặc áo hồng đang định gải đít nhưng vì thấy rắn nên anh ấy đã hết ngứa,enjoyment,happiness,2
uit_002317,"đi qua hết rồi mới nhận ra cấp 3 là thời tươi đẹp nhất của mình . ở đó có bố mẹ luôn đồng hành , có tình yêu học trò , có nghịch ngợm trốn học ... là quãng thời gian hồn nhiên vui vẻ nhất .","đi qua hết rồi mới nhận ra cấp 3 là thời tươi đẹp nhất của mình . ở đó có bố mẹ luôn đồng hành , có tình yêu học trò , có nghịch ngợm trốn học ... là quãng thời gian hồn nhiên vui vẻ nhất .",enjoyment,happiness,2
uit_002389,có ý định nhai hết hộp kẹo điểm danh đi 😌😌,có ý định nhai hết hộp kẹo điểm danh đi 😌😌,other,neutral,4
uit_002252,chẳng những hư xe mà còn bị phạt nặng nữa,chẳng những hư xe mà còn bị phạt nặng nữa,sadness,sadness,3
uit_004977,per tao thấy mấy ảnh thật đẹp trai,per tao thấy mấy ảnh thật đẹp trai,enjoyment,happiness,2
uit_004559,chồng tương lai lại nuôi vợ thằng khác,chồng tương lai lại nuôi vợ thằng khác,sadness,sadness,3
uit_002602,bộ cuối nhìn đau lòng thật :(,bộ cuối nhìn đau lòng thật :(,sadness,sadness,3
uit_002440,dume tao vừa mất 2 phút nhãm nhất cuộc đời tao 😒😒😒,dume tao vừa mất 2 phút nhãm nhất cuộc đời tao 😒😒😒,anger,anger,0
uit_001029,tình cờ gặp nó và đột nhiên cắm mặt bỏ chạy như điên,tình cờ gặp nó và đột nhiên cắm mặt bỏ chạy như điên,fear,fear,1
uit_003595,một câu chuyện bi đát :((,một câu chuyện bi đát :((,sadness,sadness,3
uit_000486,thua sự mặt dày của khách nên cho một xíu . :v,thua sự mặt dày của khách nên cho một xíu . :v,other,neutral,4
uit_004386,"chuẩn thế còn gì , phải có uy tín trong nghề mới thành công được","chuẩn thế còn gì , phải có uy tín trong nghề mới thành công được",enjoyment,happiness,2
uit_002076,lớp chúng mình rất rất vui anh em ta chan hòa tình thân =))),lớp chúng mình rất rất vui anh em ta chan hòa tình thân =))),enjoyment,happiness,2
uit_002073,xiên chết cụ nó đi,xiên chết cụ nó đi,anger,anger,0
uit_003258,có khi nào mình thích anh hàng xóm vì mình thích con mèo nhà anh không nhỉ :<,có khi nào mình thích anh hàng xóm vì mình thích con mèo nhà anh không nhỉ :<,enjoyment,happiness,2
uit_005204,mấy thằng mặt địt . chim chưa mọc đủ lông mà lông đã ăn vào tận não chúng mày rồi . đm chúng mày,mấy thằng mặt địt . chim chưa mọc đủ lông mà lông đã ăn vào tận não chúng mày rồi . đm chúng mày,anger,anger,0
uit_004672,phim hay từng chi tiết . nếu bạn tập trung xem để ý và hiểu từng chi tiết thì bạn sẽ nể phục những người làm phim biết chừng nào .,phim hay từng chi tiết . nếu bạn tập trung xem để ý và hiểu từng chi tiết thì bạn sẽ nể phục những người làm phim biết chừng nào .,enjoyment,happiness,2
uit_000698,gắn bó thời sinh viên nè,gắn bó thời sinh viên nè,enjoyment,happiness,2
uit_000562,gãy tay,gãy tay,sadness,sadness,3
uit_002452,t thua cả đứa con nít nữa ám ảnh vãi,t thua cả đứa con nít nữa ám ảnh vãi,sadness,sadness,3
uit_000463,tao đang chờ xem bà ấy được nghe nhạc ý mà hết video 🤣,tao đang chờ xem bà ấy được nghe nhạc ý mà hết video 🤣,enjoyment,happiness,2
uit_002681,:)) đéo hiểu sao mấy phim truyền hình của ấn xl vãi mà phim như thế nào thì lại qá hay,:)) đéo hiểu sao mấy phim truyền hình của ấn xl vãi mà phim như thế nào thì lại qá hay,enjoyment,happiness,2
uit_002898,"hí hí . tiến sĩ cừu , thạc sĩ cừu ... chẹp chẹp 😃","hí hí . tiến sĩ cừu , thạc sĩ cừu ... chẹp chẹp 😃",enjoyment,happiness,2
uit_003061,đây là 1 câu chuyện buồn,đây là 1 câu chuyện buồn,sadness,sadness,3
uit_000297,với tôi là gia đình và sự hận thù .,với tôi là gia đình và sự hận thù .,other,neutral,4
uit_004643,a độc thân nè không có ai để nắm tay gọi là thử coi .. hihihi chúc em luon vui ve em nhé ...,a độc thân nè không có ai để nắm tay gọi là thử coi .. hihihi chúc em luon vui ve em nhé ...,enjoyment,happiness,2
uit_002680,chị lỡ mất 1 nhịp tim vì cưng đấy ❤️❤️❤️,chị lỡ mất 1 nhịp tim vì cưng đấy ❤️❤️❤️,enjoyment,happiness,2
uit_004881,"sời , lừa làm sao được tao :))","sời , lừa làm sao được tao :))",enjoyment,happiness,2
uit_003506,ui đáng yêu gheê,ui đáng yêu gheê,enjoyment,happiness,2
uit_002518,hè về chỉ thích ăn cái này .,hè về chỉ thích ăn cái này .,enjoyment,happiness,2
uit_004364,tình phụ tử đúng là vô hạn,tình phụ tử đúng là vô hạn,other,neutral,4
uit_005108,chưa 1 lần vấn vương thời c3 =)),chưa 1 lần vấn vương thời c3 =)),other,neutral,4
uit_004983,cay và đắng nghe mấy ông lớn tuổi toàn kêu thế thôi,cay và đắng nghe mấy ông lớn tuổi toàn kêu thế thôi,enjoyment,happiness,2
uit_001311,giống chó này hình như không có lông ạ ?? chó nhà em lông rụng đầy nhà .. huhu,giống chó này hình như không có lông ạ ?? chó nhà em lông rụng đầy nhà .. huhu,sadness,sadness,3
uit_002928,tại trà sữa làm tao mập chứ tao có muốn đâu :(,tại trà sữa làm tao mập chứ tao có muốn đâu :(,sadness,sadness,3
uit_001094,thương mấy anh quá mà tao không kiềm được vẫn phải thả haha,thương mấy anh quá mà tao không kiềm được vẫn phải thả haha,enjoyment,happiness,2
uit_004054,ôi vãi mình lên fan cứng rồi cơ 🤗,ôi vãi mình lên fan cứng rồi cơ 🤗,enjoyment,happiness,2
uit_002071,kinh khủng,kinh khủng,fear,fear,1
uit_004839,em mày cách mày bao nhiêu tuổi ?,em mày cách mày bao nhiêu tuổi ?,other,neutral,4
uit_002935,"mấy anh làm video đầu tư ghê , nội dung diễn xuất hay","mấy anh làm video đầu tư ghê , nội dung diễn xuất hay",enjoyment,happiness,2
uit_000561,dume dăm ba cái đứa lông còn chưa mọc đủ bày đặt thể hiện con cặc gì không biết . thêm bà cô giáo óc chó + lão chủ sân nữa,dume dăm ba cái đứa lông còn chưa mọc đủ bày đặt thể hiện con cặc gì không biết . thêm bà cô giáo óc chó + lão chủ sân nữa,anger,anger,0
uit_002263,phải chi có người để giận mình nhỉ :(((,phải chi có người để giận mình nhỉ :(((,sadness,sadness,3
uit_003263,ui cưng quá,ui cưng quá,enjoyment,happiness,2
uit_005263,:)) mọi người bị sao thế ??? thích chơi với mấy đứa như vầy nè :)) hài hước đi chung cười sấp mặt luôn =)))) nhây nhây vầy mới zui chớ ? tự nhiên chửi con nhỏ thấy tội nghiệp 😡,:)) mọi người bị sao thế ??? thích chơi với mấy đứa như vầy nè :)) hài hước đi chung cười sấp mặt luôn =)))) nhây nhây vầy mới zui chớ ? tự nhiên chửi con nhỏ thấy tội nghiệp 😡,enjoyment,happiness,2
uit_002386,ad hỏi thế này thì có khác gì giữa thịt lợn và thịt chó ăn món nào ? ad hỏi thế này là hơi coi thường chị em đó 🤨,ad hỏi thế này thì có khác gì giữa thịt lợn và thịt chó ăn món nào ? ad hỏi thế này là hơi coi thường chị em đó 🤨,anger,anger,0
uit_000099,và khi quay lại nói chuyện với nhau .... biết nói gì giờ huhu,và khi quay lại nói chuyện với nhau .... biết nói gì giờ huhu,sadness,sadness,3
uit_005197,sao mày không ngủ với mẹ mày luôn,sao mày không ngủ với mẹ mày luôn,other,neutral,4
uit_000310,cây này quê tao nhiều lắm nhé . mùa này đi rừng hay gặp nhiều này,cây này quê tao nhiều lắm nhé . mùa này đi rừng hay gặp nhiều này,other,neutral,4
uit_002585,yêu quá đi mất . tuổi thơ của mình toàn nện mấy thằng con trai . trong lớp mình toàn làm xếp nên chẳng được giúp đỡ,yêu quá đi mất . tuổi thơ của mình toàn nện mấy thằng con trai . trong lớp mình toàn làm xếp nên chẳng được giúp đỡ,sadness,sadness,3
uit_003028,"vui thôi đừng vui quá , làm ai cũng ngại","vui thôi đừng vui quá , làm ai cũng ngại",other,neutral,4
uit_002943,chúc mày mau khoẻ nhá chủ thớt ạ =)),chúc mày mau khoẻ nhá chủ thớt ạ =)),enjoyment,happiness,2
uit_004662,chỉ có những người sợ bạn giận bạn buồn thì giận lại mới có hiệu nghiệm thôi,chỉ có những người sợ bạn giận bạn buồn thì giận lại mới có hiệu nghiệm thôi,other,neutral,4
uit_002384,anh nói vậy với em lần nửa đi 🙃,anh nói vậy với em lần nửa đi 🙃,other,neutral,4
uit_004167,đã check rồi lại còn đoán :)) em vui tính giống anh đấy :)),đã check rồi lại còn đoán :)) em vui tính giống anh đấy :)),enjoyment,happiness,2
uit_001778,ăn vào lại thức dậy ở một nơi xa thì bỏ mẹ :)),ăn vào lại thức dậy ở một nơi xa thì bỏ mẹ :)),fear,fear,1
uit_004984,cha mẹ tao còn cãi lộn nhau vì không biết ngày sinh tháng sinh của tao là dương hay âm 😢😢,cha mẹ tao còn cãi lộn nhau vì không biết ngày sinh tháng sinh của tao là dương hay âm 😢😢,sadness,sadness,3
uit_000273,bếp dầu trước kia tôi đã thuờg dùng,bếp dầu trước kia tôi đã thuờg dùng,other,neutral,4
uit_002459,trai đẹp nó yêu nhâu hết rồi các chế ơi ... tranh thủ quơ được thằng nào quơ đi không thì hết đó kkkk,trai đẹp nó yêu nhâu hết rồi các chế ơi ... tranh thủ quơ được thằng nào quơ đi không thì hết đó kkkk,enjoyment,happiness,2
uit_004124,nhắn mà ấm lòng nhờ :))) ra gặp anh shipper đẹp trai nữa thì chủ thớt rụng hết buồng trứng :))),nhắn mà ấm lòng nhờ :))) ra gặp anh shipper đẹp trai nữa thì chủ thớt rụng hết buồng trứng :))),enjoyment,happiness,2
uit_001497,vì ai cũng có mối quan tâm riêng,vì ai cũng có mối quan tâm riêng,other,neutral,4
uit_002959,lúc bé mình rất sợ,lúc bé mình rất sợ,fear,fear,1
uit_003492,đây là đồ của per ??? hỏi nua không,đây là đồ của per ??? hỏi nua không,other,neutral,4
uit_003108,dễ thương vầy :>,dễ thương vầy :>,enjoyment,happiness,2
uit_002801,còn mềnh thì ra quán mua bim bim đều chỉ để nhì em mà cười,còn mềnh thì ra quán mua bim bim đều chỉ để nhì em mà cười,enjoyment,happiness,2
uit_004081,chuẩn rồi bác . :)))),chuẩn rồi bác . :)))),enjoyment,happiness,2
uit_000526,tao ghét và tao sợ nó,tao ghét và tao sợ nó,fear,fear,1
uit_002448,lại thanh niên quay phim khúc cuối ra hỏi chị ơi chị có sao không,lại thanh niên quay phim khúc cuối ra hỏi chị ơi chị có sao không,other,neutral,4
uit_003404,nhớ lần nấu cơm thần thánh này không ? per chỉ là mải nghịch nước thôi mà …,nhớ lần nấu cơm thần thánh này không ? per chỉ là mải nghịch nước thôi mà ...,enjoyment,happiness,2
uit_000027,"cv không áp lực , môi trường xung quanh mới dễ tạo áp lực","cv không áp lực , môi trường xung quanh mới dễ tạo áp lực",fear,fear,1
uit_002091,"cổ nhân có câu : thương cho roi , cho vọt - ghét cho ngọt cho bùi . muốn con trở thành người tốt , nhưng gv nghiêm khắc thì lại phản đối . thật không thể hiểu nổi .","cổ nhân có câu : thương cho roi , cho vọt - ghét cho ngọt cho bùi . muốn con trở thành người tốt , nhưng gv nghiêm khắc thì lại phản đối . thật không thể hiểu nổi .",anger,anger,0
uit_001883,hồi xưa còn bị vén tà áo dài nằm lên bàn rồi đánh . chứ quỳ thế này có là gì đâu . giờ mới thấy cảm ơn thầy cô vì hồi đó đã như vậy .,hồi xưa còn bị vén tà áo dài nằm lên bàn rồi đánh . chứ quỳ thế này có là gì đâu . giờ mới thấy cảm ơn thầy cô vì hồi đó đã như vậy .,enjoyment,happiness,2
uit_001935,chi phí kiểm toán và thuê người tổ chức hòa giải chia chác thôi,chi phí kiểm toán và thuê người tổ chức hòa giải chia chác thôi,other,neutral,4
uit_003228,ng ta nuôi vì niềm đam mê,ng ta nuôi vì niềm đam mê,enjoyment,happiness,2
uit_002188,dễ thương ghê . thằng quay phim cũng không phải dạng vừa ^^,dễ thương ghê . thằng quay phim cũng không phải dạng vừa ^^,enjoyment,happiness,2
uit_004170,dume . cuộc đời mày ơi . không làm gì được thì cười cho nó qua đi mày,dume . cuộc đời mày ơi . không làm gì được thì cười cho nó qua đi mày,other,neutral,4
uit_000302,kiểu gì chả chết ? đá to như kia thoát sao nổi ?,kiểu gì chả chết ? đá to như kia thoát sao nổi ?,sadness,sadness,3
uit_003874,"t chẳng muốn phải nói "" suýt nữa thì .."" một lần nào nữa trong đời của nhau nữa đâu ... vì vậy sẽ trân trọng khi người tới .","t chẳng muốn phải nói "" suýt nữa thì .."" một lần nào nữa trong đời của nhau nữa đâu ... vì vậy sẽ trân trọng khi người tới .",sadness,sadness,3
uit_003455,hóng kỉ lục để lông mũi dài tới bụng :)),hóng kỉ lục để lông mũi dài tới bụng :)),other,neutral,4
uit_002358,sai còn không biết sửa còn thích giận lại . cút hộ,sai còn không biết sửa còn thích giận lại . cút hộ,anger,anger,0
uit_000047,đóng cái lồn tao nè chứ đóng,đóng cái lồn tao nè chứ đóng,anger,anger,0
uit_004231,thích thân hình boss rồi nhan 😌,thích thân hình boss rồi nhan 😌,enjoyment,happiness,2
uit_000485,năm nào chả vậy :))),năm nào chả vậy :))),enjoyment,happiness,2
uit_003850,bây giờ gọi hành hiếmkkk,bây giờ gọi hành hiếmkkk,enjoyment,happiness,2
uit_003265,nghiệp hơi nặng nha !. làm hết hồn,nghiệp hơi nặng nha !. làm hết hồn,fear,fear,1
uit_005030,hãy mang cô ấy sang việt nam ngay,hãy mang cô ấy sang việt nam ngay,other,neutral,4
uit_003259,ờ tao tao thông minh thiệt đã dừng lại đúng lúc,ờ tao tao thông minh thiệt đã dừng lại đúng lúc,enjoyment,happiness,2
uit_003468,thế nên bán hàng có tâm là đừng bao giờ nài nỉ khách mua thêm vì biết đâu bạn vô tình làm cho nỗi đau của họ trở nên tồi tệ hơn .,thế nên bán hàng có tâm là đừng bao giờ nài nỉ khách mua thêm vì biết đâu bạn vô tình làm cho nỗi đau của họ trở nên tồi tệ hơn .,sadness,sadness,3
uit_003292,đã tìm ra cụ tổ của những chiếc sừng,đã tìm ra cụ tổ của những chiếc sừng,other,neutral,4
uit_001926,dễ thương quá hà,dễ thương quá hà,enjoyment,happiness,2
uit_004632,sao mình lại không xem được vậy admin 😭,sao mình lại không xem được vậy admin 😭,sadness,sadness,3
uit_001611,mỗi lần chào cờ :)) đậu má dth vãi :v,mỗi lần chào cờ :)) đậu má dth vãi :v,enjoyment,happiness,2
uit_001881,cầu trời phật cho đại gia đình con sức khỏe !,cầu trời phật cho đại gia đình con sức khỏe !,enjoyment,happiness,2
uit_003774,lo tương lai bị bỏ rơi của chú đi :vậy,lo tương lai bị bỏ rơi của chú đi :vậy,other,neutral,4
uit_001275,hỡi thế gian tình ái là chi mà đôi lứa nguyện thề sống chết ? 😁😁,hỡi thế gian tình ái là chi mà đôi lứa nguyện thề sống chết ? 😁😁,other,neutral,4
uit_004776,vẫn chọn tech là ngân hàng đồng hành,vẫn chọn tech là ngân hàng đồng hành,enjoyment,happiness,2
uit_000789,per mỏi chân quái :v,per mỏi chân quái :v,sadness,sadness,3
uit_001412,hóa chó nhiều quá thì cũng có lúc phải hóa thành người chứ =)))),hóa chó nhiều quá thì cũng có lúc phải hóa thành người chứ =)))),other,neutral,4
uit_003491,bỏ thế lồn nào được :(,bỏ thế lồn nào được :(,sadness,sadness,3
uit_001537,"ở việt nam một số người không giàu đơn thuần , tiền của họ không biết từ đâu ra nên khi lập sân sau họ có thể chơi trò này .","ở việt nam một số người không giàu đơn thuần , tiền của họ không biết từ đâu ra nên khi lập sân sau họ có thể chơi trò này .",other,neutral,4
uit_001716,t mà bị như này thì chắc tao chết luôn c ạ 😂😂 per,t mà bị như này thì chắc tao chết luôn c ạ 😂😂 per,fear,fear,1
uit_000730,"thật ra nó không quên đường về nhà đâu , nó muốn đi bụi thôi","thật ra nó không quên đường về nhà đâu , nó muốn đi bụi thôi",other,neutral,4
uit_003801,lợi ích của việc không nghe lời vợ ??,lợi ích của việc không nghe lời vợ ??,other,neutral,4
uit_003720,đọc tin nhắn đầu thấy cay cay ngay mũi,đọc tin nhắn đầu thấy cay cay ngay mũi,sadness,sadness,3
uit_003252,ngoài ra còn một số cái buồn nữa . không giải quyết kịp thời thì ??,ngoài ra còn một số cái buồn nữa . không giải quyết kịp thời thì ??,sadness,sadness,3
uit_001909,đem hủy mẹ đi . đấu giá cái quần què gì xong thằng mua lại nó hứng nó cho cả thế giới dính vr cmnl .,đem hủy mẹ đi . đấu giá cái quần què gì xong thằng mua lại nó hứng nó cho cả thế giới dính vr cmnl .,anger,anger,0
uit_002782,cuộc đời bạn đáng giá bao nhiêu tiền,cuộc đời bạn đáng giá bao nhiêu tiền,other,neutral,4
uit_003713,ám ảnh thật sự,ám ảnh thật sự,fear,fear,1
uit_004038,lũ kiến ở nhà mày thích vậy .,lũ kiến ở nhà mày thích vậy .,enjoyment,happiness,2
uit_000915,ý là giọng quê tao đó hã,ý là giọng quê tao đó hã,enjoyment,happiness,2
uit_002789,ăn bớt của trẻ vậy mà bị khiển trách thì lần sau còn làm tiếp và mạnh hơn nữa đúng lả luật của việt nam không có chức quyền ăn trộm ổ bánh mì phải đi tù còn có chức ăn 150trieu thì bị khiển trách thôi,ăn bớt của trẻ vậy mà bị khiển trách thì lần sau còn làm tiếp và mạnh hơn nữa đúng lả luật của việt nam không có chức quyền ăn trộm ổ bánh mì phải đi tù còn có chức ăn 150trieu thì bị khiển trách thôi,anger,anger,0
uit_004745,vợ per nuôi tốt quá béo tốt ra hẳn,vợ per nuôi tốt quá béo tốt ra hẳn,enjoyment,happiness,2
uit_003406,đúng là càng ngày càng chán . cứ theo luật mà làm thì chán cực kỳ luôn,đúng là càng ngày càng chán . cứ theo luật mà làm thì chán cực kỳ luôn,sadness,sadness,3
uit_001869,trời ơi . giết hết lũ xúc sinh liên quan đi . lũ giết người hàng loạt . yêu cầu thủ tướng đứng ra chỉ đạo vụ việc này cho dân . diệt tận gốc nhổ tận rể lũ súc vật này .😡😡😡😡,trời ơi . giết hết lũ xúc sinh liên quan đi . lũ giết người hàng loạt . yêu cầu thủ tướng đứng ra chỉ đạo vụ việc này cho dân . diệt tận gốc nhổ tận rể lũ súc vật này .😡😡😡😡,anger,anger,0
uit_004229,nhìn mặt héo queo luôn,nhìn mặt héo queo luôn,other,neutral,4
uit_002279,đáng yêu vậy,đáng yêu vậy,enjoyment,happiness,2
uit_004575,thật dume nge yêu thương gì đâu :)) bắn tim bụp bụp,thật dume nge yêu thương gì đâu :)) bắn tim bụp bụp,enjoyment,happiness,2
uit_000281,chảy cả nói chuyện mắt,chảy cả nói chuyện mắt,other,neutral,4
uit_001761,đang có phong trào tế trượt chân bể bình hả,đang có phong trào tế trượt chân bể bình hả,other,neutral,4
uit_005062,bị bắt nạt im re hà hiền khô luôn thấy tội nghiệp ai dè tới chừng ...... ha ha ha,bị bắt nạt im re hà hiền khô luôn thấy tội nghiệp ai dè tới chừng ...... ha ha ha,enjoyment,happiness,2
uit_000800,tôm này vào là nó diệt hết tôm bản địa luôn,tôm này vào là nó diệt hết tôm bản địa luôn,other,neutral,4
uit_002841,mẹ thằng này nói tiếng việt tốt thật lại còn nói được cả giọng phú yên nữa chứ,mẹ thằng này nói tiếng việt tốt thật lại còn nói được cả giọng phú yên nữa chứ,enjoyment,happiness,2
uit_003521,"tại như vầy nên bố tao không cho đi cùng . cụ bảo có năm còn lăn cả xuống ruộng , trèo lên mái nhà của người ta để đi ??","tại như vầy nên bố tao không cho đi cùng . cụ bảo có năm còn lăn cả xuống ruộng , trèo lên mái nhà của người ta để đi ??",fear,fear,1
uit_002194,anh ấy không thương tao,anh ấy không thương tao,sadness,sadness,3
uit_002406,chờ mãi đéo thấy làm gì chán,chờ mãi đéo thấy làm gì chán,anger,anger,0
uit_004150,"phim hay , nhưng mà lần đầu xem là cùng nyc nên .. 😐","phim hay , nhưng mà lần đầu xem là cùng nyc nên .. 😐",sadness,sadness,3
uit_003660,"kệ mẹ tao , tao thích nuôi chó thôi okeeee nó đéo bao giờ kêu tao bướng","kệ mẹ tao , tao thích nuôi chó thôi okeeee nó đéo bao giờ kêu tao bướng",anger,anger,0
uit_004396,an ủi cũng ghen à :(,an ủi cũng ghen à :(,sadness,sadness,3
uit_004759,một hành động đẹp đầy tính nhân văn ☺️☺️,một hành động đẹp đầy tính nhân văn ☺️☺️,enjoyment,happiness,2
uit_003936,"dume , em tao mà bị thế này thì tao xiên mỗi đứa một nhát , đi tù cũng được","dume , em tao mà bị thế này thì tao xiên mỗi đứa một nhát , đi tù cũng được",anger,anger,0
uit_002467,per thay vì đọc chuyện ma thì mày có thể coi hết video này :)),per thay vì đọc chuyện ma thì mày có thể coi hết video này :)),other,neutral,4
uit_002270,đkm lại diễn rồi pr cho game aumobile chứ gì tuổi lol qua mắt tao =)),đkm lại diễn rồi pr cho game aumobile chứ gì tuổi lol qua mắt tao =)),enjoyment,happiness,2
uit_001675,"ngày xưa nuôi mấy con mèo . đêm hôm nó cứ lựa lúc cửa mở là chạy đi chơi mất . những lần nó không về buồn thối ruột , tối cứ mở cửa để đợi tiếng meo meo 😥","ngày xưa nuôi mấy con mèo . đêm hôm nó cứ lựa lúc cửa mở là chạy đi chơi mất . những lần nó không về buồn thối ruột , tối cứ mở cửa để đợi tiếng meo meo 😥",sadness,sadness,3
uit_001192,khi nào tao nhìn con xò lông bánh bèo mà tao không mắc ói . thì khi đó tao lấy,khi nào tao nhìn con xò lông bánh bèo mà tao không mắc ói . thì khi đó tao lấy,other,neutral,4
uit_003016,mai anh gọi tôi dậy đi :)),mai anh gọi tôi dậy đi :)),other,neutral,4
uit_002008,đó là một câu chuyện buồn,đó là một câu chuyện buồn,sadness,sadness,3
uit_003559,tuổi thơ tao dùng n để nướng thằn lằn 😂😂,tuổi thơ tao dùng n để nướng thằn lằn 😂😂,enjoyment,happiness,2
uit_000991,sợ vãi tè ăn độc 2 quả mọc luôn 2 cái nhọt ở mông đíu hỉu,sợ vãi tè ăn độc 2 quả mọc luôn 2 cái nhọt ở mông đíu hỉu,fear,fear,1
uit_005083,quá đau lòng nhưng chúng ta phải chấp nhận với điều đó,quá đau lòng nhưng chúng ta phải chấp nhận với điều đó,sadness,sadness,3
uit_004080,per nói bao nhiêu lần cũng không thấy đủ ... em yêu anh,per nói bao nhiêu lần cũng không thấy đủ ... em yêu anh,enjoyment,happiness,2
uit_003315,khi tắt đi mới thấy ngạt thở .,khi tắt đi mới thấy ngạt thở .,fear,fear,1
uit_000148,tuyệt vời,tuyệt vời,enjoyment,happiness,2
uit_004362,"vui nhất là câu "" lấy ghế ra ngồi nhìn ""","vui nhất là câu "" lấy ghế ra ngồi nhìn """,enjoyment,happiness,2
uit_000993,chỉ vì tin “ nó không cắn đâu ” mà tao đã bị “ nó ” cắn 2 lần rồi . dume,chỉ vì tin “ nó không cắn đâu ” mà tao đã bị “ nó ” cắn 2 lần rồi . dume,anger,anger,0
uit_002334,đàn bà ở nhà thế kia không sợ ngoại tình à ? tao đang lo vợ tao đây này,đàn bà ở nhà thế kia không sợ ngoại tình à ? tao đang lo vợ tao đây này,fear,fear,1
uit_000649,nói chung là ai nào buông tay thì người chết vẫn là mấy đứa con gái như tao 😭,nói chung là ai nào buông tay thì người chết vẫn là mấy đứa con gái như tao 😭,sadness,sadness,3
uit_003873,bài hát đầu tiên của phim là gì nhỉ quên mất rồi . bạn nào thông não cho mình phát,bài hát đầu tiên của phim là gì nhỉ quên mất rồi . bạn nào thông não cho mình phát,other,neutral,4
uit_001481,chỉ mong cảnh này sẽ không còn xãy ra ở xã hội này nữa . bất hạnh vậy đủ rồi 😞🙁,chỉ mong cảnh này sẽ không còn xãy ra ở xã hội này nữa . bất hạnh vậy đủ rồi 😞🙁,sadness,sadness,3
uit_002916,5 triệu nhằm nhò gì so với 1 khoá lễ của bả ? sao không cho hành nghề vĩnh viễn luôn đi . chỉ cấm ở ba vàng thì lại lộng hành ở chỗ khác thôi .,5 triệu nhằm nhò gì so với 1 khoá lễ của bả ? sao không cho hành nghề vĩnh viễn luôn đi . chỉ cấm ở ba vàng thì lại lộng hành ở chỗ khác thôi .,anger,anger,0
uit_001694,cái này thì ai chả đau lòng trời,cái này thì ai chả đau lòng trời,sadness,sadness,3
uit_005101,có đứa nào vừa coi vừa nuốt nước miếng như tao không ?,có đứa nào vừa coi vừa nuốt nước miếng như tao không ?,enjoyment,happiness,2
uit_004588,per có ai còn nhớ thời đầu băng xem đi xem lại xuốt ngày không kakak,per có ai còn nhớ thời đầu băng xem đi xem lại xuốt ngày không kakak,enjoyment,happiness,2
uit_001346,cuối cùng per cũng thành công rồi nha per nha,cuối cùng per cũng thành công rồi nha per nha,enjoyment,happiness,2
uit_004439,"có tớ nhé , bạn không cô đơn đâu .","có tớ nhé , bạn không cô đơn đâu .",enjoyment,happiness,2
uit_000726,buồn nào rồi cũng sẽ qua chỉ có buồn ngủ không tha ngày nào thôi,buồn nào rồi cũng sẽ qua chỉ có buồn ngủ không tha ngày nào thôi,other,neutral,4
uit_003780,tao cũng ước mình có 1 tình yêu như ông bà ❤,tao cũng ước mình có 1 tình yêu như ông bà ❤,enjoyment,happiness,2
uit_000545,vẫn nhớ ngày đầu . lần đầu em có cảm giác được che chở như vậy :))),vẫn nhớ ngày đầu . lần đầu em có cảm giác được che chở như vậy :))),enjoyment,happiness,2
uit_000691,dã man quá ..,dã man quá ..,fear,fear,1
uit_002683,nghe thấm câu vàng trắng nhưng thực tế là trắng tay thôi nghe mà buồn,nghe thấm câu vàng trắng nhưng thực tế là trắng tay thôi nghe mà buồn,sadness,sadness,3
uit_001081,bác nói vậy thì tao cũng quì,bác nói vậy thì tao cũng quì,other,neutral,4
uit_003914,nghe tình vãi =)))),nghe tình vãi =)))),enjoyment,happiness,2
uit_001238,ha ha ❤️ chất lắm,ha ha ❤️ chất lắm,enjoyment,happiness,2
uit_001447,tự nhiên mình lại không muốn làm single mum nữa -.-,tự nhiên mình lại không muốn làm single mum nữa -.-,sadness,sadness,3
uit_004507,yêuc nhau một cách tự do . tôn trọng sư riêng tư của nhau,yêuc nhau một cách tự do . tôn trọng sư riêng tư của nhau,other,neutral,4
uit_004494,gắn bó thời sinh viên á !,gắn bó thời sinh viên á !,enjoyment,happiness,2
uit_002447,hiểu lầm chút chút,hiểu lầm chút chút,other,neutral,4
uit_004527,ai như tao nghe tự nhiên thấy ấm lòng vãi không,ai như tao nghe tự nhiên thấy ấm lòng vãi không,enjoyment,happiness,2
uit_003026,đến đoạn chúng nó ctay con mẹ nó luôn :)),đến đoạn chúng nó ctay con mẹ nó luôn :)),other,neutral,4
uit_002858,đám tụi tao đi chơi xưa nay đều dọn sạch đồ mình kêu hoặc xếp lại gọn một chút cho người ta đỡ dọn .. cái này là sự ý thức thôi …,đám tụi tao đi chơi xưa nay đều dọn sạch đồ mình kêu hoặc xếp lại gọn một chút cho người ta đỡ dọn .. cái này là sự ý thức thôi ...,enjoyment,happiness,2
uit_003317,quán tao vỡ sụp xuống hơn mưa,quán tao vỡ sụp xuống hơn mưa,other,neutral,4
uit_002886,thanh xuân rồi cũng sẽ qua có những người trong ta mãi chẳng thể xoá nhoà !,thanh xuân rồi cũng sẽ qua có những người trong ta mãi chẳng thể xoá nhoà !,sadness,sadness,3
uit_003331,per ai củng đi mà đem về như tao thì không cần phải có công nhân vệ sinh rồi,per ai củng đi mà đem về như tao thì không cần phải có công nhân vệ sinh rồi,other,neutral,4
uit_003623,chú lên thay được rồi đấy,chú lên thay được rồi đấy,other,neutral,4
uit_001144,tao gửi từ ngã tư đồng đội cơ mà đi xa vãi,tao gửi từ ngã tư đồng đội cơ mà đi xa vãi,other,neutral,4
uit_004658,"gập đúng người mà mình muốn thương , muốn yêu , muốn chăm sóc . nhưng thật tiếc khi trong tay vẫn chưa có gì","gập đúng người mà mình muốn thương , muốn yêu , muốn chăm sóc . nhưng thật tiếc khi trong tay vẫn chưa có gì",sadness,sadness,3
uit_000542,dễ thương kinh khủng . bởi vậy mới nói mấy đứa yêu nhau là lầy nhất,dễ thương kinh khủng . bởi vậy mới nói mấy đứa yêu nhau là lầy nhất,enjoyment,happiness,2
uit_002115,vì tao hay bị chúng nó chọc nên thấy buồn,vì tao hay bị chúng nó chọc nên thấy buồn,sadness,sadness,3
uit_002996,"tuổi thơ mình toàn đi đánh nhau với bọn con trai , có thằng ắt ơ nào chịu nhường nhịn con gái đâu","tuổi thơ mình toàn đi đánh nhau với bọn con trai , có thằng ắt ơ nào chịu nhường nhịn con gái đâu",other,neutral,4
uit_002244,hèn dì mấy nay đi học thấy bạn của crush nhìn mình cười,hèn dì mấy nay đi học thấy bạn của crush nhìn mình cười,enjoyment,happiness,2
uit_003281,"per huhu đúng quá nè :< sư phụ đi rồi , còn per thôi , đừng đi đâu nữa nhaaa 😢","per huhu đúng quá nè :< sư phụ đi rồi , còn per thôi , đừng đi đâu nữa nhaaa 😢",sadness,sadness,3
uit_002818,và đương nhiên sẽ có ngày cô ấy sốc vì giới tính thật của cô ấy !!!,và đương nhiên sẽ có ngày cô ấy sốc vì giới tính thật của cô ấy !!!,sadness,sadness,3
uit_002587,phìm này rất rất hay đôi với ai sống hướng nội !,phìm này rất rất hay đôi với ai sống hướng nội !,enjoyment,happiness,2
uit_004408,per đóng vai chính đúng xuất sắc lun,per đóng vai chính đúng xuất sắc lun,enjoyment,happiness,2
uit_002793,sợ con này lắm :((,sợ con này lắm :((,fear,fear,1
uit_000711,"gặp cái này "" sun "" mẹ nó vào ... :))","gặp cái này "" sun "" mẹ nó vào ... :))",fear,fear,1
uit_003911,trung thu là tết thiếu chi chả liên quan chi đến việc tao không có gấu,trung thu là tết thiếu chi chả liên quan chi đến việc tao không có gấu,anger,anger,0
uit_001354,má đáng yêuc quá dạyyyy ??,má đáng yêuc quá dạyyyy ??,enjoyment,happiness,2
uit_001127,trải qua một cuộc bể dâu . những điều trông thấy mà đau đớn lòng,trải qua một cuộc bể dâu . những điều trông thấy mà đau đớn lòng,sadness,sadness,3
uit_003305,sao mày không nghĩ lại thêm 1 thừng bị noá xẻ thịt 🤪🤪🤪,sao mày không nghĩ lại thêm 1 thừng bị noá xẻ thịt 🤪🤪🤪,other,neutral,4
uit_001963,"ngàn cân treo sợi tóc nhỉ , csong mong manh quá","ngàn cân treo sợi tóc nhỉ , csong mong manh quá",sadness,sadness,3
uit_005121,tuổi thơ thật đáng yêu . chỉ có người lớn dẫn sai đường các em thôi,tuổi thơ thật đáng yêu . chỉ có người lớn dẫn sai đường các em thôi,other,neutral,4
uit_000137,crush ở nhà chơi gane rồi haha,crush ở nhà chơi gane rồi haha,enjoyment,happiness,2
uit_001799,"cảm ơn các em , tuổi học sinh lắm nghịch ngợm nhưng có lòng yêu thương con vật nhỏ bé đã giúp bé cún được sống 😘😘","cảm ơn các em , tuổi học sinh lắm nghịch ngợm nhưng có lòng yêu thương con vật nhỏ bé đã giúp bé cún được sống 😘😘",enjoyment,happiness,2
uit_004572,sao tao lại cười khi mà mẹ thằng này sắp nát mông đến nơi nhỉ 🙂,sao tao lại cười khi mà mẹ thằng này sắp nát mông đến nơi nhỉ 🙂,other,neutral,4
uit_001750,"đến lúc yêu nhạt cực :) tao thề ! kiểu chán chán , muốn quay về đơn phương hơn","đến lúc yêu nhạt cực :) tao thề ! kiểu chán chán , muốn quay về đơn phương hơn",sadness,sadness,3
uit_004226,cứ thấy trai đẹp là tao hạnh phúc :),cứ thấy trai đẹp là tao hạnh phúc :),enjoyment,happiness,2
uit_004553,môi trường tù chưa cho nó cái nó cần rồi,môi trường tù chưa cho nó cái nó cần rồi,other,neutral,4
uit_002261,"ở nói chuyện ngoài hộ không khì thị về giới tính , họ cho được kết hôn . chứ họ không kì thị như ở việt nam mình hai người kia họ thật dũng cảm khi sống thật với giới tính của mình","ở nói chuyện ngoài hộ không khì thị về giới tính , họ cho được kết hôn . chứ họ không kì thị như ở việt nam mình hai người kia họ thật dũng cảm khi sống thật với giới tính của mình",enjoyment,happiness,2
uit_002779,tao coi tao sợ nó lọt quá bây,tao coi tao sợ nó lọt quá bây,fear,fear,1
uit_004211,hôm qua tao xem xong ngất xỉu tới giờ mới tĩnh chúng mày ạ 😌😌😌,hôm qua tao xem xong ngất xỉu tới giờ mới tĩnh chúng mày ạ 😌😌😌,sadness,sadness,3
uit_001293,thế hóa ra nguy cơ trầm cảm của tao cao lắm,thế hóa ra nguy cơ trầm cảm của tao cao lắm,sadness,sadness,3
uit_004469,chỉ cần follow anh trum trên twirter là chuyện quan trọng gì của mẽo trên thế giới cũng biết hết ;)),chỉ cần follow anh trum trên twirter là chuyện quan trọng gì của mẽo trên thế giới cũng biết hết ;)),enjoyment,happiness,2
uit_002685,đằng nào mà chẳng thịt chẳng qua sớm hay muộn thôi,đằng nào mà chẳng thịt chẳng qua sớm hay muộn thôi,other,neutral,4
uit_001396,nào tao cũng phải thử =)))),nào tao cũng phải thử =)))),enjoyment,happiness,2
uit_001016,đó là 1 câu chuyện buồn,đó là 1 câu chuyện buồn,sadness,sadness,3
uit_002617,lấy rơm nấu cơm và cái kết,lấy rơm nấu cơm và cái kết,other,neutral,4
uit_001692,per cứ chuẩn bị tiền đi hú là tôi đi,per cứ chuẩn bị tiền đi hú là tôi đi,other,neutral,4
uit_004502,"gặp tao , tao sút cho vô mỏ","gặp tao , tao sút cho vô mỏ",anger,anger,0
uit_001173,móng tay và tóc theo thời gian thì mọc càng dài tại sao chỉ có con chim là nó không mọc dài hơn nữa ta,móng tay và tóc theo thời gian thì mọc càng dài tại sao chỉ có con chim là nó không mọc dài hơn nữa ta,sadness,sadness,3
uit_002344,bắt được rồi cho bọn này đi chết đi để chúng nó sốn rồi làm hại người khác,bắt được rồi cho bọn này đi chết đi để chúng nó sốn rồi làm hại người khác,anger,anger,0
uit_004894,"per giỏi phết đấy mỗi tội nghịch thôi , được cái làm từ thiện nhiều .","per giỏi phết đấy mỗi tội nghịch thôi , được cái làm từ thiện nhiều .",enjoyment,happiness,2
uit_000286,tao đang xem cái gì vậy,tao đang xem cái gì vậy,other,neutral,4
uit_002920,tôi cắn bất chấp =)))))))) chắc là tôi yêu tụi nó cuồng si rồi,tôi cắn bất chấp =)))))))) chắc là tôi yêu tụi nó cuồng si rồi,enjoyment,happiness,2
uit_000023,thế con trai là của ai cho,thế con trai là của ai cho,other,neutral,4
uit_000557,bản thân quá hạnh phúc khi trong cs này rất . rất nhiều người mơ ước được như mình hiện tại . 😊😊😊,bản thân quá hạnh phúc khi trong cs này rất . rất nhiều người mơ ước được như mình hiện tại . 😊😊😊,enjoyment,happiness,2
uit_003131,nhà tôi còn nè,nhà tôi còn nè,enjoyment,happiness,2
uit_001063,per đến con nít chúng ta cũng không bằng là sao ......... tuổi thơ và tuổi thanh xuân nợ chúng ta quá nhiều thứ rồi 😭😭😭😭,per đến con nít chúng ta cũng không bằng là sao ......... tuổi thơ và tuổi thanh xuân nợ chúng ta quá nhiều thứ rồi 😭😭😭😭,sadness,sadness,3
uit_002469,per đáng sợ quá,per đáng sợ quá,fear,fear,1
uit_004956,đã check in thành công và mãi vẫn chưa gặp được người ấy là ai :((,đã check in thành công và mãi vẫn chưa gặp được người ấy là ai :((,sadness,sadness,3
uit_002351,"bọn tàu copy kịch bản phương tây , chắc bữa sau lại có mấy video make in việt nam như vậy và kịch bản tàu haha","bọn tàu copy kịch bản phương tây , chắc bữa sau lại có mấy video make in việt nam như vậy và kịch bản tàu haha",enjoyment,happiness,2
uit_004755,nhà thì không xa lắm nhưng chưa bao giờ đi vì sợ bị đè bẹp luôn người =))))),nhà thì không xa lắm nhưng chưa bao giờ đi vì sợ bị đè bẹp luôn người =))))),fear,fear,1
uit_002468,cay vãi lồn,cay vãi lồn,anger,anger,0
uit_000026,nay buồn :(((,nay buồn :(((,sadness,sadness,3
uit_002290,tao cười tao ỉa =)))))) hâhhahhahahahaha,tao cười tao ỉa =)))))) hâhhahhahahahaha,enjoyment,happiness,2
uit_003515,đọc xong tao muốn khóc luôn,đọc xong tao muốn khóc luôn,sadness,sadness,3
uit_005046,mấy thằng ở ngoài bình luận gặp tao tao xé mỏ từng đứa . cha mẹ đéo dạy để xã hội dạy nhé . còn phèn lắm,mấy thằng ở ngoài bình luận gặp tao tao xé mỏ từng đứa . cha mẹ đéo dạy để xã hội dạy nhé . còn phèn lắm,anger,anger,0
uit_000650,"ngày xưa đi học gần trường có bày ngỗng , hôm nào nó cũng cà khía rượt tụi học sinh chạy sấp mặt luôn","ngày xưa đi học gần trường có bày ngỗng , hôm nào nó cũng cà khía rượt tụi học sinh chạy sấp mặt luôn",fear,fear,1
uit_002503,trừ chết ra thì mọi chuyện đều có thể giải quyết 💪,trừ chết ra thì mọi chuyện đều có thể giải quyết 💪,other,neutral,4
uit_000564,"nhớ quá , độ chục năm không đi soi ve rồi :((((","nhớ quá , độ chục năm không đi soi ve rồi :((((",sadness,sadness,3
uit_002618,cảm ơn . anh .,cảm ơn . anh .,enjoyment,happiness,2
uit_001417,thanh xuân là để bỏ lỡ 😔,thanh xuân là để bỏ lỡ 😔,sadness,sadness,3
uit_004647,hẹn gặp lại ngày vào một ngày không xa chúc ngài thượng lộ bình an,hẹn gặp lại ngày vào một ngày không xa chúc ngài thượng lộ bình an,other,neutral,4
uit_005023,nhìn là biết đỏ chót rồi,nhìn là biết đỏ chót rồi,other,neutral,4
uit_003634,làm đéo gì có ai nói chuyện thân thiết với tao đâu mà,làm đéo gì có ai nói chuyện thân thiết với tao đâu mà,sadness,sadness,3
uit_000104,"cấp 3 , đáng tiếc nhất trong thời học sinh ^^","cấp 3 , đáng tiếc nhất trong thời học sinh ^^",sadness,sadness,3
uit_002761,"per tải thử cái này cho cún đi chị , hay phết này","per tải thử cái này cho cún đi chị , hay phết này",enjoyment,happiness,2
uit_001774,lúc đầu tao còn tưởng thật ấy chứ,lúc đầu tao còn tưởng thật ấy chứ,other,neutral,4
uit_001850,2 - 3 tuần gì đấy . sao thế,2 - 3 tuần gì đấy . sao thế,other,neutral,4
uit_002514,chả bù cho con ml này . đợi mãi không thấy nó về . hy vọng em không bị bọn xấu bắt lên dĩa là tốt rồi :(,chả bù cho con ml này . đợi mãi không thấy nó về . hy vọng em không bị bọn xấu bắt lên dĩa là tốt rồi :(,sadness,sadness,3
uit_003592,nhớ gia đình nhỏ nhiều lắm … mà không được về thăm,nhớ gia đình nhỏ nhiều lắm ... mà không được về thăm,sadness,sadness,3
uit_003201,per hết tiền thật sự :(,per hết tiền thật sự :(,sadness,sadness,3
uit_005210,còn mình nhìn như thằng ngu,còn mình nhìn như thằng ngu,sadness,sadness,3
uit_003401,nhìn ghiền 😘,nhìn ghiền 😘,enjoyment,happiness,2
uit_000308,như 1 canh bạc ấy nhỉ @@,như 1 canh bạc ấy nhỉ @@,other,neutral,4
uit_002768,thế giới này thật đáng sợ ai chả đĩa bay cho tao về hành tinh tao đi,thế giới này thật đáng sợ ai chả đĩa bay cho tao về hành tinh tao đi,fear,fear,1
uit_004874,cái miệng nói chuyện không có người phụ nữ nào có trời ơi thật là có duyên khiếp quá đi thôi,cái miệng nói chuyện không có người phụ nữ nào có trời ơi thật là có duyên khiếp quá đi thôi,enjoyment,happiness,2
uit_004420,"nước mắt tự trào ra , thật sự rất cảm động 😢","nước mắt tự trào ra , thật sự rất cảm động 😢",sadness,sadness,3
uit_000556,đù . bọn nuôi chó mà ve còn không bắt được cho nó thì đừng nên nuôi . bực,đù . bọn nuôi chó mà ve còn không bắt được cho nó thì đừng nên nuôi . bực,anger,anger,0
uit_004224,per nét chữ giống hệt chữ của tao luôn mày,per nét chữ giống hệt chữ của tao luôn mày,other,neutral,4
uit_004084,chắc đây là chuyện không có thật thôi . mình đọc qua cũng biết chắc chắn không thể là chữ trẻ con được,chắc đây là chuyện không có thật thôi . mình đọc qua cũng biết chắc chắn không thể là chữ trẻ con được,other,neutral,4
uit_001607,một bài dịch hay,một bài dịch hay,enjoyment,happiness,2
uit_001330,cười muốn tắt thở 😂😂😂,cười muốn tắt thở 😂😂😂,enjoyment,happiness,2
uit_003584,🙄🙄🙄🙄 tao cũng thích kiểu kể chuyện trước khi đi ngủ . cho đến khi tao ngủ luôn . mà đéo có ai hết . buồn đời,🙄🙄🙄🙄 tao cũng thích kiểu kể chuyện trước khi đi ngủ . cho đến khi tao ngủ luôn . mà đéo có ai hết . buồn đời,sadness,sadness,3
uit_000884,có ai bịt loa như tao không 😁,có ai bịt loa như tao không 😁,other,neutral,4
uit_004766,ổng quay thiệt mà sao chửi ổng thế . không quay sao máy bạn xem được đó :)),ổng quay thiệt mà sao chửi ổng thế . không quay sao máy bạn xem được đó :)),other,neutral,4
uit_001872,"vẫn là thụ động , làm sao phải chặn đứng hiện tượng rải đinh .","vẫn là thụ động , làm sao phải chặn đứng hiện tượng rải đinh .",other,neutral,4
uit_003053,"ngày xưa , ngoài thú vui chọc chó dí , còn chọc cho ngỗg rượt . cách giảm cân hịu quả nhất cho mấy đứa lười 😂. nhớ lại vui thật , đúg là thời sửu nhi .","ngày xưa , ngoài thú vui chọc chó dí , còn chọc cho ngỗg rượt . cách giảm cân hịu quả nhất cho mấy đứa lười 😂. nhớ lại vui thật , đúg là thời sửu nhi .",enjoyment,happiness,2
uit_003956,ông thần tài cũng không dám ăn luôn,ông thần tài cũng không dám ăn luôn,fear,fear,1
uit_001627,hạnh phúc ghê,hạnh phúc ghê,enjoyment,happiness,2
uit_003181,bạn nào cần bạn thân là con trai không :)),bạn nào cần bạn thân là con trai không :)),other,neutral,4
uit_002378,khiếp quá đi tụi con ơi,khiếp quá đi tụi con ơi,fear,fear,1
uit_005061,tao nghe nói đứa bé còn nhỏ là không được chụp hình đâu mày,tao nghe nói đứa bé còn nhỏ là không được chụp hình đâu mày,other,neutral,4
uit_001432,chuẩn không cần chỉnh chỉ cần sửa thôi ...,chuẩn không cần chỉnh chỉ cần sửa thôi ...,enjoyment,happiness,2
uit_004865,cho thơm miếng nào yêu quá cơ,cho thơm miếng nào yêu quá cơ,enjoyment,happiness,2
uit_000312,"không biết khuyên thế nào , nhưng chỉ cần bình tĩnh 1 xíu , dù gì thì cũng đừng tự sát , đời người chỉ sống 1 lần thôi ...","không biết khuyên thế nào , nhưng chỉ cần bình tĩnh 1 xíu , dù gì thì cũng đừng tự sát , đời người chỉ sống 1 lần thôi ...",sadness,sadness,3
uit_000062,ông nào viết vui tính thế =)) cưng thật,ông nào viết vui tính thế =)) cưng thật,enjoyment,happiness,2
uit_004479,moá . vẫn nhớ hồi nhỏ bị ngỗng đuổi . đù má tao mới là đứa bé ngây thơ hồn nhiên thôi mà dume tao sợ tao ám ảnh đến bao giờ huhu 😭😭😭,moá . vẫn nhớ hồi nhỏ bị ngỗng đuổi . đù má tao mới là đứa bé ngây thơ hồn nhiên thôi mà dume tao sợ tao ám ảnh đến bao giờ huhu 😭😭😭,fear,fear,1
uit_005076,tao có hiểu đéo gì đau,tao có hiểu đéo gì đau,sadness,sadness,3
uit_001735,chuẩn con mẹ nó cơm oy 😂😂😂,chuẩn con mẹ nó cơm oy 😂😂😂,enjoyment,happiness,2
uit_002501,mỉa mai cực mạnh =)),mỉa mai cực mạnh =)),enjoyment,happiness,2
uit_001296,anh lỡ mất em rồi huhu,anh lỡ mất em rồi huhu,sadness,sadness,3
uit_001540,chân ngắn sao đi đây ta ?,chân ngắn sao đi đây ta ?,other,neutral,4
uit_000963,per đã nhẫn nhịn lắm ... đến khi con sen tao cứu tao thì tao đách có sợ đâu nhaaaaaaaa 😂😂😂,per đã nhẫn nhịn lắm ... đến khi con sen tao cứu tao thì tao đách có sợ đâu nhaaaaaaaa 😂😂😂,enjoyment,happiness,2
uit_004055,dù ra sao vẫn giữ nụ cười và sự tự tin,dù ra sao vẫn giữ nụ cười và sự tự tin,enjoyment,happiness,2
uit_001240,tao thì nói xong lại thấy người ta không hứng thú thì lại lượn,tao thì nói xong lại thấy người ta không hứng thú thì lại lượn,sadness,sadness,3
uit_004968,nhanh vãi mới thấy xong,nhanh vãi mới thấy xong,other,neutral,4
uit_002753,"dăm ba cái thể hiện tình cảm này ngày xưa tao đầy , nhưng từ ngày cưới xong đi qua đường chắc chồng tao rơi mất não nên chưa thấy lặp lại bao giờ . 😌","dăm ba cái thể hiện tình cảm này ngày xưa tao đầy , nhưng từ ngày cưới xong đi qua đường chắc chồng tao rơi mất não nên chưa thấy lặp lại bao giờ . 😌",sadness,sadness,3
uit_002316,nói thẳng mẹ nó là con kia gato cho xem :))),nói thẳng mẹ nó là con kia gato cho xem :))),other,neutral,4
uit_000534,tài năng cho làng đua xe đạp tương lai là đây chứ đâu ✌✌,tài năng cho làng đua xe đạp tương lai là đây chứ đâu ✌✌,enjoyment,happiness,2
uit_001243,điều tồi tệ là học nửa vời chã ra làm sao,điều tồi tệ là học nửa vời chã ra làm sao,sadness,sadness,3
uit_003717,"cái thằng adim này mày xàm quá oy đấy , biến khỏi trang tao nhé","cái thằng adim này mày xàm quá oy đấy , biến khỏi trang tao nhé",anger,anger,0
uit_003050,mèo người ta đi lạc về nó còn nhớ chủ chủ còn được đụng nó còn mèo nhà tao đi tán trai có mấy tháng về nhà thấy chủ như thấy ma 😌😌,mèo người ta đi lạc về nó còn nhớ chủ chủ còn được đụng nó còn mèo nhà tao đi tán trai có mấy tháng về nhà thấy chủ như thấy ma 😌😌,sadness,sadness,3
uit_001940,ôi hạnh phúc quá 😄😄😄,ôi hạnh phúc quá 😄😄😄,enjoyment,happiness,2
uit_004428,chơi thế không hay nha page dume :)),chơi thế không hay nha page dume :)),anger,anger,0
uit_002775,nó bể 1 phát lúng tới cổ dume tởn tới già,nó bể 1 phát lúng tới cổ dume tởn tới già,fear,fear,1
uit_001314,"vãi cả phí , có ... 81 tỷ hoy 😓","vãi cả phí , có ... 81 tỷ hoy 😓",sadness,sadness,3
uit_004627,"ngày trước đi mua cái này cho chó của đứa bạn thân . mà 2 thằng thử xong phê quá quyết định mua mỗi đứa 1 cái , và chó 1 cái :))","ngày trước đi mua cái này cho chó của đứa bạn thân . mà 2 thằng thử xong phê quá quyết định mua mỗi đứa 1 cái , và chó 1 cái :))",enjoyment,happiness,2
uit_002929,nếu để ý kĩ thì lái tàu có thể bước xuống và kéo đường ray qua một bên rồi cho tàu bẻ tay lái một chút là cứu được cái xe . tiếc cái xe quá,nếu để ý kĩ thì lái tàu có thể bước xuống và kéo đường ray qua một bên rồi cho tàu bẻ tay lái một chút là cứu được cái xe . tiếc cái xe quá,sadness,sadness,3
uit_001830,dù 22 tuổi nhưng bố giàu là được,dù 22 tuổi nhưng bố giàu là được,other,neutral,4
uit_005020,lỗi tại cái gậy thôi mà 🤣🤣🤣,lỗi tại cái gậy thôi mà 🤣🤣🤣,other,neutral,4
uit_004169,thương chỉ sợ em không cho anh cơ hội thôi,thương chỉ sợ em không cho anh cơ hội thôi,sadness,sadness,3
uit_004068,"hồi lúc tao ăn lạp xưởng mắc xương , nói mà cũng đéo ai tin . tao hiểu cảm giác của mày lắm ?","hồi lúc tao ăn lạp xưởng mắc xương , nói mà cũng đéo ai tin . tao hiểu cảm giác của mày lắm ?",enjoyment,happiness,2
uit_004112,tỏ tình đại ai dè dính lun :))),tỏ tình đại ai dè dính lun :))),enjoyment,happiness,2
uit_001345,các bạn trẻ ! người lớn có thể nghe thấy tiếng chó kêu mà không hành động gì để cứu vớt . các em thật đáng khen . cần những bạn trẻ nhân ái như các bạn .,các bạn trẻ ! người lớn có thể nghe thấy tiếng chó kêu mà không hành động gì để cứu vớt . các em thật đáng khen . cần những bạn trẻ nhân ái như các bạn .,enjoyment,happiness,2
uit_003896,gần 10 năm rồi coi đi coi lại cũng gần 30 lần . nhớ !!!,gần 10 năm rồi coi đi coi lại cũng gần 30 lần . nhớ !!!,enjoyment,happiness,2
uit_001458,nổii da gà hic,nổii da gà hic,fear,fear,1
uit_005161,per sắp bị đuổi khỏi trường rồi nhé 😉😉,per sắp bị đuổi khỏi trường rồi nhé 😉😉,other,neutral,4
uit_004989,ai thử rồi cho xin tấm hình cái coi nào,ai thử rồi cho xin tấm hình cái coi nào,other,neutral,4
uit_001122,cuối ngày hình ảnh của ông bà là đẹp nhất ... chúc ông bà mãi hạnh phúc sống thật lâu lâu nhé 😘😘😘,cuối ngày hình ảnh của ông bà là đẹp nhất ... chúc ông bà mãi hạnh phúc sống thật lâu lâu nhé 😘😘😘,enjoyment,happiness,2
uit_002312,"cảm ơn cha mẹ đã cho mình hình hài này , xin được khôn ngoan để đừng làm đau người khác","cảm ơn cha mẹ đã cho mình hình hài này , xin được khôn ngoan để đừng làm đau người khác",enjoyment,happiness,2
uit_001349,gì mà ghê vậy 😑 sởn gai ốc,gì mà ghê vậy 😑 sởn gai ốc,fear,fear,1
uit_003648,"hết thuốc à mấy thằng quằn què , gặp tao thiến cmnl","hết thuốc à mấy thằng quằn què , gặp tao thiến cmnl",anger,anger,0
uit_002114,suốt ngày bị chửi ??,suốt ngày bị chửi ??,anger,anger,0
uit_002233,và người đó đang ở nơi đâu về với em đi . đợi người rồi người sẽ đến chứ ?,và người đó đang ở nơi đâu về với em đi . đợi người rồi người sẽ đến chứ ?,sadness,sadness,3
uit_000319,"mấy con đĩ xạo lồn tao thấy mà tao tức á , chia bè phái ra làm rầm rầm rộ rộ","mấy con đĩ xạo lồn tao thấy mà tao tức á , chia bè phái ra làm rầm rầm rộ rộ",anger,anger,0
uit_004478,"thuyết âm mưu . nó đang muốn nhờ vả đấy , không nhờ được thì nó vả","thuyết âm mưu . nó đang muốn nhờ vả đấy , không nhờ được thì nó vả",other,neutral,4
uit_002250,cóc nào tao không có thích thầm đứa nào để đứng lại ngắm cái chỗ ngồi nhể 😗😗😗,cóc nào tao không có thích thầm đứa nào để đứng lại ngắm cái chỗ ngồi nhể 😗😗😗,enjoyment,happiness,2
uit_004332,già còn thích phi công =)),già còn thích phi công =)),enjoyment,happiness,2
uit_003697,mốc từ trong trứng,mốc từ trong trứng,other,neutral,4
uit_003261,đục khoét tuổi thơ vãi ;))),đục khoét tuổi thơ vãi ;))),other,neutral,4
uit_001538,má tao coi mà cứ sợ nó bay ra 😌😌,má tao coi mà cứ sợ nó bay ra 😌😌,fear,fear,1
uit_002363,chiều mưa hứa tự sẽ tự đi mua đôi giầy mới 😂,chiều mưa hứa tự sẽ tự đi mua đôi giầy mới 😂,enjoyment,happiness,2
uit_001708,dm cưng vlll =))),dm cưng vlll =))),enjoyment,happiness,2
uit_003082,là đi phát tờ rơi ngay mấy ngã tư và cổng trường đại học ! được 200k về mua skin yasuo siêu phẩm 2016,là đi phát tờ rơi ngay mấy ngã tư và cổng trường đại học ! được 200k về mua skin yasuo siêu phẩm 2016,enjoyment,happiness,2
uit_000455,bộ phim hay nhất từng xem,bộ phim hay nhất từng xem,enjoyment,happiness,2
uit_000715,chẳng ai biết và riêng mình càng không muốn biết !,chẳng ai biết và riêng mình càng không muốn biết !,other,neutral,4
uit_001578,thương em :(,thương em :(,sadness,sadness,3
uit_002909,hoan hô . công nhân đâu phải trẻ mầm non,hoan hô . công nhân đâu phải trẻ mầm non,enjoyment,happiness,2
uit_001904,thật tuyệt vời !,thật tuyệt vời !,enjoyment,happiness,2
uit_001264,tin tao đi tiền là thứ duy nhất làm động lực để mày vui :)) tao chia tay xong . cắm mặt vào làm để mua sắm và du lịch :)),tin tao đi tiền là thứ duy nhất làm động lực để mày vui :)) tao chia tay xong . cắm mặt vào làm để mua sắm và du lịch :)),other,neutral,4
uit_003958,nhà tao nhận coi giữ xe nha :3,nhà tao nhận coi giữ xe nha :3,enjoyment,happiness,2
uit_004171,lâu lắm rồi chưa ăn được miếng cơm cháy .,lâu lắm rồi chưa ăn được miếng cơm cháy .,sadness,sadness,3
uit_001858,per mi phải học con nay bán hàng lai chim mới chạy hàng này,per mi phải học con nay bán hàng lai chim mới chạy hàng này,enjoyment,happiness,2
uit_004991,nó thả thính xong nó chạy mất ..,nó thả thính xong nó chạy mất ..,sadness,sadness,3
uit_004024,và ông đã có nỗi buồn mới thay vì buồn thất tình,và ông đã có nỗi buồn mới thay vì buồn thất tình,sadness,sadness,3
uit_000044,per mày cẩn thận tao giết,per mày cẩn thận tao giết,anger,anger,0
uit_000059,tao sợ thật sự :(((,tao sợ thật sự :(((,fear,fear,1
uit_003289,đôi khi đi tù chỉ để thoả mãi thú vui,đôi khi đi tù chỉ để thoả mãi thú vui,enjoyment,happiness,2
uit_003909,"trước đây mình không thích xem phim việt , nhưng mấy năm nay phim việt chiếu phim nào cũng hay . tự dưng không thích xem phim hàn quốc nữa .","trước đây mình không thích xem phim việt , nhưng mấy năm nay phim việt chiếu phim nào cũng hay . tự dưng không thích xem phim hàn quốc nữa .",enjoyment,happiness,2
uit_002773,nhà tạp hoá đấy hả ... :)))),nhà tạp hoá đấy hả ... :)))),other,neutral,4
uit_002209,hãy tôn trọng quyền được mưu cầu hạnh phúc của mỗi cá nhân con người trên thế giới này đi . đừng kì thị họ ! tội lỗi lắm 🙂,hãy tôn trọng quyền được mưu cầu hạnh phúc của mỗi cá nhân con người trên thế giới này đi . đừng kì thị họ ! tội lỗi lắm 🙂,other,neutral,4
uit_005143,khi bạn muốn lầy và cũng có người lầy cùng bạn =)),khi bạn muốn lầy và cũng có người lầy cùng bạn =)),enjoyment,happiness,2
uit_005239,"đến cả khi nó nói thích mình , 1 phút sau nó lại nói chỉ trêu . mệt mỏi","đến cả khi nó nói thích mình , 1 phút sau nó lại nói chỉ trêu . mệt mỏi",sadness,sadness,3
uit_003302,có ai xem đi xem lại như tao mà vẫn cười đéo nhặt được mồm không ạ :)),có ai xem đi xem lại như tao mà vẫn cười đéo nhặt được mồm không ạ :)),enjoyment,happiness,2
uit_000317,"đừng so nó với chó ., vì chó nhà tao cũng từng bị nó cắn rồi 🤧. nó đéo ' sợ bố con thằng nào cả .","đừng so nó với chó ., vì chó nhà tao cũng từng bị nó cắn rồi 🤧. nó đéo ' sợ bố con thằng nào cả .",anger,anger,0
uit_000400,vì người dưng mãi là người dưng,vì người dưng mãi là người dưng,other,neutral,4
uit_001728,chắc là không sợ chó ha,chắc là không sợ chó ha,other,neutral,4
uit_002147,tàn nhang là xác định nhá ??????,tàn nhang là xác định nhá ??????,other,neutral,4
uit_002157,thế rồi cha lái xe có giả tiền không các bác,thế rồi cha lái xe có giả tiền không các bác,other,neutral,4
uit_001131,chán mấy ông thanh niên .,chán mấy ông thanh niên .,sadness,sadness,3
uit_004203,"sau 15 năm cắp sách đi học và 2 , 5 năm không động đến sách thì bây giờ đang tự hỏi đây là gì sao mà giải được . huhu","sau 15 năm cắp sách đi học và 2 , 5 năm không động đến sách thì bây giờ đang tự hỏi đây là gì sao mà giải được . huhu",sadness,sadness,3
uit_005220,"thương các bác quá , vất vả 10 năm trời mà bị như vậy 😭","thương các bác quá , vất vả 10 năm trời mà bị như vậy 😭",sadness,sadness,3
uit_000461,ước là 1 ngày mai thức dậy dụi mắt mãi chưa hết tuổi thanh xuân =)))),ước là 1 ngày mai thức dậy dụi mắt mãi chưa hết tuổi thanh xuân =)))),enjoyment,happiness,2
uit_002937,khi nào người con gái ấy xuất hiện đúng lúc trong cuộc đời của tôi đây,khi nào người con gái ấy xuất hiện đúng lúc trong cuộc đời của tôi đây,other,neutral,4
uit_001821,đang đi ỉa tự nhiên xem phim này cái cười ỉa ra cứt luôn :)),đang đi ỉa tự nhiên xem phim này cái cười ỉa ra cứt luôn :)),enjoyment,happiness,2
uit_004924,chắc mình là thánh nguy hiểm,chắc mình là thánh nguy hiểm,enjoyment,happiness,2
uit_000523,sai rồi nhá . có những thứ cha mẹ không có nhưng vì con họ vẫn cố gắng để có được nó,sai rồi nhá . có những thứ cha mẹ không có nhưng vì con họ vẫn cố gắng để có được nó,other,neutral,4
uit_000276,tạm biệt sếp và mong sớm có ngày sếp quay lại ...,tạm biệt sếp và mong sớm có ngày sếp quay lại ...,other,neutral,4
uit_003407,"5 năm thì có vẻ hơi sớm 🤣, tao chỉ ước sau này có người thích được phiêu du như gia đình người ta thôi 😌","5 năm thì có vẻ hơi sớm 🤣, tao chỉ ước sau này có người thích được phiêu du như gia đình người ta thôi 😌",other,neutral,4
uit_002271,"cà phê vần luôn cả với sa tế , thế là đủ vị đắng cay","cà phê vần luôn cả với sa tế , thế là đủ vị đắng cay",other,neutral,4
uit_000353,sinh viên năm 3 rồi nhưng vẫn chưa định hướng ra trường làm cái giống gì đây :(,sinh viên năm 3 rồi nhưng vẫn chưa định hướng ra trường làm cái giống gì đây :(,sadness,sadness,3
uit_004303,haha còn tao thì thấy nó lúc nào cũng đáng yêuc 😄😄😄,haha còn tao thì thấy nó lúc nào cũng đáng yêuc 😄😄😄,enjoyment,happiness,2
uit_000547,"mình nhận thấy hình như ông ấy đang rất đau khổ , mà không thể or không muốn nói ra .","mình nhận thấy hình như ông ấy đang rất đau khổ , mà không thể or không muốn nói ra .",sadness,sadness,3
uit_001842,chuẩn bị cho chim ăn cức,chuẩn bị cho chim ăn cức,other,neutral,4
uit_001168,phải có bao nhiêu tình cảm mới có thể viết ra được những dòng này ...,phải có bao nhiêu tình cảm mới có thể viết ra được những dòng này ...,sadness,sadness,3
uit_003009,"crush một ai đó là điều không bao giờ có rồi , vì mình vừa béo , vừa xấu gái , vừa vv and vv . auto nhục 😞😞😞","crush một ai đó là điều không bao giờ có rồi , vì mình vừa béo , vừa xấu gái , vừa vv and vv . auto nhục 😞😞😞",sadness,sadness,3
uit_000288,nhiều khi cũng muốn chọc cho người yêu giận nhưng mới nhớ ra mình đéo có người yêu 😌,nhiều khi cũng muốn chọc cho người yêu giận nhưng mới nhớ ra mình đéo có người yêu 😌,sadness,sadness,3
uit_002582,"con mong bác dù nghèo nhưng sống luôn luôn vv , chúc bác 1 đời bình an","con mong bác dù nghèo nhưng sống luôn luôn vv , chúc bác 1 đời bình an",enjoyment,happiness,2
uit_004077,độc nhất vô nhị . kkkk,độc nhất vô nhị . kkkk,enjoyment,happiness,2
uit_001975,nó cũng làm thế với bao người khác đấy,nó cũng làm thế với bao người khác đấy,other,neutral,4
uit_001193,có thể là nó yêu mày :)),có thể là nó yêu mày :)),other,neutral,4
uit_005154,cay đắng ngọt bùi . nhưng cay đắng thì thường nhiều hơn =)),cay đắng ngọt bùi . nhưng cay đắng thì thường nhiều hơn =)),other,neutral,4
uit_003762,"ôi vãi , mày thật bất hạnh vì có lũ bạn như thế","ôi vãi , mày thật bất hạnh vì có lũ bạn như thế",sadness,sadness,3
uit_000507,per =))))) hahaaaa,per =))))) hahaaaa,enjoyment,happiness,2
uit_004949,má cười ỉa luônn,má cười ỉa luônn,enjoyment,happiness,2
uit_001182,cụ í đỗ sai thì mợ cứ báo chính quyền thôi,cụ í đỗ sai thì mợ cứ báo chính quyền thôi,other,neutral,4
uit_000323,cẩn thận móc túi trộm nhé anh chị em .,cẩn thận móc túi trộm nhé anh chị em .,other,neutral,4
uit_003178,lấy vợ xong anh có vẻ mũm mĩm nhỉ :333,lấy vợ xong anh có vẻ mũm mĩm nhỉ :333,enjoyment,happiness,2
uit_000250,mink chỉ lo là nhà nước không đủ gạo nuôi mấy anh,mink chỉ lo là nhà nước không đủ gạo nuôi mấy anh,sadness,sadness,3
uit_000233,có thể bán lại cho tớ không ??????,có thể bán lại cho tớ không ??????,other,neutral,4
uit_001177,giờ nín ngay không ? việc gì phải khóc,giờ nín ngay không ? việc gì phải khóc,other,neutral,4
uit_003495,dù có nói thích mày thì cũng đừng có tin .. xã hội giờ nguy hiểm lắm,dù có nói thích mày thì cũng đừng có tin .. xã hội giờ nguy hiểm lắm,fear,fear,1
uit_004413,khung cảnh ấy cuộc sống đấy mỗi lần được xem yên bình nhẹ nhàng cực ! yêu bạn ấy,khung cảnh ấy cuộc sống đấy mỗi lần được xem yên bình nhẹ nhàng cực ! yêu bạn ấy,enjoyment,happiness,2
uit_003945,tao ám ảnh việc lau sàn,tao ám ảnh việc lau sàn,fear,fear,1
uit_004273,nhìn là yêu roi muốn nuôi quá trời mà sợ không chăm được em 😢,nhìn là yêu roi muốn nuôi quá trời mà sợ không chăm được em 😢,sadness,sadness,3
uit_004611,"per thế là 2 anh này chưa gặp tao rồi , =)) 7km nhé","per thế là 2 anh này chưa gặp tao rồi , =)) 7km nhé",enjoyment,happiness,2
uit_001342,ngưỡn mộ chi lâu lắm oy . mà giờ biết thêm nhiều về chj nữa nên càng yêuc chj nhiều hơn 😍😍😍,ngưỡn mộ chi lâu lắm oy . mà giờ biết thêm nhiều về chj nữa nên càng yêuc chj nhiều hơn 😍😍😍,enjoyment,happiness,2
uit_004102,per đừng luyện ngôn tình nữa .. chờ cái này xem đi 😂,per đừng luyện ngôn tình nữa .. chờ cái này xem đi 😂,other,neutral,4
uit_005057,rút kinh nghiệm năm ngoái 😂😂😂😂😂👍👍👍,rút kinh nghiệm năm ngoái 😂😂😂😂😂👍👍👍,enjoyment,happiness,2
uit_004118,có ai đéo hiểu gì như mình không mình trong sáng vãi heee,có ai đéo hiểu gì như mình không mình trong sáng vãi heee,enjoyment,happiness,2
uit_003673,t nhận ra mình đã sai,t nhận ra mình đã sai,sadness,sadness,3
uit_001991,"năm nay mua cân na về nhà ăn dần , tối ra đường xem chúng nó dẫn vợ thằng khác đi chơi ... kaka","năm nay mua cân na về nhà ăn dần , tối ra đường xem chúng nó dẫn vợ thằng khác đi chơi ... kaka",enjoyment,happiness,2
uit_003668,đéo hiểu sao có đứa nghĩ là cứ chơi với nhiều trai là bị sờ soạn kiến thức hạn hẹp vãi cậu ạ,đéo hiểu sao có đứa nghĩ là cứ chơi với nhiều trai là bị sờ soạn kiến thức hạn hẹp vãi cậu ạ,anger,anger,0
uit_003933,ước mơ tao 🙂 chỉ có thể sao chép lại và tao lên màu cực xấu !,ước mơ tao 🙂 chỉ có thể sao chép lại và tao lên màu cực xấu !,sadness,sadness,3
uit_004818,"bắt cóc như chơi đó mậy , be careful","bắt cóc như chơi đó mậy , be careful",fear,fear,1
uit_001634,tao rất thích nhạc trung từ giai điệu đến ý nghĩa rất hay 😁😁😁,tao rất thích nhạc trung từ giai điệu đến ý nghĩa rất hay 😁😁😁,enjoyment,happiness,2
uit_004029,hay lắm . thằng anh giúp 2e thêm yêu lao động,hay lắm . thằng anh giúp 2e thêm yêu lao động,enjoyment,happiness,2
uit_002664,theo tao thì mày nên chọn thằg nhiều tiền . đến năm cuối thì mày quay lại chọn với thằg nhiều tiền học bổg . m hỏi vậy là mày được lựa chọn mà . đấy là cách tốt nhất cho người hám tiền như mày,theo tao thì mày nên chọn thằg nhiều tiền . đến năm cuối thì mày quay lại chọn với thằg nhiều tiền học bổg . m hỏi vậy là mày được lựa chọn mà . đấy là cách tốt nhất cho người hám tiền như mày,other,neutral,4
uit_000470,nó ốm nhom thương ghê :(,nó ốm nhom thương ghê :(,sadness,sadness,3
uit_000398,tiên sư cái thằng ghép nhạc cười rớt mồm quả ghép,tiên sư cái thằng ghép nhạc cười rớt mồm quả ghép,enjoyment,happiness,2
uit_001795,ngáo cỏ này đáng yêu nhỉ,ngáo cỏ này đáng yêu nhỉ,enjoyment,happiness,2
uit_000401,chỉ vì lợi nhuận .. mất hết tính người . thương các bé,chỉ vì lợi nhuận .. mất hết tính người . thương các bé,anger,anger,0
uit_000560,bài viết đọc rất sướng .,bài viết đọc rất sướng .,enjoyment,happiness,2
uit_002481,per câu chuyện này thú vị nhỉ ?,per câu chuyện này thú vị nhỉ ?,enjoyment,happiness,2
uit_000646,nói thật gia lai nói riêng tây nguyên nói chung xưa nhờ vàng đen '' hồ tiêu ' và vàng trắng ' cao su ' mà người dân có dư cái ăn cái mặt bây giờ thì thua rồi bỏ đi tứ xứ .. một thời,nói thật gia lai nói riêng tây nguyên nói chung xưa nhờ vàng đen '' hồ tiêu ' và vàng trắng ' cao su ' mà người dân có dư cái ăn cái mặt bây giờ thì thua rồi bỏ đi tứ xứ .. một thời,sadness,sadness,3
uit_002703,hành vi của người bố có phần nào ảnh hưởng đến đứa con . cô bé cười . không phải vì cô bé mạnh mẽ . mà là cô bé đã bất cần,hành vi của người bố có phần nào ảnh hưởng đến đứa con . cô bé cười . không phải vì cô bé mạnh mẽ . mà là cô bé đã bất cần,other,neutral,4
uit_002100,ngoài ra thì nó còn bị mang tiếng là thả thính cả xã hội nữa,ngoài ra thì nó còn bị mang tiếng là thả thính cả xã hội nữa,other,neutral,4
uit_004162,phim ấn độ duy nhất tao xem mà không cảm thấy vật lý logic quá khó hiểu dù thật ra trong phim này nhiều kiến thức hại não thật ; )),phim ấn độ duy nhất tao xem mà không cảm thấy vật lý logic quá khó hiểu dù thật ra trong phim này nhiều kiến thức hại não thật ; )),enjoyment,happiness,2
uit_000298,tỉnh táo đi em !,tỉnh táo đi em !,other,neutral,4
uit_004305,đúng là chân thật luôn luôn tổn thương !,đúng là chân thật luôn luôn tổn thương !,sadness,sadness,3
uit_003831,mấy lần đi ngang hết hồn,mấy lần đi ngang hết hồn,fear,fear,1
uit_004458,tới luôn em ơi .,tới luôn em ơi .,other,neutral,4
uit_000551,câu này thấy sai sai,câu này thấy sai sai,other,neutral,4
uit_002540,ổng đang chán ai tán yêuc luôn 😂😂,ổng đang chán ai tán yêuc luôn 😂😂,enjoyment,happiness,2
uit_004954,tư ̀ hô ̀ i ba ̣ n â ́ y chuyê ̉ n trươ ̀ người thi ̀ chă ̉ người co ̀ n ai đô ́ i xư ̉ tô ́ tao vơ ́ i tao như vâ ̣ y nư ̃ anh . :(,tư ̀ hô ̀ i ba ̣ n â ́ y chuyê ̉ n trươ ̀ người thi ̀ chă ̉ người co ̀ n ai đô ́ i xư ̉ tô ́ tao vơ ́ i tao như vâ ̣ y nư ̃ anh . :(,sadness,sadness,3
uit_000597,cấm đỗ là việc của công an,cấm đỗ là việc của công an,other,neutral,4
uit_002054,còn tao mỗi lần cắt tóc là y như rằng … nó tệ vãi :(,còn tao mỗi lần cắt tóc là y như rằng ... nó tệ vãi :(,sadness,sadness,3
uit_002080,bắt ve cho nó điiii . trông khổ quá,bắt ve cho nó điiii . trông khổ quá,sadness,sadness,3
uit_001604,14 / 2 năm ngoái tao mọc sừng . nên 14 / 2 năm nay tao quyết định cưa sừng 😊,14 / 2 năm ngoái tao mọc sừng . nên 14 / 2 năm nay tao quyết định cưa sừng 😊,enjoyment,happiness,2
uit_001824,phim cực hay và cực cảm động lòng người,phim cực hay và cực cảm động lòng người,enjoyment,happiness,2
uit_000209,lớp 5 mà viết kiểu này cô đánh gãy tay .,lớp 5 mà viết kiểu này cô đánh gãy tay .,fear,fear,1
uit_002404,xem phim cười gần chết . mà thích cái bạn ma nữ hơn là na bong,xem phim cười gần chết . mà thích cái bạn ma nữ hơn là na bong,enjoyment,happiness,2
uit_003883,chắc chưa :))) si nghĩ kĩ lại đi,chắc chưa :))) si nghĩ kĩ lại đi,other,neutral,4
uit_000925,"anh luôn nghĩ thế giới này không có gì đáng sợ , cho đến khi anh không còn thấy em nữa","anh luôn nghĩ thế giới này không có gì đáng sợ , cho đến khi anh không còn thấy em nữa",sadness,sadness,3
uit_000835,rớt giá kinh khủng khiếp huhu,rớt giá kinh khủng khiếp huhu,sadness,sadness,3
uit_004518,per dã man,per dã man,fear,fear,1
uit_001178,"chẳng phải chuyện hài nhưng sao tao thấy buồn cười quá , chắc thần kinh có vấn đề","chẳng phải chuyện hài nhưng sao tao thấy buồn cười quá , chắc thần kinh có vấn đề",enjoyment,happiness,2
uit_003063,cưng nhỉ,cưng nhỉ,enjoyment,happiness,2
uit_004799,tôi còn chẳng lấy ảnh lớp cho nữa,tôi còn chẳng lấy ảnh lớp cho nữa,sadness,sadness,3
uit_002832,thật đáng khâm phục các bạn ... chúc các bạn gặp nhiều may mắn trong cuộc sống ...,thật đáng khâm phục các bạn ... chúc các bạn gặp nhiều may mắn trong cuộc sống ...,enjoyment,happiness,2
uit_002707,"còn những người bình thường rất dữ , thật ra họ hiền lắm , nội tâm lắm","còn những người bình thường rất dữ , thật ra họ hiền lắm , nội tâm lắm",other,neutral,4
uit_004388,ha ha dể thương ❤️,ha ha dể thương ❤️,enjoyment,happiness,2
uit_004373,per giống cái bữa mình viết ghê,per giống cái bữa mình viết ghê,enjoyment,happiness,2
uit_001184,dăm ba cái kỉu đây hồi nhỏ tao đốt chấy vài á mà 😃,dăm ba cái kỉu đây hồi nhỏ tao đốt chấy vài á mà 😃,enjoyment,happiness,2
uit_005053,ui còn chưa kịp đi xem đã rút rồi :((,ui còn chưa kịp đi xem đã rút rồi :((,sadness,sadness,3
uit_005189,mèo nhà tao cũng từng đi lạc vì bị chó rượt tưởng mất rồi . sau mấy tháng thấy nó trở về nhà mừng vãi 😁,mèo nhà tao cũng từng đi lạc vì bị chó rượt tưởng mất rồi . sau mấy tháng thấy nó trở về nhà mừng vãi 😁,enjoyment,happiness,2
uit_001187,tao của ngày này năm trước đang ước đừng lấy quỳ tím đem ra thử nghiệm . :(,tao của ngày này năm trước đang ước đừng lấy quỳ tím đem ra thử nghiệm . :(,sadness,sadness,3
uit_000872,anh đừng bỏ em đi mà 😢,anh đừng bỏ em đi mà 😢,sadness,sadness,3
uit_004896,tuổi thơ mình lớp 4 đã cảm nắng 1 anh chàng từ 1 viên phấn vôi .,tuổi thơ mình lớp 4 đã cảm nắng 1 anh chàng từ 1 viên phấn vôi .,enjoyment,happiness,2
uit_005151,những video như này chỉ khiến cho các cô gái càng thêm ảo tưởng về tình yêu thôi =))) # ngưngảotưởng,những video như này chỉ khiến cho các cô gái càng thêm ảo tưởng về tình yêu thôi =))) # ngưngảotưởng,other,neutral,4
uit_001017,"con quỷ này hồi nhỏ tao khóc vì nó hoài , thấy nó không dám đi , bỏ đường phải vòng đường khác ,","con quỷ này hồi nhỏ tao khóc vì nó hoài , thấy nó không dám đi , bỏ đường phải vòng đường khác ,",fear,fear,1
uit_000449,trai tài gái sắc .. danh ngôn rồi tài sản chứ tài gì !! 🤣🤣,trai tài gái sắc .. danh ngôn rồi tài sản chứ tài gì !! 🤣🤣,enjoyment,happiness,2
uit_001034,chân thành và giản dị . con yêu mến tình cảm của 2 cụ,chân thành và giản dị . con yêu mến tình cảm của 2 cụ,enjoyment,happiness,2
uit_002877,chúc đại kỷ nguyên có một buổi tối ấm áp nha ❤️,chúc đại kỷ nguyên có một buổi tối ấm áp nha ❤️,enjoyment,happiness,2
uit_004545,"tháng 10 đến rồi , em đừng buồn nữa nhé ❤","tháng 10 đến rồi , em đừng buồn nữa nhé ❤",enjoyment,happiness,2
uit_003413,đi học về thấy bán hoa đây đường mà cảm thấy tội cho bọn có gấu ... lại tốn tiền,đi học về thấy bán hoa đây đường mà cảm thấy tội cho bọn có gấu ... lại tốn tiền,sadness,sadness,3
uit_005070,đối với tình yêu thì thời gian có tác dụng xây đắp chứ không còn là phá huỷ mọi thứ nữa . ngưỡng mộ hai ông bà ❤️❤️❤️,đối với tình yêu thì thời gian có tác dụng xây đắp chứ không còn là phá huỷ mọi thứ nữa . ngưỡng mộ hai ông bà ❤️❤️❤️,enjoyment,happiness,2
uit_004793,tao rất sợ mất đứa tỏ ra như thế,tao rất sợ mất đứa tỏ ra như thế,fear,fear,1
uit_001924,"rất dũng cảm , đáng yêu quá","rất dũng cảm , đáng yêu quá",enjoyment,happiness,2
uit_004525,thanh niên phượt rách dép =))),thanh niên phượt rách dép =))),other,neutral,4
uit_000863,mày không được ăn đồ chua nhưng phòng toàn xoài chua :(,mày không được ăn đồ chua nhưng phòng toàn xoài chua :(,sadness,sadness,3
uit_000457,tuổi thơ của tôi cũng từng có 1 người c . trai bỏ mặc tất cả để bảo vệ tôi 😘😘😘😘,tuổi thơ của tôi cũng từng có 1 người c . trai bỏ mặc tất cả để bảo vệ tôi 😘😘😘😘,enjoyment,happiness,2
uit_000229,càng thân thiết khi quay lưng càng đau lòng .,càng thân thiết khi quay lưng càng đau lòng .,sadness,sadness,3
uit_000018,mày định lướt qua rồi nhưng khi đọc bình luận của các bạn và xem kĩ lại thì mày đã rớt nước mắt 😭😭😭.... người cha thật vĩ đại,mày định lướt qua rồi nhưng khi đọc bình luận của các bạn và xem kĩ lại thì mày đã rớt nước mắt 😭😭😭.... người cha thật vĩ đại,sadness,sadness,3
uit_002765,vãi linh hồn .,vãi linh hồn .,fear,fear,1
uit_004326,"đm bào tao tao cầm nón nhảy vào phang vỡ con mẹ nó alo chứ ở đấy đòi đo lồn , tao lại xé con mẹ nó háng ra !","đm bào tao tao cầm nón nhảy vào phang vỡ con mẹ nó alo chứ ở đấy đòi đo lồn , tao lại xé con mẹ nó háng ra !",anger,anger,0
uit_003968,tao cute mà các mày,tao cute mà các mày,enjoyment,happiness,2
uit_000716,"per đoạn thằng kia tán trái sầu riêng , không trượt phát nào 🤣🤣","per đoạn thằng kia tán trái sầu riêng , không trượt phát nào 🤣🤣",enjoyment,happiness,2
uit_004206,per nói ít thôi hành động nhiều hơn . time sẽ là câu trả lời . mong là 2 đứa cùng nhau già đi như này .,per nói ít thôi hành động nhiều hơn . time sẽ là câu trả lời . mong là 2 đứa cùng nhau già đi như này .,enjoyment,happiness,2
uit_004461,có tiền thì có vị ngọt và không có tiền thì đắng và cay thế thôi,có tiền thì có vị ngọt và không có tiền thì đắng và cay thế thôi,other,neutral,4
uit_001419,công khai biết sai sao vẫn làm .,công khai biết sai sao vẫn làm .,other,neutral,4
uit_004857,vèo cái đã 7 năm 😕,vèo cái đã 7 năm 😕,sadness,sadness,3
uit_001006,tình yêu không bao giờ là mãi mãi . rồi cây cũng chết héo mà thôi khà khà,tình yêu không bao giờ là mãi mãi . rồi cây cũng chết héo mà thôi khà khà,enjoyment,happiness,2
uit_003027,nhớ thời sinh viên 😃,nhớ thời sinh viên 😃,enjoyment,happiness,2
uit_000571,"mê chơi lọt cóng nè , nhìn vẻ mặt hp của nó mình cũng thấy vui theo","mê chơi lọt cóng nè , nhìn vẻ mặt hp của nó mình cũng thấy vui theo",enjoyment,happiness,2
uit_005134,cái ảnh giống hệt mình :)),cái ảnh giống hệt mình :)),other,neutral,4
uit_002120,per nhìn mặt cưng gê,per nhìn mặt cưng gê,enjoyment,happiness,2
uit_003480,tao kìm nén lâu qá rồi mà 😌😌 tức nước vỡ bờ thôi,tao kìm nén lâu qá rồi mà 😌😌 tức nước vỡ bờ thôi,sadness,sadness,3
uit_000115,năm nay tao không còn cảm thấy cô đơn và mỏi chân nữa ... vì tao được ngồi mát và ăn ké socola of bọn có người yêu 😁😂...# mun 😘,năm nay tao không còn cảm thấy cô đơn và mỏi chân nữa ... vì tao được ngồi mát và ăn ké socola of bọn có người yêu 😁😂...# mun 😘,enjoyment,happiness,2
uit_005261,ngưỡng mộ ông bà á . ông bà đáng yêu ghê,ngưỡng mộ ông bà á . ông bà đáng yêu ghê,enjoyment,happiness,2
uit_000103,cuộc sống mà đành chịu thôi =(((,cuộc sống mà đành chịu thôi =(((,sadness,sadness,3
uit_001891,không biết mình có được may mắn như cụ bà này không,không biết mình có được may mắn như cụ bà này không,other,neutral,4
uit_002446,thực ra chủ nó cũng bẩn vãi :) vầy quá kinh dị rồi :),thực ra chủ nó cũng bẩn vãi :) vầy quá kinh dị rồi :),fear,fear,1
uit_005104,kiểu em sai rồi . a xin lỗi em đi 😂😂,kiểu em sai rồi . a xin lỗi em đi 😂😂,enjoyment,happiness,2
uit_002827,tận cùng của nỗi đau :(,tận cùng của nỗi đau :(,sadness,sadness,3
uit_002241,per phim này thấy trailer hấp dẫn ghê 😁,per phim này thấy trailer hấp dẫn ghê 😁,enjoyment,happiness,2
uit_004382,tâm phải bất dính giữa dòng đời vạn thính,tâm phải bất dính giữa dòng đời vạn thính,other,neutral,4
uit_001690,nghe quả tên nó đã khét vãi rồi . :))),nghe quả tên nó đã khét vãi rồi . :))),enjoyment,happiness,2
uit_003636,chắc hẳn trước kia em bị đối xử tồi tệ lắm nên mới vậy :(,chắc hẳn trước kia em bị đối xử tồi tệ lắm nên mới vậy :(,sadness,sadness,3
uit_003198,per tổ đội đánh rắm vào mà xem,per tổ đội đánh rắm vào mà xem,other,neutral,4
uit_000490,sau quả sấm sáng cả trời thì gần như toàn khu phố mất điện,sau quả sấm sáng cả trời thì gần như toàn khu phố mất điện,other,neutral,4
uit_002529,"chịu hay không không quan trọng , quan trọng là không có ai lấy","chịu hay không không quan trọng , quan trọng là không có ai lấy",sadness,sadness,3
uit_004125,per chúc bạn may mắn,per chúc bạn may mắn,other,neutral,4
uit_004196,con nai vàng ngơ ngác 😔,con nai vàng ngơ ngác 😔,other,neutral,4
uit_003974,lấy củi chứ bao nhiêu rơm cho đủ,lấy củi chứ bao nhiêu rơm cho đủ,other,neutral,4
uit_001169,mệt mõi 😥,mệt mõi 😥,sadness,sadness,3
uit_001906,dễ thương quá !!!,dễ thương quá !!!,enjoyment,happiness,2
uit_004376,"chuẩn , thấy đa phần nam chính vẫn được lòng hơn .","chuẩn , thấy đa phần nam chính vẫn được lòng hơn .",enjoyment,happiness,2
uit_001219,tao đéo ghê con rắn tao ghê mấy cái trồi lên kìa :))),tao đéo ghê con rắn tao ghê mấy cái trồi lên kìa :))),fear,fear,1
uit_001682,thu nhập bình quân chứ không phải thu nhập của nhân viên nào cũng thế 😏,thu nhập bình quân chứ không phải thu nhập của nhân viên nào cũng thế 😏,other,neutral,4
uit_001073,hoàng thượng mặc áo đầu lâu mới sợ chứ,hoàng thượng mặc áo đầu lâu mới sợ chứ,other,neutral,4
uit_000295,đm nhìn ngầu vãi,đm nhìn ngầu vãi,enjoyment,happiness,2
uit_002308,"ngày em đến anh mất ngủ suốt mấy đêm vì vui sướng , ngày em nói dừng lại nước mắt anh rơi trên đường chạy về nhà","ngày em đến anh mất ngủ suốt mấy đêm vì vui sướng , ngày em nói dừng lại nước mắt anh rơi trên đường chạy về nhà",sadness,sadness,3
uit_004372,hi vọng ở tuổi đó gia đình luôn ở bên để thấy tôi đủ trưởng thành và thành công 💪,hi vọng ở tuổi đó gia đình luôn ở bên để thấy tôi đủ trưởng thành và thành công 💪,enjoyment,happiness,2
uit_001206,duyên quá nói chuyện hay,duyên quá nói chuyện hay,enjoyment,happiness,2
uit_002940,đọc xong nước mắt ứa ra,đọc xong nước mắt ứa ra,sadness,sadness,3
uit_001758,cẩn thận quá cô ơi,cẩn thận quá cô ơi,other,neutral,4
uit_001420,năm ngoái nhìn rồi năm nay ở nhà xem lại phim ác quỷ valak the nun .😄😄,năm ngoái nhìn rồi năm nay ở nhà xem lại phim ác quỷ valak the nun .😄😄,enjoyment,happiness,2
uit_001519,"đấm liên tục vào mồm , không trượt phát nào ...","đấm liên tục vào mồm , không trượt phát nào ...",other,neutral,4
uit_004849,lùi về sau 3 bước đi . ngứa cả con mắt,lùi về sau 3 bước đi . ngứa cả con mắt,anger,anger,0
uit_002541,"các chuỵ của iemm hoang sury lưu cẩm ly vui quá cơ , ghét nhau lắm có yêu thương gì đâu 😆😁😁😁","các chuỵ của iemm hoang sury lưu cẩm ly vui quá cơ , ghét nhau lắm có yêu thương gì đâu 😆😁😁😁",enjoyment,happiness,2
uit_002641,chắc phát khóc mất 😭,chắc phát khóc mất 😭,sadness,sadness,3
uit_001201,phim nay xem rất nhiều lân nhưng quá hay vẫn muốn sẽ tiếp tục xem,phim nay xem rất nhiều lân nhưng quá hay vẫn muốn sẽ tiếp tục xem,enjoyment,happiness,2
uit_000080,hết tiền rồi này,hết tiền rồi này,sadness,sadness,3
uit_000951,bởi đi mua cái gì cũng phải chọn chỗ uy tín,bởi đi mua cái gì cũng phải chọn chỗ uy tín,other,neutral,4
uit_005082,"1 chút đắng , chút chua cay , với 1 chút ngọt ngào ở đâu đó 😞","1 chút đắng , chút chua cay , với 1 chút ngọt ngào ở đâu đó 😞",sadness,sadness,3
uit_000888,tự hỏi rằng những bạn nữ như thế nào thì họ có còn thích con trai không nhỉ 🤔,tự hỏi rằng những bạn nữ như thế nào thì họ có còn thích con trai không nhỉ 🤔,other,neutral,4
uit_000886,nhìn là thấy nóng rồi,nhìn là thấy nóng rồi,other,neutral,4
uit_001437,có người còn thả haha não gì ấy nhỉ . gạch đá xin nhận,có người còn thả haha não gì ấy nhỉ . gạch đá xin nhận,other,neutral,4
uit_000456,nhìn một cái rồi quay đi là thấy mãn nguyện rồi .,nhìn một cái rồi quay đi là thấy mãn nguyện rồi .,enjoyment,happiness,2
uit_000780,"ba chàng ngốc , phim ấn độ , cực hài , cực cảm động và ý nghĩa nhé","ba chàng ngốc , phim ấn độ , cực hài , cực cảm động và ý nghĩa nhé",enjoyment,happiness,2
uit_003773,per nhớ lại vẫn còn tức á cái lol mẹ,per nhớ lại vẫn còn tức á cái lol mẹ,anger,anger,0
uit_002739,tình hình này tháng sau cũng đi tập gym mất,tình hình này tháng sau cũng đi tập gym mất,other,neutral,4
uit_002517,chuột nhìn thấy mèo sợ là đúng rồi =)),chuột nhìn thấy mèo sợ là đúng rồi =)),enjoyment,happiness,2
uit_000494,xem xong tôi cảm thấy còn u ám hơn :)),xem xong tôi cảm thấy còn u ám hơn :)),sadness,sadness,3
uit_003832,"anh giờ thích ai rồi , không còn giữ câu nói trước kia nữa đâu nhỉ . ừ gần 1 năm rồi cơ mà :((","anh giờ thích ai rồi , không còn giữ câu nói trước kia nữa đâu nhỉ . ừ gần 1 năm rồi cơ mà :((",sadness,sadness,3
uit_004276,ba mẹ tao chửi tao tao chỉ biết câm họng và bưng tô cơm ra chỗ khác vừa ngồi ăn vừa khóc một mình cho dù biết răng mình k có lỗi 😭😭 !?,ba mẹ tao chửi tao tao chỉ biết câm họng và bưng tô cơm ra chỗ khác vừa ngồi ăn vừa khóc một mình cho dù biết răng mình k có lỗi 😭😭 !?,sadness,sadness,3
uit_004440,chạy xe hơn 40 ' chỉ để chạy ngang chỗ crush làm nhìn 1 cái rồi về :) đến giờ vẫn vậy cứ rảnh là chạy vô nhìn cái rồi về :),chạy xe hơn 40 ' chỉ để chạy ngang chỗ crush làm nhìn 1 cái rồi về :) đến giờ vẫn vậy cứ rảnh là chạy vô nhìn cái rồi về :),enjoyment,happiness,2
uit_002196,nhìn lũ trẻ yêu nhau mà lòng già xao xuyến,nhìn lũ trẻ yêu nhau mà lòng già xao xuyến,sadness,sadness,3
uit_001176,bé tí mà đã có múi rồi :))),bé tí mà đã có múi rồi :))),enjoyment,happiness,2
uit_002524,trời ơi . dễ thương quá luôn ❤️❤️,trời ơi . dễ thương quá luôn ❤️❤️,enjoyment,happiness,2
uit_002180,có lẽ vì vậy nên moi thứ trở nên thật khó khăn lúc này :(((,có lẽ vì vậy nên moi thứ trở nên thật khó khăn lúc này :(((,sadness,sadness,3
uit_004157,dm đạp xe đã mệt lòi cứt ra xong còn hỏi hỏi cái beep,dm đạp xe đã mệt lòi cứt ra xong còn hỏi hỏi cái beep,anger,anger,0
uit_002223,bác này nói hay,bác này nói hay,enjoyment,happiness,2
uit_004351,"kinh hồn , sao chủ nó có thể để nó như v được nhỉ","kinh hồn , sao chủ nó có thể để nó như v được nhỉ",other,neutral,4
uit_004389,đây là bếp cồn có từ trước khi giải phóng nha mấy chế,đây là bếp cồn có từ trước khi giải phóng nha mấy chế,other,neutral,4
uit_001426,ám ảnh đến bây giờ 24 tuổi vẫn sợ ngỗng :))),ám ảnh đến bây giờ 24 tuổi vẫn sợ ngỗng :))),fear,fear,1
uit_000786,hình như cũng mới có vụ bể bình dâu tằm,hình như cũng mới có vụ bể bình dâu tằm,other,neutral,4
uit_002900,per ơi nhột nhẹ kkkkk,per ơi nhột nhẹ kkkkk,enjoyment,happiness,2
uit_001208,"ngồi chờ một người đi qua 1 và coi đó như 1 sự tình cờ 😂😂😂 tao đã từng , nhưng đó là tao của ngày xưa . buồn cười thật 😁","ngồi chờ một người đi qua 1 và coi đó như 1 sự tình cờ 😂😂😂 tao đã từng , nhưng đó là tao của ngày xưa . buồn cười thật 😁",enjoyment,happiness,2
uit_002343,cả tết được có 400k :(,cả tết được có 400k :(,sadness,sadness,3
uit_004402,per còn nhớ cây nay không,per còn nhớ cây nay không,other,neutral,4
uit_003360,làm sao bằng chạy xe ôm với bán chổi được ..... nên đừng nói chuyện đến lương .,làm sao bằng chạy xe ôm với bán chổi được ..... nên đừng nói chuyện đến lương .,other,neutral,4
uit_001703,quá nguy hiểm . chúng nó có thể đang đùa cợt với mày đấy,quá nguy hiểm . chúng nó có thể đang đùa cợt với mày đấy,other,neutral,4
uit_004156,"hôm trước tao đi chơi về đường vắng nên chạy nhanh , vừa qua cua anh cảnh sát chạy ra chặn làm tao sợ chetme vì giấy tờ không có bằng lái thì chưa thi lại còn thiếu abcxyz","hôm trước tao đi chơi về đường vắng nên chạy nhanh , vừa qua cua anh cảnh sát chạy ra chặn làm tao sợ chetme vì giấy tờ không có bằng lái thì chưa thi lại còn thiếu abcxyz",fear,fear,1
uit_002396,"m ngon m giết tao luôn đi , má mày","m ngon m giết tao luôn đi , má mày",anger,anger,0
uit_002065,"bên đó cậu sao rồi , có hay cười nữa không ?","bên đó cậu sao rồi , có hay cười nữa không ?",other,neutral,4
uit_000627,nó chỉ muốn chén mày thôi . thật đấy,nó chỉ muốn chén mày thôi . thật đấy,other,neutral,4
uit_000737,đáng iêu vãi =]],đáng iêu vãi =]],enjoyment,happiness,2
uit_003019,"ông sống trên vũ trụ , vợ ông sống ở trái đất , ông cao thêm 5cm là chuyện bthg 😂","ông sống trên vũ trụ , vợ ông sống ở trái đất , ông cao thêm 5cm là chuyện bthg 😂",enjoyment,happiness,2
uit_002301,giòi béo lắm :)),giòi béo lắm :)),enjoyment,happiness,2
uit_004899,không gì hơn ngoài tình thân,không gì hơn ngoài tình thân,other,neutral,4
uit_002171,nếu chịu khó đặt vào hoàn cảnh của nhau mà sống thì mọi chuyện đã đơn giản hơn rồi .,nếu chịu khó đặt vào hoàn cảnh của nhau mà sống thì mọi chuyện đã đơn giản hơn rồi .,sadness,sadness,3
uit_003394,per hãy cứ vững tâm tập điều độ rồi sẽ có thôi,per hãy cứ vững tâm tập điều độ rồi sẽ có thôi,enjoyment,happiness,2
uit_005126,"vị nước mắt , dù cảm xúc như nào thì khi có nó cũng thật đáng nhớ !","vị nước mắt , dù cảm xúc như nào thì khi có nó cũng thật đáng nhớ !",sadness,sadness,3
uit_003356,các anh chị hãy nói với em đó chỉ là diễn xuất mà thôi . và tình yêu như vậy chỉ có trong tiểu thuyết mà thôi .,các anh chị hãy nói với em đó chỉ là diễn xuất mà thôi . và tình yêu như vậy chỉ có trong tiểu thuyết mà thôi .,enjoyment,happiness,2
uit_003469,tao nhớ không nhầm hôm nay nó đến tháng vậy là sẽ không bị đâu nhỉ,tao nhớ không nhầm hôm nay nó đến tháng vậy là sẽ không bị đâu nhỉ,enjoyment,happiness,2
uit_001923,cảm ơn bạn vì đã chia sẻ cũng như đã luôn sáng suốt để không làm gì sai,cảm ơn bạn vì đã chia sẻ cũng như đã luôn sáng suốt để không làm gì sai,enjoyment,happiness,2
uit_000052,ad cho hỏi nghệ an lúc nào mưa vậy ah 🌧🌧.. ốm cũng cam lòng chứ vã lắm rồi 🥵🥵,ad cho hỏi nghệ an lúc nào mưa vậy ah 🌧🌧.. ốm cũng cam lòng chứ vã lắm rồi 🥵🥵,sadness,sadness,3
uit_002645,rất nguy hiểm,rất nguy hiểm,fear,fear,1
uit_003484,đang chán đời cắt tóc xong là chán cái mặt hơn chán đời luôn :((,đang chán đời cắt tóc xong là chán cái mặt hơn chán đời luôn :((,sadness,sadness,3
uit_003718,đã sợ nhện rồi mà gặp thằng admin chơi trò mất nết :((,đã sợ nhện rồi mà gặp thằng admin chơi trò mất nết :((,anger,anger,0
uit_001181,cái đồng hồ mọi người cho em hỏi giá bao nhiêu ạ,cái đồng hồ mọi người cho em hỏi giá bao nhiêu ạ,other,neutral,4
uit_002201,"hàng loạt các sai phạm , vi phạm diễn ra nhưng bộ giáo dục chưa đưa ra được biện pháp nào có hiệu quả chấm dứt các sự việc tiếp tục xảy ra","hàng loạt các sai phạm , vi phạm diễn ra nhưng bộ giáo dục chưa đưa ra được biện pháp nào có hiệu quả chấm dứt các sự việc tiếp tục xảy ra",anger,anger,0
uit_005247,đúng là yêu tới đầu bạc răng long .,đúng là yêu tới đầu bạc răng long .,enjoyment,happiness,2
uit_005137,dòm sợ thiệt 🤐,dòm sợ thiệt 🤐,fear,fear,1
uit_002400,cũng muốn đi xem lắm 😭,cũng muốn đi xem lắm 😭,sadness,sadness,3
uit_001157,sad cực mạnh,sad cực mạnh,sadness,sadness,3
uit_003823,t đã thử rồi mà dume vẫn la :)))),t đã thử rồi mà dume vẫn la :)))),sadness,sadness,3
uit_003789,may mà bà già bảo năm hạn đừng đi chứ không hạn thật,may mà bà già bảo năm hạn đừng đi chứ không hạn thật,other,neutral,4
uit_003959,may cho mày con nhà gia đình khá . chứ nghèo như tao khổ rồi .??,may cho mày con nhà gia đình khá . chứ nghèo như tao khổ rồi .??,other,neutral,4
uit_003084,còn nhiều người khổ hơn mình :)),còn nhiều người khổ hơn mình :)),other,neutral,4
uit_000630,"haa ... haa ... ! đúng là có thay đổi lớn ! ngồi nhâm nhi ly cafe , phì phèo điếu thuốc nhìn thiên hạ cũng vui kkk ... !","haa ... haa ... ! đúng là có thay đổi lớn ! ngồi nhâm nhi ly cafe , phì phèo điếu thuốc nhìn thiên hạ cũng vui kkk ... !",enjoyment,happiness,2
uit_005118,"eo ôi thằng nhóc áo xanh cuối cùng , sao này lớn lên chắc là sói ca haha","eo ôi thằng nhóc áo xanh cuối cùng , sao này lớn lên chắc là sói ca haha",enjoyment,happiness,2
uit_005028,t nói té 1 cái không dập mề thua gì cũg thua ..,t nói té 1 cái không dập mề thua gì cũg thua ..,fear,fear,1
uit_001260,anh lấy đi niềm tin trả lại cho em những gì,anh lấy đi niềm tin trả lại cho em những gì,sadness,sadness,3
uit_004499,per khi bạn đang feed mạng nhưng chị bạn lại bật hongkong1 :))))))),per khi bạn đang feed mạng nhưng chị bạn lại bật hongkong1 :))))))),other,neutral,4
uit_003550,thì con đỉ mẹ mày ghi nhanh vào .,thì con đỉ mẹ mày ghi nhanh vào .,anger,anger,0
uit_000140,"cố gắng lên mọi lỗ lực và công lao của em sẽ được đền đáp một cách thật là sứng đáng , cố gắng lên em nhé 👍","cố gắng lên mọi lỗ lực và công lao của em sẽ được đền đáp một cách thật là sứng đáng , cố gắng lên em nhé 👍",enjoyment,happiness,2
uit_004936,cứu tao :(( tao sợ rắn,cứu tao :(( tao sợ rắn,fear,fear,1
uit_001741,"sau 1 thời còm men dạo khắp muôn nơi , cháu đã lên được fan cứng rất rất cứng 😆😆","sau 1 thời còm men dạo khắp muôn nơi , cháu đã lên được fan cứng rất rất cứng 😆😆",enjoyment,happiness,2
uit_002086,chắc là năm lớp 4 5 gì đó :)) tao mua bánh kẹo đem vô lớp bán lẻ lại ... mỗi lần đem bán như vậy chắc cũng kiếm được lãi 2 - 30k 😂,chắc là năm lớp 4 5 gì đó :)) tao mua bánh kẹo đem vô lớp bán lẻ lại ... mỗi lần đem bán như vậy chắc cũng kiếm được lãi 2 - 30k 😂,enjoyment,happiness,2
uit_002715,per mày đang nghĩ đến ai,per mày đang nghĩ đến ai,other,neutral,4
uit_005135,"thời gian thấm nhuần yêu thương , nếu đủ kiên nhẫn thì hạnh phúc sẽ đến bên , không sợ sệt 😁","thời gian thấm nhuần yêu thương , nếu đủ kiên nhẫn thì hạnh phúc sẽ đến bên , không sợ sệt 😁",other,neutral,4
uit_002477,"sau khi kết hôn , anh sẽ thuê người giết cô để hưởng trọn tiền bảo hiểm 😌","sau khi kết hôn , anh sẽ thuê người giết cô để hưởng trọn tiền bảo hiểm 😌",fear,fear,1
uit_001488,trên đời vẫn còn nhiều điều tốt đẹp ❤️,trên đời vẫn còn nhiều điều tốt đẹp ❤️,enjoyment,happiness,2
uit_005270,chắc là uncrush thôi . bố mẹ thì còng lưng ra làm cho con đi học .,chắc là uncrush thôi . bố mẹ thì còng lưng ra làm cho con đi học .,sadness,sadness,3
uit_003149,"ai mang đồ ăn cho anh ấy đi , kẻo đói tội nghiệp","ai mang đồ ăn cho anh ấy đi , kẻo đói tội nghiệp",sadness,sadness,3
uit_004999,đéo thể tin tưởng một ai được,đéo thể tin tưởng một ai được,other,neutral,4
uit_002331,có những ngày làm tới đâu là sai tới đó :)) muốn tát vào mặt hết sức,có những ngày làm tới đâu là sai tới đó :)) muốn tát vào mặt hết sức,sadness,sadness,3
uit_002038,2 đg thẳng mãi mãi song song không bao giờ cắt nhau hix hix,2 đg thẳng mãi mãi song song không bao giờ cắt nhau hix hix,sadness,sadness,3
uit_004037,ranh con mà láo toét . xem đến đoạn này mà phát bực,ranh con mà láo toét . xem đến đoạn này mà phát bực,anger,anger,0
uit_004316,ý thức như lol . 😂😂,ý thức như lol . 😂😂,anger,anger,0
uit_004814,chạm đáy nỗi đau 😞,chạm đáy nỗi đau 😞,sadness,sadness,3
uit_001328,đó là dấu hiện của sự trưởng thành =))))))))),đó là dấu hiện của sự trưởng thành =))))))))),enjoyment,happiness,2
uit_004798,"mình trả hùa , mình vẫn đỗ nhắn tin","mình trả hùa , mình vẫn đỗ nhắn tin",enjoyment,happiness,2
uit_004809,hình như bồ tao cũng tập gym 😶😶,hình như bồ tao cũng tập gym 😶😶,other,neutral,4
uit_004411,tiếc là chưa thấy cậu cười ngoài đời bao giờ,tiếc là chưa thấy cậu cười ngoài đời bao giờ,sadness,sadness,3
uit_000628,"cô giáo ngu bỏ mẹ , xong được bầy hãm lòn trẻ trâu này nữa , kia là em tao , không biết tao sẽ làm gì bọn khốn nạn này nữa :))","cô giáo ngu bỏ mẹ , xong được bầy hãm lòn trẻ trâu này nữa , kia là em tao , không biết tao sẽ làm gì bọn khốn nạn này nữa :))",anger,anger,0
uit_003853,tao tháy gái nguy hiểm vãi,tao tháy gái nguy hiểm vãi,fear,fear,1
uit_000175,nói chung là không nên uống chẳng bổ béo gì đâu,nói chung là không nên uống chẳng bổ béo gì đâu,other,neutral,4
uit_002377,ờ công nhận đáng sợ vãi 😭,ờ công nhận đáng sợ vãi 😭,fear,fear,1
uit_001261,thông minh lắm,thông minh lắm,enjoyment,happiness,2
uit_000361,thằng ben thật tội nghiệp,thằng ben thật tội nghiệp,sadness,sadness,3
uit_000064,cưng quá đi,cưng quá đi,enjoyment,happiness,2
uit_002149,có khi giờ tỉnh rồi đéo dám xuống nữa,có khi giờ tỉnh rồi đéo dám xuống nữa,other,neutral,4
uit_002958,thật ra cách quét hạt xốp rất dễ mà có thể các bạn chưa biết . đó là . tẩm xăng những chỗ có xốp và đốt 😂,thật ra cách quét hạt xốp rất dễ mà có thể các bạn chưa biết . đó là . tẩm xăng những chỗ có xốp và đốt 😂,enjoyment,happiness,2
uit_002272,chuẩn luôn :3 độc vô tình bắt gặp thôi cơ mà giờ tao bị ăn bơ rồi 😭,chuẩn luôn :3 độc vô tình bắt gặp thôi cơ mà giờ tao bị ăn bơ rồi 😭,sadness,sadness,3
uit_004947,nghĩ lại ngày xưa cũng như 2 đứa nhỏ ??,nghĩ lại ngày xưa cũng như 2 đứa nhỏ ??,other,neutral,4
uit_002938,đây là bạn tao . =)),đây là bạn tao . =)),enjoyment,happiness,2
uit_004128,"nhớ trung thu năm ngoái , đứng nhìn các cặp tình nhân ôm hôn , nắm tay nhau ... chạnh lòng lắm !😞","nhớ trung thu năm ngoái , đứng nhìn các cặp tình nhân ôm hôn , nắm tay nhau ... chạnh lòng lắm !😞",sadness,sadness,3
uit_002552,giờ còn lo học sánh vai với cường quốc 5 châu ai lại đi cưới chồng bây giờ :)))),giờ còn lo học sánh vai với cường quốc 5 châu ai lại đi cưới chồng bây giờ :)))),enjoyment,happiness,2
uit_002137,muộn rồi :))),muộn rồi :))),sadness,sadness,3
uit_002299,per một thời của chậy em mình nè,per một thời của chậy em mình nè,other,neutral,4
uit_001494,cần có cơ quan chức năng tới để làm rõ vụ việc với ngư dân đã bắt nó,cần có cơ quan chức năng tới để làm rõ vụ việc với ngư dân đã bắt nó,other,neutral,4
uit_004235,bị từ chối rồi,bị từ chối rồi,sadness,sadness,3
uit_001466,"còn tôi thì lại khác , thanh xuân của tôi chả có bây giờ gặp được aiii và hạnh phúc bền lâu cả :(","còn tôi thì lại khác , thanh xuân của tôi chả có bây giờ gặp được aiii và hạnh phúc bền lâu cả :(",sadness,sadness,3
uit_002079,ko nên nhé các cụ .... hãy cho họ 1 cơ hội ... hãy nhìn sự việc từ nhiều khía cạnh khác nhau,ko nên nhé các cụ .... hãy cho họ 1 cơ hội ... hãy nhìn sự việc từ nhiều khía cạnh khác nhau,other,neutral,4
uit_001555,"đó là 1 câu chuyện buồn , tao không có bạn trai hix hix","đó là 1 câu chuyện buồn , tao không có bạn trai hix hix",sadness,sadness,3
uit_004995,tao chỉ lên ngắm cảnh tí xíu mà mày cũng dìm tao :)))),tao chỉ lên ngắm cảnh tí xíu mà mày cũng dìm tao :)))),sadness,sadness,3
uit_000188,điện cho đứa bạn . đem mũ ra . coi ai hơn ai . kakaa .,điện cho đứa bạn . đem mũ ra . coi ai hơn ai . kakaa .,enjoyment,happiness,2
uit_000954,đã biết là thế nhưng không còn cách nào khác :(,đã biết là thế nhưng không còn cách nào khác :(,sadness,sadness,3
uit_000367,bếp dầu chứ có gì mà không biết,bếp dầu chứ có gì mà không biết,other,neutral,4
uit_002952,per tôi đợi ngày nhận thiệp cưới của ông,per tôi đợi ngày nhận thiệp cưới của ông,enjoyment,happiness,2
uit_003076,giận ngược trở lại chúng nó sớm chia tay thôi :))),giận ngược trở lại chúng nó sớm chia tay thôi :))),other,neutral,4
uit_004824,tán cây hình trái tim thì phải,tán cây hình trái tim thì phải,other,neutral,4
uit_003236,nó sẽ thì thầm tai mày “ dượng đây “ 🤣🤣,nó sẽ thì thầm tai mày “ dượng đây “ 🤣🤣,enjoyment,happiness,2
uit_000300,crush ai thì cờ rớt chứ đừng cờ rớt mấy mẹ bán hàng online với làm bất động sản chúng mày nhé :3,crush ai thì cờ rớt chứ đừng cờ rớt mấy mẹ bán hàng online với làm bất động sản chúng mày nhé :3,other,neutral,4
uit_002914,tao bắt đầu sợ nó ròi đấy :)) ám ảnh vãi,tao bắt đầu sợ nó ròi đấy :)) ám ảnh vãi,fear,fear,1
uit_002383,giống y bố tao 🤣 ngoa khủng khiếp nhưng mà nhà tao vui vãi_chưởng 🤣🤣. điểm danh nhà bố học giỏi văn nào 🤦🏻‍♀️,giống y bố tao 🤣 ngoa khủng khiếp nhưng mà nhà tao vui vãi_chưởng 🤣🤣. điểm danh nhà bố học giỏi văn nào 🤦🏻‍♀️,enjoyment,happiness,2
uit_004702,lâu lắm mình thấy lại nó,lâu lắm mình thấy lại nó,other,neutral,4
uit_004514,nóng như này ăn vải là thích nhất còn gì ... auto mát,nóng như này ăn vải là thích nhất còn gì ... auto mát,enjoyment,happiness,2
uit_004837,qua chạy xe nẹt nẹt bốc đầu bố ai dám dô,qua chạy xe nẹt nẹt bốc đầu bố ai dám dô,fear,fear,1
uit_003355,cũng may tao là một con đàn ông :)),cũng may tao là một con đàn ông :)),enjoyment,happiness,2
uit_003117,cưng v trờiiiiii .,cưng v trờiiiiii .,enjoyment,happiness,2
uit_004344,đây là lần cuối cùng các bạn nhìn thấy anh ấy :d,đây là lần cuối cùng các bạn nhìn thấy anh ấy :d,sadness,sadness,3
uit_001875,hình phạt đó quá nhẹ không có sức dặn đe kẻ khác,hình phạt đó quá nhẹ không có sức dặn đe kẻ khác,anger,anger,0
uit_003143,ấm hơn cả người yêu :)),ấm hơn cả người yêu :)),enjoyment,happiness,2
uit_002879,lần đầu gặp anh cũng là phòng gym =)))),lần đầu gặp anh cũng là phòng gym =)))),enjoyment,happiness,2
uit_004450,tổ cha thằng viết kịch bản . mồi dâng đến miệng mà không cho ăn . bếp trưởng said,tổ cha thằng viết kịch bản . mồi dâng đến miệng mà không cho ăn . bếp trưởng said,anger,anger,0
uit_003100,ông bà có đam mê .,ông bà có đam mê .,other,neutral,4
uit_000433,trước khi lấy vợ boss có một thân hình hoàn mĩ thế này đây,trước khi lấy vợ boss có một thân hình hoàn mĩ thế này đây,sadness,sadness,3
uit_002740,nhiều khi chỉ ước gì mấy đứa bá dơ này có thể chết thay cho chị nữ sinh giao gà thì hay biết mấy ...,nhiều khi chỉ ước gì mấy đứa bá dơ này có thể chết thay cho chị nữ sinh giao gà thì hay biết mấy ...,other,neutral,4
uit_000194,con mèo khốn nạn dám bóp vếu vợ tao à 😡,con mèo khốn nạn dám bóp vếu vợ tao à 😡,anger,anger,0
uit_000366,ai muốn đi thái hè này với tôiii nào cũng chim ưng phết đấyy :))),ai muốn đi thái hè này với tôiii nào cũng chim ưng phết đấyy :))),enjoyment,happiness,2
uit_000403,nhìn con mắt thấy đau đớn . tội em quá ????,nhìn con mắt thấy đau đớn . tội em quá ????,sadness,sadness,3
uit_003135,đến bao giờ mới nhận được tiền nhỉ,đến bao giờ mới nhận được tiền nhỉ,other,neutral,4
uit_003507,sắp được cống hiến cho tổ quốc rồi . vui quá ...,sắp được cống hiến cho tổ quốc rồi . vui quá ...,enjoyment,happiness,2
uit_002092,biết nấu cơm bếp củi từ lớp 2_3 gì đó,biết nấu cơm bếp củi từ lớp 2_3 gì đó,enjoyment,happiness,2
uit_004921,ếch chết tại miệng,ếch chết tại miệng,other,neutral,4
uit_004569,thế mày thích hiền lành dài dài rồi bùng phát hay mày thích ngày đéo nào nó cũng nổi điên :)),thế mày thích hiền lành dài dài rồi bùng phát hay mày thích ngày đéo nào nó cũng nổi điên :)),other,neutral,4
uit_003519,nta vẩy tay mấy cái cũng ra tranh còn tao thì 😪,nta vẩy tay mấy cái cũng ra tranh còn tao thì 😪,sadness,sadness,3
uit_002612,bếp dầu ngày xưa thật ý nghĩa,bếp dầu ngày xưa thật ý nghĩa,enjoyment,happiness,2
uit_003018,đố ai định nghĩa được tình yêu . có khó gì đâu một buổi chiều . nó chiếm hồn ta bằng nắng hạ . bằng mây nhè nhẹ gío hiu hiu 👏,đố ai định nghĩa được tình yêu . có khó gì đâu một buổi chiều . nó chiếm hồn ta bằng nắng hạ . bằng mây nhè nhẹ gío hiu hiu 👏,enjoyment,happiness,2
uit_000501,lũ này cho nghỉ việc thay người khác còn bao nhiêu người đi xin việc kìa xử phạt rhì trẻ cũng đã ăn rồi lũ mất nhân tính,lũ này cho nghỉ việc thay người khác còn bao nhiêu người đi xin việc kìa xử phạt rhì trẻ cũng đã ăn rồi lũ mất nhân tính,anger,anger,0
uit_004946,cái con đồ chơi đó mua ở đâu nhỉ . cười đéo nhặt được mồm . 😂😂😂,cái con đồ chơi đó mua ở đâu nhỉ . cười đéo nhặt được mồm . 😂😂😂,enjoyment,happiness,2
uit_003246,ph :)) phê hơn cả cần nhé . nên mua cái này về dùng tốt cho chó và người :))),ph :)) phê hơn cả cần nhé . nên mua cái này về dùng tốt cho chó và người :))),enjoyment,happiness,2
uit_002788,cầu cho chú luôn mạnh khoẻ ạ 😢,cầu cho chú luôn mạnh khoẻ ạ 😢,sadness,sadness,3
uit_001622,lúc mày vui thì sao :))) những lúc buồn hãy nghĩ lại trước kia vui sướng !,lúc mày vui thì sao :))) những lúc buồn hãy nghĩ lại trước kia vui sướng !,enjoyment,happiness,2
uit_003876,"thề , phim này xem đi xem lại gần chục lần . 😄","thề , phim này xem đi xem lại gần chục lần . 😄",enjoyment,happiness,2
uit_004200,con trai gục đổ . con gái dụng trứng . lậy cô .... à nhầm lậy anh,con trai gục đổ . con gái dụng trứng . lậy cô .... à nhầm lậy anh,other,neutral,4
uit_004176,thế cây này có được gọi là cây tình yêu không ??,thế cây này có được gọi là cây tình yêu không ??,other,neutral,4
uit_002226,cười vãi ???????? mặt con bé cũng hài ghê,cười vãi ???????? mặt con bé cũng hài ghê,enjoyment,happiness,2
uit_001047,không thấy không biết lòng không đau,không thấy không biết lòng không đau,sadness,sadness,3
uit_002297,tao đã khóc khi xem phim nay,tao đã khóc khi xem phim nay,sadness,sadness,3
uit_000622,quá giỏi . đạp đến ngất đi mà không quay đầu . sau này em sẽ thành công . chắc chắn vậy,quá giỏi . đạp đến ngất đi mà không quay đầu . sau này em sẽ thành công . chắc chắn vậy,enjoyment,happiness,2
uit_004310,lead đời mới chê lead đời cũ là : “ xe mày vứt đi được rồi đấy ” 🤣🤣🤣🤣🤣,lead đời mới chê lead đời cũ là : “ xe mày vứt đi được rồi đấy ” 🤣🤣🤣🤣🤣,other,neutral,4
uit_001336,cái vị mà ai cũg muốn thử và mỗi người thử lại cảm nhận được một vị riêng,cái vị mà ai cũg muốn thử và mỗi người thử lại cảm nhận được một vị riêng,other,neutral,4
uit_002207,ngày xưa nghèo . có bếp dầu là mai rồi .,ngày xưa nghèo . có bếp dầu là mai rồi .,other,neutral,4
uit_003113,"cả đống người trên đường , mà nó chỉ dí mình tao 😭. t đã làm nên tội gì 😭😭","cả đống người trên đường , mà nó chỉ dí mình tao 😭. t đã làm nên tội gì 😭😭",sadness,sadness,3
uit_002463,chắc tao đấm chết mẹ nó quá 😠😠,chắc tao đấm chết mẹ nó quá 😠😠,anger,anger,0
uit_000756,nhưng đảm bảo coi cái nào là cười sặc cái đó :)) vì nó diễn tệ đến nỗi nó hay,nhưng đảm bảo coi cái nào là cười sặc cái đó :)) vì nó diễn tệ đến nỗi nó hay,enjoyment,happiness,2
uit_000892,phải con tao tao cho cả lũ chó cụt tay hết !,phải con tao tao cho cả lũ chó cụt tay hết !,anger,anger,0
uit_003382,a cứ đưa hết lương đây cho em :))) em sẽ cho anh tiền rửa bát,a cứ đưa hết lương đây cho em :))) em sẽ cho anh tiền rửa bát,enjoyment,happiness,2
uit_004212,sau cùng cả 2 đều bị ảnh hưởng trầm trọng :((,sau cùng cả 2 đều bị ảnh hưởng trầm trọng :((,sadness,sadness,3
uit_002465,từ ngày ra trường là chưa về,từ ngày ra trường là chưa về,other,neutral,4
uit_003549,t cũn gặp 1 ca như vậy mà chúng nó còn chơi chét bánh kem cơ . bước vào nhìn cái phòng mà muốn quăng chổi vào mặt tụi nó,t cũn gặp 1 ca như vậy mà chúng nó còn chơi chét bánh kem cơ . bước vào nhìn cái phòng mà muốn quăng chổi vào mặt tụi nó,anger,anger,0
uit_001480,per cđ chỉ cần đơn giản như thế đã ấm lòng thế ... rơi cả nói chuyện mắt ...,per cđ chỉ cần đơn giản như thế đã ấm lòng thế ... rơi cả nói chuyện mắt ...,enjoyment,happiness,2
uit_001854,tại thợ hàn bất cẩn chăng ...,tại thợ hàn bất cẩn chăng ...,other,neutral,4
uit_001487,"vừa về xong , phải nói là đông vãi đông chứ không phải đông bình thường =))))","vừa về xong , phải nói là đông vãi đông chứ không phải đông bình thường =))))",enjoyment,happiness,2
uit_004815,thế ông bác sĩ đó bây giờ còn sống không 🙂,thế ông bác sĩ đó bây giờ còn sống không 🙂,other,neutral,4
uit_003129,họ đáp vì phép lịch sự còn mình vì yêu mà chủ động vì quan tâm mà hỏi đủ điều ..🙁,họ đáp vì phép lịch sự còn mình vì yêu mà chủ động vì quan tâm mà hỏi đủ điều ..🙁,sadness,sadness,3
uit_005159,cách xử lý thông minh,cách xử lý thông minh,enjoyment,happiness,2
uit_002830,"xe đỗ ngay giữa cửa hàng và cửa nhà bạn luôn , khách lên và xuống không được thoải mái và hơn nữa là vào hát karaoke thì theo bạn sẽ là mấy tiếng mới ra ?","xe đỗ ngay giữa cửa hàng và cửa nhà bạn luôn , khách lên và xuống không được thoải mái và hơn nữa là vào hát karaoke thì theo bạn sẽ là mấy tiếng mới ra ?",anger,anger,0
uit_003119,rồi liệu nằm với vợ ông làm thế nào nhỉ,rồi liệu nằm với vợ ông làm thế nào nhỉ,other,neutral,4
uit_003314,gần nhà tao lại chẳng còn sót lại anh nào huhu,gần nhà tao lại chẳng còn sót lại anh nào huhu,sadness,sadness,3
uit_002717,"không phù hợp thổ nhưỡng , khí hậu . vậy mà vẫn tung hô , dải ngân để làm khổ dân . quả bóng trách nhiệm chẳng thuộc về ai cả . 😢😢","không phù hợp thổ nhưỡng , khí hậu . vậy mà vẫn tung hô , dải ngân để làm khổ dân . quả bóng trách nhiệm chẳng thuộc về ai cả . 😢😢",sadness,sadness,3
uit_002221,"hồi nhỏ đi học phải ngang qua nhà nuôi ngỗng nó dí chạy thấy bà luôn , ngày nào cũng phải cầm cái cây theo . thề luôn tới giờ tao vẫn còn sợ con này khiếp luôn 😭","hồi nhỏ đi học phải ngang qua nhà nuôi ngỗng nó dí chạy thấy bà luôn , ngày nào cũng phải cầm cái cây theo . thề luôn tới giờ tao vẫn còn sợ con này khiếp luôn 😭",fear,fear,1
uit_002109,hãy nên trân trọng những người bạn như vậy .,hãy nên trân trọng những người bạn như vậy .,enjoyment,happiness,2
uit_004758,per khi nào bạn có bằng xe ôtô thì bạn mới hiểu . sai thì đã có ca,per khi nào bạn có bằng xe ôtô thì bạn mới hiểu . sai thì đã có ca,other,neutral,4
uit_004227,cảm giác lúc ấy sẽ ra sao,cảm giác lúc ấy sẽ ra sao,other,neutral,4
uit_002888,muối mặn vãi,muối mặn vãi,other,neutral,4
uit_001785,bắt võng nằm cho sướng,bắt võng nằm cho sướng,enjoyment,happiness,2
uit_000883,tao nhiều tài lắm .. nhưng tài sản còn cái mạng què và đôi tay trắng 😭😭,tao nhiều tài lắm .. nhưng tài sản còn cái mạng què và đôi tay trắng 😭😭,sadness,sadness,3
uit_002495,chuẩn bị kiểm tra hình huhu :((,chuẩn bị kiểm tra hình huhu :((,sadness,sadness,3
uit_003481,"tự nhiên nhớ đến hồi bé , đi kiểu nào cũng bị ngỗng rượt chạy té sấp mặt luôn , nhiều khi nghĩ sợ nó dí hơn sợ mẹ đánh","tự nhiên nhớ đến hồi bé , đi kiểu nào cũng bị ngỗng rượt chạy té sấp mặt luôn , nhiều khi nghĩ sợ nó dí hơn sợ mẹ đánh",fear,fear,1
uit_004770,kinh khủng thật :((,kinh khủng thật :((,fear,fear,1
uit_002763,trông rợn vãi :)),trông rợn vãi :)),fear,fear,1
uit_004962,ông mặt trời dễ thương hha,ông mặt trời dễ thương hha,enjoyment,happiness,2
uit_001995,per trai hay gái thì vẫn thấy tữn như thường kk,per trai hay gái thì vẫn thấy tữn như thường kk,enjoyment,happiness,2
uit_002398,khổ tâm ghê =)),khổ tâm ghê =)),sadness,sadness,3
uit_000776,t ngắm người yêu tao cười mà càng ngắm tao càng yêu lúc giận cơ nhìn muốn cắn cho mấy phát tao bị cuồng người yêu rồi cái,t ngắm người yêu tao cười mà càng ngắm tao càng yêu lúc giận cơ nhìn muốn cắn cho mấy phát tao bị cuồng người yêu rồi cái,enjoyment,happiness,2
uit_003163,"bộ phim này xem rất sướng . và rút ra được khám phá là thứ tuyệt vời nhất chứ không phải bằng cấp . giá như mấy ông "" bộ "" và mấy ông "" ngành "" dành thời gian xem phim này một lần .","bộ phim này xem rất sướng . và rút ra được khám phá là thứ tuyệt vời nhất chứ không phải bằng cấp . giá như mấy ông "" bộ "" và mấy ông "" ngành "" dành thời gian xem phim này một lần .",enjoyment,happiness,2
uit_002923,buồn thay cho lớp tao,buồn thay cho lớp tao,sadness,sadness,3
uit_003043,điều quan trọng ở đây là mày cần sạc điện thoại kìa,điều quan trọng ở đây là mày cần sạc điện thoại kìa,other,neutral,4
uit_004076,per huhu mất đi đồng nghiệp 😭,per huhu mất đi đồng nghiệp 😭,sadness,sadness,3
uit_003752,hôm đấy bổn cung về quê báo hiếu cha mẹ .,hôm đấy bổn cung về quê báo hiếu cha mẹ .,enjoyment,happiness,2
uit_005222,đau ghê,đau ghê,sadness,sadness,3
uit_001744,"giờ đây chúng ta , những con người của ngày ấy giờ không còn nữa ... những lời nói về mai sau nhưng ta đâu ngờ sau này chúng ta càng trở lên xa lạ","giờ đây chúng ta , những con người của ngày ấy giờ không còn nữa ... những lời nói về mai sau nhưng ta đâu ngờ sau này chúng ta càng trở lên xa lạ",sadness,sadness,3
uit_004185,"con gái không thích con trai đầu hói , vì cưới về dễ nhầm đầu :d","con gái không thích con trai đầu hói , vì cưới về dễ nhầm đầu :d",enjoyment,happiness,2
uit_002809,đáng yêu như em tao ý . cứ mỗi lần nó quyết định ngủ ở đâu là nó lại đấu tranh tư tưởng 🤣🤣,đáng yêu như em tao ý . cứ mỗi lần nó quyết định ngủ ở đâu là nó lại đấu tranh tư tưởng 🤣🤣,enjoyment,happiness,2
uit_003763,xin lỗi đây mình vẫn nấu nhé,xin lỗi đây mình vẫn nấu nhé,enjoyment,happiness,2
uit_001681,đáng yêuc quad 🤤🤤🤤,đáng yêuc quad 🤤🤤🤤,enjoyment,happiness,2
uit_003719,nhờ cái bếp như này . mà hồi nhỏ tao suýt đốt cả nhà và bị chửi đó :((,nhờ cái bếp như này . mà hồi nhỏ tao suýt đốt cả nhà và bị chửi đó :((,sadness,sadness,3
uit_000591,"thấy bình sữa của em thấy ham quá , chị sinh em bé chả có sữa gì hết .","thấy bình sữa của em thấy ham quá , chị sinh em bé chả có sữa gì hết .",sadness,sadness,3
uit_004260,mẹ tao vừa đọc xong còn tag tên tao vào . bọn mày có cách nào trưa nay không về nhà mà vẫn có tiền ăn cơm không chỉ tao với,mẹ tao vừa đọc xong còn tag tên tao vào . bọn mày có cách nào trưa nay không về nhà mà vẫn có tiền ăn cơm không chỉ tao với,fear,fear,1
uit_004986,nhớ đến lại buồn . chuyện tình chúng ta chẳng đi được đến đâu cả,nhớ đến lại buồn . chuyện tình chúng ta chẳng đi được đến đâu cả,sadness,sadness,3
uit_001026,"đã dùng , nhớ quá ngày xưa","đã dùng , nhớ quá ngày xưa",enjoyment,happiness,2
uit_000735,em này xinh vãi các bác ạ .,em này xinh vãi các bác ạ .,enjoyment,happiness,2
uit_004429,"tao buồn quá , tao đang khóc !!!","tao buồn quá , tao đang khóc !!!",sadness,sadness,3
uit_002892,per chị đã kịp đi chỗ này chưa ?,per chị đã kịp đi chỗ này chưa ?,other,neutral,4
uit_004485,cái nay nhận ra lâu roài . mà đi làm toàn gặp đồng nghiệp đáng yêu hi,cái nay nhận ra lâu roài . mà đi làm toàn gặp đồng nghiệp đáng yêu hi,enjoyment,happiness,2
uit_004738,bếp dầu một thời để nhớ,bếp dầu một thời để nhớ,other,neutral,4
uit_000165,như lol,như lol,anger,anger,0
uit_003683,móng này móc cua thì đỉnh 😹,móng này móc cua thì đỉnh 😹,enjoyment,happiness,2
uit_000843,tuyệt vời . aeon mall có khác,tuyệt vời . aeon mall có khác,enjoyment,happiness,2
uit_000923,per đó đi chơi nhiều dô hỏi sao da đen -.-,per đó đi chơi nhiều dô hỏi sao da đen -.-,other,neutral,4
uit_001451,chưa hoàn thiện hết đâu .,chưa hoàn thiện hết đâu .,other,neutral,4
uit_000439,thế là hết những gì đẹp nhất của nước pháp sao không phun nước cứ để cháy rần rật nhỉ,thế là hết những gì đẹp nhất của nước pháp sao không phun nước cứ để cháy rần rật nhỉ,sadness,sadness,3
uit_000095,dù có sống được mấy đời thì cũng nợ mẹ cha trọn cả mấy đời .,dù có sống được mấy đời thì cũng nợ mẹ cha trọn cả mấy đời .,sadness,sadness,3
uit_002177,bố đi đường mà sợ quá,bố đi đường mà sợ quá,fear,fear,1
uit_004432,vậy thì nói ngoài đời đi,vậy thì nói ngoài đời đi,other,neutral,4
uit_003092,per sao tội vạy em,per sao tội vạy em,sadness,sadness,3
uit_003354,quan trọng là họ quảng cáo nói có đúng không . hay là được ít năm hỏng thì mệt,quan trọng là họ quảng cáo nói có đúng không . hay là được ít năm hỏng thì mệt,other,neutral,4
uit_003854,"chạy tới đưa đồ cho nó , trượt chân té sấp mặt luôn","chạy tới đưa đồ cho nó , trượt chân té sấp mặt luôn",other,neutral,4
uit_000271,nhà có người già vui thật nhỉ 🤣👍,nhà có người già vui thật nhỉ 🤣👍,enjoyment,happiness,2
uit_004892,per hẹn xem phim này nữa nha mày 😛,per hẹn xem phim này nữa nha mày 😛,enjoyment,happiness,2
uit_001305,khác đéo gì . về thái độ lồi lõm nhìn muốn sút cho phát 🤬🤬,khác đéo gì . về thái độ lồi lõm nhìn muốn sút cho phát 🤬🤬,anger,anger,0
uit_003567,chỉ có trong truyền thuyết . mà khái niệm truyền thuyết trong ngữ văn lớp 6 là không có thật,chỉ có trong truyền thuyết . mà khái niệm truyền thuyết trong ngữ văn lớp 6 là không có thật,other,neutral,4
uit_004707,hí . dễ thương quá,hí . dễ thương quá,enjoyment,happiness,2
uit_001496,có chị em nào khu vực loc đi coi cùng mình không ...,có chị em nào khu vực loc đi coi cùng mình không ...,enjoyment,happiness,2
uit_001133,đốt cháy túi tiền thì ở nhà cho rồi . xem chi không biết,đốt cháy túi tiền thì ở nhà cho rồi . xem chi không biết,anger,anger,0
uit_000838,🤣🤣🤣🤣 bo tay chấm cơm . hahaha,🤣🤣🤣🤣 bo tay chấm cơm . hahaha,enjoyment,happiness,2
uit_000792,đm cười ĩa,đm cười ĩa,enjoyment,happiness,2
uit_003645,"mình đang thất tình đéo hiểu sao đi cafe còn toàn tận cùng nỗi nhớ , chạm đáy nỗi đau , đừng như thói quen ... dume :)","mình đang thất tình đéo hiểu sao đi cafe còn toàn tận cùng nỗi nhớ , chạm đáy nỗi đau , đừng như thói quen ... dume :)",sadness,sadness,3
uit_003223,nếu câu chuyện này được liệt kê vào danh sắc câu chuyện cảm động nhất trường thì câu chuyện của thư sẽ được liệt vào đâu đây 😂😂😂 per,nếu câu chuyện này được liệt kê vào danh sắc câu chuyện cảm động nhất trường thì câu chuyện của thư sẽ được liệt vào đâu đây 😂😂😂 per,other,neutral,4
uit_000877,per cảm ơn mọi người . do em thích mấy cái văn hoá tưng vùng để tìm hiểu,per cảm ơn mọi người . do em thích mấy cái văn hoá tưng vùng để tìm hiểu,enjoyment,happiness,2
uit_002131,"học chán phèo , chả có gì đáng nhớ","học chán phèo , chả có gì đáng nhớ",sadness,sadness,3
uit_001146,chia buồn cùng người dân và đất nước pháp,chia buồn cùng người dân và đất nước pháp,sadness,sadness,3
uit_000506,bà ta đâu cư xử như 1 người vợ đâu !,bà ta đâu cư xử như 1 người vợ đâu !,other,neutral,4
uit_004787,chất lượng âm thanh bản này hình như nghe hay hơn bản gốc hồi mấy năm trước nhiều < 3,chất lượng âm thanh bản này hình như nghe hay hơn bản gốc hồi mấy năm trước nhiều < 3,enjoyment,happiness,2
uit_004822,có ai không nghe thấy nói gì mà toàn xem hình người con gái ấy không 😂,có ai không nghe thấy nói gì mà toàn xem hình người con gái ấy không 😂,other,neutral,4
uit_000071,"kinh nghiệm được truyền lại là khi nào nấu xong bỏ tí "" tro "" vào lần sau không phải nấu 😊","kinh nghiệm được truyền lại là khi nào nấu xong bỏ tí "" tro "" vào lần sau không phải nấu 😊",enjoyment,happiness,2
uit_000504,moá nhìn rùng hết cả mình,moá nhìn rùng hết cả mình,fear,fear,1
uit_003187,per ru con để vợ đắp mặt nạ kìa ?? đúng là chồng người ta chưa bao giờ làm mình thất vọng ??,per ru con để vợ đắp mặt nạ kìa ?? đúng là chồng người ta chưa bao giờ làm mình thất vọng ??,enjoyment,happiness,2
uit_002106,thề cứ 1 lần trượt là tao cười to hơn 😆😆,thề cứ 1 lần trượt là tao cười to hơn 😆😆,enjoyment,happiness,2
uit_003665,t thề với mày là tối thấy cái này chắc đái con mẹ nó ra quần,t thề với mày là tối thấy cái này chắc đái con mẹ nó ra quần,fear,fear,1
uit_002738,mùa mưa đến sớm rồi huhu,mùa mưa đến sớm rồi huhu,sadness,sadness,3
uit_002987,nhiều lúc buồn đến nỗi coi những vid thế này . đéo thể cười nỗi .,nhiều lúc buồn đến nỗi coi những vid thế này . đéo thể cười nỗi .,sadness,sadness,3
uit_004531,bề ngoài tỏ ra cứng cỏi nhưng bên trong con chó đó luôn khao khát tình thương từ con người,bề ngoài tỏ ra cứng cỏi nhưng bên trong con chó đó luôn khao khát tình thương từ con người,other,neutral,4
uit_001104,thật buồn khi mình thịt vợ thang khác mà thằng khác thịt vợ tưong lai mình,thật buồn khi mình thịt vợ thang khác mà thằng khác thịt vợ tưong lai mình,sadness,sadness,3
uit_000833,"bếp lò xô nấu bằng dầu hôi đây mà ,!","bếp lò xô nấu bằng dầu hôi đây mà ,!",other,neutral,4
uit_000022,t gặp quả này thì bỏ xe mà chạy ??,t gặp quả này thì bỏ xe mà chạy ??,fear,fear,1
uit_002354,chuyên mục chọc chó cực mạnh à nhầm mèo kk,chuyên mục chọc chó cực mạnh à nhầm mèo kk,enjoyment,happiness,2
uit_000004,một lí do trog muôn vàn lí do,một lí do trog muôn vàn lí do,other,neutral,4
uit_000787,tao bị biến dạng luôn một tay,tao bị biến dạng luôn một tay,sadness,sadness,3
uit_002744,gặp được em nhưng sẽ chỉ quan tâm và bảo vệ em từ xa,gặp được em nhưng sẽ chỉ quan tâm và bảo vệ em từ xa,sadness,sadness,3
uit_000443,đợi chờ là hạnh phúc mong rằng hai nhà lãnh đạo trong lần gặp nhau sau sẽ tiến triển hơn nữa,đợi chờ là hạnh phúc mong rằng hai nhà lãnh đạo trong lần gặp nhau sau sẽ tiến triển hơn nữa,other,neutral,4
uit_003322,nhà nào nuôi nó mà ác thế,nhà nào nuôi nó mà ác thế,anger,anger,0
uit_001000,"moá nó , cười đau hết cả ruột","moá nó , cười đau hết cả ruột",enjoyment,happiness,2
uit_000364,tiền bạc là phù du ... nhiêu đó cho luôn 😂😂😂😂😂,tiền bạc là phù du ... nhiêu đó cho luôn 😂😂😂😂😂,other,neutral,4
uit_002823,chấm cho tôi lên top đi mà :v,chấm cho tôi lên top đi mà :v,other,neutral,4
uit_004556,"kéo bấc mòn cả tay , ma nghĩ lai thấy nhớ thời đó nhỉ 😂😂😂","kéo bấc mòn cả tay , ma nghĩ lai thấy nhớ thời đó nhỉ 😂😂😂",enjoyment,happiness,2
uit_002491,per hả dạ ghê mày !,per hả dạ ghê mày !,enjoyment,happiness,2
uit_004512,nằm võng đung đưa cho muỗi khỏi đốt,nằm võng đung đưa cho muỗi khỏi đốt,other,neutral,4
uit_002970,em đang ở đâu mà mấy năm rồi chưa thấy xuất hiện :),em đang ở đâu mà mấy năm rồi chưa thấy xuất hiện :),sadness,sadness,3
uit_002571,chúc mừng,chúc mừng,enjoyment,happiness,2
uit_003304,lại thêm một con ngáo bất hạnh,lại thêm một con ngáo bất hạnh,sadness,sadness,3
uit_003138,là mỗi buổi sáng thức dậy ta có thêm 1 ngày mới để yêu thương ❤️.,là mỗi buổi sáng thức dậy ta có thêm 1 ngày mới để yêu thương ❤️.,enjoyment,happiness,2
uit_001705,phải thế mới hết thối được,phải thế mới hết thối được,other,neutral,4
uit_004922,"gần 2 năm đến sớm nhất để mở cửa lớp , lúc về cũng là người là sau cùng để khóa cửa . đến giờ ra trường được 3 năm vẫn không muốn vứt chìa khóa của lớp ...","gần 2 năm đến sớm nhất để mở cửa lớp , lúc về cũng là người là sau cùng để khóa cửa . đến giờ ra trường được 3 năm vẫn không muốn vứt chìa khóa của lớp ...",sadness,sadness,3
uit_000585,cậu bạn mẫu giáo năm ấy chép bài cho tao để tao khỏi bị thẻ tay giờ đang nơi đâu ???,cậu bạn mẫu giáo năm ấy chép bài cho tao để tao khỏi bị thẻ tay giờ đang nơi đâu ???,sadness,sadness,3
uit_002187,nói chuyện yêuu thế đmaaaa ??,nói chuyện yêuu thế đmaaaa ??,enjoyment,happiness,2
uit_000244,tao buồn mấy năm nay rồi,tao buồn mấy năm nay rồi,sadness,sadness,3
uit_003095,hẳn là phạt 5 triệu luôn,hẳn là phạt 5 triệu luôn,other,neutral,4
uit_002579,bà nuốt quả chuối tao cười tao ẻ,bà nuốt quả chuối tao cười tao ẻ,enjoyment,happiness,2
uit_005116,aii may mắn thì có vị ngọt còn aii thiếu may mắn thì họ chỉ toàn gặp những vị cay vị đắng của đờii :)),aii may mắn thì có vị ngọt còn aii thiếu may mắn thì họ chỉ toàn gặp những vị cay vị đắng của đờii :)),sadness,sadness,3
uit_003725,ngáo nó có cắn đâu ??????,ngáo nó có cắn đâu ??????,other,neutral,4
uit_001303,lâu lâu mới có dịp ăn bánh trung thu mà gặp bán hàng halo thế này thì cho ế mẹ luôn không mua bán gì hết . xem ai bất hạnh hơn ?,lâu lâu mới có dịp ăn bánh trung thu mà gặp bán hàng halo thế này thì cho ế mẹ luôn không mua bán gì hết . xem ai bất hạnh hơn ?,anger,anger,0
uit_003397,per tìm ông bán xoài này ngay cho em 😂😂😂,per tìm ông bán xoài này ngay cho em 😂😂😂,enjoyment,happiness,2
uit_001227,nó giống tao ghê . gặp tao tao cũng chọn mày,nó giống tao ghê . gặp tao tao cũng chọn mày,enjoyment,happiness,2
uit_003639,trách ai bây giờ đây huhu,trách ai bây giờ đây huhu,sadness,sadness,3
uit_004557,"động lực là tình yêu . vì sau khi chia tay , tôi đã thấy mình vô dụng trong một thời gian dài .","động lực là tình yêu . vì sau khi chia tay , tôi đã thấy mình vô dụng trong một thời gian dài .",sadness,sadness,3
uit_000008,trời nắng nóng thế này mình muốn bán nước không biết thu nhập có cao không ạ :3,trời nắng nóng thế này mình muốn bán nước không biết thu nhập có cao không ạ :3,other,neutral,4
uit_002340,thế mới làm nên nghiệp lớn chứ,thế mới làm nên nghiệp lớn chứ,enjoyment,happiness,2
uit_003733,"lớp 2 xí mót được cái chong chóng , bán lại cho thằng hàng xóm 500d .","lớp 2 xí mót được cái chong chóng , bán lại cho thằng hàng xóm 500d .",enjoyment,happiness,2
uit_004966,ý tưởng hay 😂,ý tưởng hay 😂,enjoyment,happiness,2
uit_002062,tư cách của người hành nghề,tư cách của người hành nghề,other,neutral,4
uit_005227,bạn không có lỗi sinh ra trong nghèo khó nhưng nếu chết trong nghèo khó thì đó là lỗi của bạn,bạn không có lỗi sinh ra trong nghèo khó nhưng nếu chết trong nghèo khó thì đó là lỗi của bạn,other,neutral,4
uit_001790,dume mấy con nhãi danh . 😒,dume mấy con nhãi danh . 😒,anger,anger,0
uit_004554,hahaa nhìn mắc cười vãi per,hahaa nhìn mắc cười vãi per,enjoyment,happiness,2
uit_002005,t tin crush của tao không bị thịt vì tao đéo crush ai cả =)),t tin crush của tao không bị thịt vì tao đéo crush ai cả =)),enjoyment,happiness,2
uit_001614,dth quá haha,dth quá haha,enjoyment,happiness,2
uit_001563,béo tí đáng yêu mà =)),béo tí đáng yêu mà =)),enjoyment,happiness,2
uit_001947,lại khoe có người yêu - _ -,lại khoe có người yêu - _ -,other,neutral,4
uit_004031,anh ơi đây này per,anh ơi đây này per,other,neutral,4
uit_000069,các bạn đang bảo con này ah 😂😂😂,các bạn đang bảo con này ah 😂😂😂,other,neutral,4
uit_000048,"khổ thân người dân , trước dự án cao su là dự án cà phê , làm thêm dự án nữa coi như một đời bỏ phí","khổ thân người dân , trước dự án cao su là dự án cà phê , làm thêm dự án nữa coi như một đời bỏ phí",sadness,sadness,3
uit_003306,chỉ biết xem và ngậm ngùi lướt qua,chỉ biết xem và ngậm ngùi lướt qua,sadness,sadness,3
uit_002656,hàng cổ rồi anh ơi,hàng cổ rồi anh ơi,other,neutral,4
uit_003577,"kết nó ở cái câu "" đất nước gia lai là một đất nước giàu tài nguyên , có anh per ""😑","kết nó ở cái câu "" đất nước gia lai là một đất nước giàu tài nguyên , có anh per ""😑",enjoyment,happiness,2
uit_001172,"dume , phải con tao thì đéo bao giờ chúng mày có cơ hội xin lỗi luôn .","dume , phải con tao thì đéo bao giờ chúng mày có cơ hội xin lỗi luôn .",anger,anger,0
uit_001179,chuẩn không can chinh,chuẩn không can chinh,enjoyment,happiness,2
uit_003066,nếu ai cũng có ý thức tốt đẹp thì đất nước này còn gì để nói . đâu có ai hoàn toàn hoàn hảo đâu bạn . dù là moi tần lớp,nếu ai cũng có ý thức tốt đẹp thì đất nước này còn gì để nói . đâu có ai hoàn toàn hoàn hảo đâu bạn . dù là moi tần lớp,enjoyment,happiness,2
uit_001313,dễ thươnggg,dễ thươnggg,enjoyment,happiness,2
uit_004094,hihi : chúc mừng đại kỷ nguyên có lắm người yêu,hihi : chúc mừng đại kỷ nguyên có lắm người yêu,enjoyment,happiness,2
uit_001712,chứ sao mày không ngủ mà kêu tao ngủ,chứ sao mày không ngủ mà kêu tao ngủ,other,neutral,4
uit_000771,🙁 bị rớt tiền,🙁 bị rớt tiền,sadness,sadness,3
uit_002375,đồng nai mùa chim nướng yên xe kaka,đồng nai mùa chim nướng yên xe kaka,enjoyment,happiness,2
uit_000491,bà này bị âm đồ từ đêm qua đây mà ...,bà này bị âm đồ từ đêm qua đây mà ...,other,neutral,4
uit_003707,còn gì hạnh phúc hơn trong cuộc sống này ♥️,còn gì hạnh phúc hơn trong cuộc sống này ♥️,enjoyment,happiness,2
uit_000854,"em cũng đi lead này , nhưng đừng gọi em là ninja được không , xin luôn đấy","em cũng đi lead này , nhưng đừng gọi em là ninja được không , xin luôn đấy",sadness,sadness,3
uit_001756,anh này còn phim pk nữa rất hay và ý nghĩa,anh này còn phim pk nữa rất hay và ý nghĩa,enjoyment,happiness,2
uit_002871,tao mới mọc răng khôn huhu,tao mới mọc răng khôn huhu,sadness,sadness,3
uit_003759,nhìn cái bà này tôi chỉ muốn xoạc bà 1 cái . sao bà không là con trai nhỉ . ông trời quá là trêu người rồi,nhìn cái bà này tôi chỉ muốn xoạc bà 1 cái . sao bà không là con trai nhỉ . ông trời quá là trêu người rồi,sadness,sadness,3
uit_005149,"chuẩn luôn , áp lực công việc cũng không bằng mối quan hệ với đồng nghiệp","chuẩn luôn , áp lực công việc cũng không bằng mối quan hệ với đồng nghiệp",enjoyment,happiness,2
uit_002696,tao ngồi tao khóc 1 buổi ☹️,tao ngồi tao khóc 1 buổi ☹️,sadness,sadness,3
uit_004103,tôi làm trades . lương tôi không có .. chỉ có thu nhập thôi có tính là cao nhất việt nam không ??? tháng tôi kiếm từ 3000 - 5000,tôi làm trades . lương tôi không có .. chỉ có thu nhập thôi có tính là cao nhất việt nam không ??? tháng tôi kiếm từ 3000 - 5000,enjoyment,happiness,2
uit_000170,con tao mà bị như này . cả nhà bon kia không quỳ mà xin thì xác con mẹ định luôn,con tao mà bị như này . cả nhà bon kia không quỳ mà xin thì xác con mẹ định luôn,anger,anger,0
uit_001214,gv có tâm vãi 😂,gv có tâm vãi 😂,enjoyment,happiness,2
uit_002799,nguyên nhân là gì vậy ??,nguyên nhân là gì vậy ??,other,neutral,4
uit_001518,"tao sợ chó lắm .""","tao sợ chó lắm .""",fear,fear,1
uit_004193,không biết người của họ hay sao mà bắt heo 2 ngày trúng 2 cái ipx,không biết người của họ hay sao mà bắt heo 2 ngày trúng 2 cái ipx,other,neutral,4
uit_002260,đọc nhiều chuyện cổ tích vầy thấy yêu cuộc sống hẳn :)),đọc nhiều chuyện cổ tích vầy thấy yêu cuộc sống hẳn :)),enjoyment,happiness,2
uit_004146,"giọng nói , ngữ khí đi vào lòng người vãi . mắt chị gái đẹp thế 😻","giọng nói , ngữ khí đi vào lòng người vãi . mắt chị gái đẹp thế 😻",enjoyment,happiness,2
uit_005018,nuốt được cục tiền đó cũng hay đó ( y ),nuốt được cục tiền đó cũng hay đó ( y ),enjoyment,happiness,2
uit_005047,cười ỉa :)),cười ỉa :)),enjoyment,happiness,2
uit_000333,tao được thấy nói chuyện mắt của bố tao khi tao bệnh và khi tao lấy chồng,tao được thấy nói chuyện mắt của bố tao khi tao bệnh và khi tao lấy chồng,sadness,sadness,3
uit_002168,hình như sau boss bị chết ạ,hình như sau boss bị chết ạ,sadness,sadness,3
uit_001833,per nhớ thật sự,per nhớ thật sự,other,neutral,4
uit_003816,"vợ người ta chưa bao giờ làm tôi thất vọng , còn vợ tôi thì ..... đi hết 1 / 3 cuộc đời rồi vẫn chưa tìm thấy 😓","vợ người ta chưa bao giờ làm tôi thất vọng , còn vợ tôi thì ..... đi hết 1 / 3 cuộc đời rồi vẫn chưa tìm thấy 😓",sadness,sadness,3
uit_002642,những người thương tôi không phải buồn vì tôi mà là tự hào vì tôi,những người thương tôi không phải buồn vì tôi mà là tự hào vì tôi,enjoyment,happiness,2
uit_001078,hai bác học nghiêm túc ghê :))),hai bác học nghiêm túc ghê :))),enjoyment,happiness,2
uit_000326,cuộc đời bà đã nấu hơn 50 nồi bánh chưng rồi nhưng bà chưa bao giờ thấy ai cắt tóc ngắn đi mà xinh như thế này các cháu ạ .,cuộc đời bà đã nấu hơn 50 nồi bánh chưng rồi nhưng bà chưa bao giờ thấy ai cắt tóc ngắn đi mà xinh như thế này các cháu ạ .,enjoyment,happiness,2
uit_004688,chắc chỉ có nhật mới vậy ở vn thì tôi không quan tâm ông mua bán ra sao được giá tao mua bán,chắc chỉ có nhật mới vậy ở vn thì tôi không quan tâm ông mua bán ra sao được giá tao mua bán,other,neutral,4
uit_002526,đcm ngôn tình vãiiii,đcm ngôn tình vãiiii,enjoyment,happiness,2
uit_003990,per kỷ niệm nè !!!,per kỷ niệm nè !!!,enjoyment,happiness,2
uit_001674,per vẽ đẹp cũng có thú vui của nó mày :)),per vẽ đẹp cũng có thú vui của nó mày :)),enjoyment,happiness,2
uit_000057,rồi khi mày có 1 ít tiền :)) mày mới phát hiện ra còn đéo cả có người đi cùng cơ,rồi khi mày có 1 ít tiền :)) mày mới phát hiện ra còn đéo cả có người đi cùng cơ,sadness,sadness,3
uit_000066,":)) đang ăn mỳ , không có trứng nhạt lắm , có rụnng thì xin vài quả !",":)) đang ăn mỳ , không có trứng nhạt lắm , có rụnng thì xin vài quả !",enjoyment,happiness,2
uit_003995,"ngồi xa ra đụ mẹ mày :""))","ngồi xa ra đụ mẹ mày :""))",anger,anger,0
uit_001677,phim này rất hay . tình cảm nhẹ nhàng . toàn zai đẹp . hehe,phim này rất hay . tình cảm nhẹ nhàng . toàn zai đẹp . hehe,enjoyment,happiness,2
uit_001340,"thằng bạn ngồi kế bên lớp 2 nhà bán vàng mà nó học dốt , thế là làm bình thường về nhà cho nó , 1 bài 2k , mồi ngày kiếm 8 - 10k 🤑","thằng bạn ngồi kế bên lớp 2 nhà bán vàng mà nó học dốt , thế là làm bình thường về nhà cho nó , 1 bài 2k , mồi ngày kiếm 8 - 10k 🤑",enjoyment,happiness,2
uit_004343,ừ ... ừ =))) dume cười gần chết :v,ừ ... ừ =))) dume cười gần chết :v,enjoyment,happiness,2
uit_004460,lớn quá rồi chẳng được mẹ mắng chửi nữa :3,lớn quá rồi chẳng được mẹ mắng chửi nữa :3,other,neutral,4
uit_001948,chưa có cơ hội nói cảm ơn và xin lỗi . vì chúng ta xứng đáng được bình yên,chưa có cơ hội nói cảm ơn và xin lỗi . vì chúng ta xứng đáng được bình yên,sadness,sadness,3
uit_002836,kẻ ô điểm lời phê :((,kẻ ô điểm lời phê :((,sadness,sadness,3
uit_000285,nghe mát lòng mát gan thế ????,nghe mát lòng mát gan thế ????,enjoyment,happiness,2
uit_002347,tao cũng muốn học vẽ lắm :( cơ mà không có điều kiện để đi học,tao cũng muốn học vẽ lắm :( cơ mà không có điều kiện để đi học,sadness,sadness,3
uit_002851,nếu người dân mà làm thế này thì phải truy cứu trách nhiệm hình sự,nếu người dân mà làm thế này thì phải truy cứu trách nhiệm hình sự,other,neutral,4
uit_004843,làm người khác thỏa mãn bằng mùi hương của chính bản thân,làm người khác thỏa mãn bằng mùi hương của chính bản thân,enjoyment,happiness,2
uit_004244,tao không biết tao đủ ổn để đi học thêm không nữa,tao không biết tao đủ ổn để đi học thêm không nữa,fear,fear,1
uit_001056,môn này đéo dành cho những người chân ngắn như tao :) bay qua chắc lọt mẹ xuống sông ^^,môn này đéo dành cho những người chân ngắn như tao :) bay qua chắc lọt mẹ xuống sông ^^,fear,fear,1
uit_001096,có khi nào kết hôn xong nó giết lấy tiền bảo hiểm không,có khi nào kết hôn xong nó giết lấy tiền bảo hiểm không,fear,fear,1
uit_001953,làm tao liên tưởng đển phượng hoàng cổ trấn :))),làm tao liên tưởng đển phượng hoàng cổ trấn :))),enjoyment,happiness,2
uit_000335,chia buồn với gã lưng gù 😥😢,chia buồn với gã lưng gù 😥😢,sadness,sadness,3
uit_001782,dume cà rốt bố đéo thèm nhé !,dume cà rốt bố đéo thèm nhé !,anger,anger,0
uit_000033,đéo được tích sự gì 😂,đéo được tích sự gì 😂,anger,anger,0
uit_002464,per mình đi xem phim này nha em ơi,per mình đi xem phim này nha em ơi,enjoyment,happiness,2
uit_003151,rất biết cách ngồi đấy nhỉ ????,rất biết cách ngồi đấy nhỉ ????,other,neutral,4
uit_000421,"nhổ tóc sâu cho bố , hình như được 500đ để mua kẹo dồi 😂","nhổ tóc sâu cho bố , hình như được 500đ để mua kẹo dồi 😂",enjoyment,happiness,2
uit_002195,mặc cái váy thì phải cạp lông lách chứ :))),mặc cái váy thì phải cạp lông lách chứ :))),other,neutral,4
uit_003083,mình chỉ nói đến cơ hội việc làm thôi chứ không bàn luận gì về việc ông ấy là người như thế nào bạn nhé ??,mình chỉ nói đến cơ hội việc làm thôi chứ không bàn luận gì về việc ông ấy là người như thế nào bạn nhé ??,other,neutral,4
uit_001460,nguy hiểm lắm,nguy hiểm lắm,fear,fear,1
uit_005008,các chàng trai của tôi về đến nhà chưa ??,các chàng trai của tôi về đến nhà chưa ??,other,neutral,4
uit_004709,ngoài mấy phim về vật lý ra thì phim nào của ấn cũng có những ý nghĩa sâu sắc .,ngoài mấy phim về vật lý ra thì phim nào của ấn cũng có những ý nghĩa sâu sắc .,enjoyment,happiness,2
uit_004072,"tao đã từng bị , gào thét không 1 ai quan tâm . 1 lũ hơn chục thằng con trai đến bây giờ nhìn mặt lại từng thằng tao vẫn căm . hôm đó tao xuýt chết đuối đmm lũ lol nghiệt súc ấy vẫn chưa bị quả báo","tao đã từng bị , gào thét không 1 ai quan tâm . 1 lũ hơn chục thằng con trai đến bây giờ nhìn mặt lại từng thằng tao vẫn căm . hôm đó tao xuýt chết đuối đmm lũ lol nghiệt súc ấy vẫn chưa bị quả báo",anger,anger,0
uit_002029,thế sao tao hát tệ thế này,thế sao tao hát tệ thế này,other,neutral,4
uit_003337,còn không ngồi xuống dọn phụ em nó mà ngồi bấm điện thoại,còn không ngồi xuống dọn phụ em nó mà ngồi bấm điện thoại,anger,anger,0
uit_004963,vậy nên cứ lờ đi mà sống tiếp,vậy nên cứ lờ đi mà sống tiếp,other,neutral,4
uit_003234,hic hic mình còn chả bao giờ được giận lại ấy chứ :((,hic hic mình còn chả bao giờ được giận lại ấy chứ :((,sadness,sadness,3
uit_005242,chỉ dân đen là khổ thôi . chả trách được họ khi cố gắng đi tìm may mắn ở nơi chùa chiền,chỉ dân đen là khổ thôi . chả trách được họ khi cố gắng đi tìm may mắn ở nơi chùa chiền,sadness,sadness,3
uit_004806,t chắc bỏ nhà ra đi khi ở với bố mẹ kiểu này quá . vẫn may bố mẹ tao không hề giống này tí nào,t chắc bỏ nhà ra đi khi ở với bố mẹ kiểu này quá . vẫn may bố mẹ tao không hề giống này tí nào,enjoyment,happiness,2
uit_004380,huhu xem mà muốn khóc vãi,huhu xem mà muốn khóc vãi,sadness,sadness,3
uit_002134,"coi 3 lần mà vẫn cười , phim hay nhân vật dễ thương","coi 3 lần mà vẫn cười , phim hay nhân vật dễ thương",enjoyment,happiness,2
uit_000873,người ghép có tâm 😁😁,người ghép có tâm 😁😁,enjoyment,happiness,2
uit_000125,thật may em đã gặp được người tài xế tốt 🌸🌸,thật may em đã gặp được người tài xế tốt 🌸🌸,enjoyment,happiness,2
uit_004493,t phải tìm bạn trai là nhiếp ảnh gia mới được 😆,t phải tìm bạn trai là nhiếp ảnh gia mới được 😆,enjoyment,happiness,2
uit_004887,per dạo này béo quá rùi :(,per dạo này béo quá rùi :(,sadness,sadness,3
uit_004331,"ngày hôm ấy , buổi học cuối ... tao bị 2 thg bạn rủ cúp học chơi net :))","ngày hôm ấy , buổi học cuối ... tao bị 2 thg bạn rủ cúp học chơi net :))",other,neutral,4
uit_003980,bạn có bố thật hạnh phúc,bạn có bố thật hạnh phúc,enjoyment,happiness,2
uit_004911,chú nghĩ cháu rất giỏi văn và là người có suy nghĩ trưởng thành rồi 💐 rất đáng yêu và tếu giống mấy con giặc nhà chú ❤️,chú nghĩ cháu rất giỏi văn và là người có suy nghĩ trưởng thành rồi 💐 rất đáng yêu và tếu giống mấy con giặc nhà chú ❤️,enjoyment,happiness,2
uit_004591,"nên chọn thằng không học bổng , vì thằng đó giàu hơn","nên chọn thằng không học bổng , vì thằng đó giàu hơn",other,neutral,4
uit_002208,ba ́ o giâ ̣ tao ti ́ tao la ̀ mày hoa ̉ người loa ̣ n ngươ ̀ i dân . haizzz,ba ́ o giâ ̣ tao ti ́ tao la ̀ mày hoa ̉ người loa ̣ n ngươ ̀ i dân . haizzz,sadness,sadness,3
uit_002225,"tao có một nỗi sợ khác cũng khá giống con yêu tinh này đó là con yêu nghiệt ngan đực :3 con này thành tinh hung ác vãi_chưởng , đi ra vườn đéo làm gì nó , nó cũng rượt mình . đậu ! đó là tao kể ngày bé thôi =) chứ lớn lên tao biết vơ cây củi theo để đi ra vườn rồi =))","tao có một nỗi sợ khác cũng khá giống con yêu tinh này đó là con yêu nghiệt ngan đực :3 con này thành tinh hung ác vãi_chưởng , đi ra vườn đéo làm gì nó , nó cũng rượt mình . đậu ! đó là tao kể ngày bé thôi =) chứ lớn lên tao biết vơ cây củi theo để đi ra vườn rồi =))",fear,fear,1
uit_003992,có 1 đứa hợp tác vậy là cũg quý hoá quá rồi,có 1 đứa hợp tác vậy là cũg quý hoá quá rồi,enjoyment,happiness,2
uit_003700,toàn “ nam thanh nữ tú ” mở mồm ra nói hay như sách giáo khoa . hành động thì như con c ..,toàn “ nam thanh nữ tú ” mở mồm ra nói hay như sách giáo khoa . hành động thì như con c ..,anger,anger,0
uit_000588,em đừng đi tập gym em nhé . bth em đã mê trai lắm rồi . em mà đi tập nữa chị không biết em như thế nào luôn 😢 per,em đừng đi tập gym em nhé . bth em đã mê trai lắm rồi . em mà đi tập nữa chị không biết em như thế nào luôn 😢 per,fear,fear,1
uit_002300,thiệt là dễ thương quá đi mất . 💕,thiệt là dễ thương quá đi mất . 💕,enjoyment,happiness,2
uit_000970,page rẻ rách đĩ mẹ tao bỏ theo dõi súc sinh cận bả xã hội dcm 18 đời nhà mày :),page rẻ rách đĩ mẹ tao bỏ theo dõi súc sinh cận bả xã hội dcm 18 đời nhà mày :),anger,anger,0
uit_001504,"đm tao quăng bể mẹ nó cái màn hình , chó admin - _ -","đm tao quăng bể mẹ nó cái màn hình , chó admin - _ -",anger,anger,0
uit_000180,nhìn ma tiếc từng hạt trân châu,nhìn ma tiếc từng hạt trân châu,sadness,sadness,3
uit_004113,nhớ nhé đồng nghiệp haha,nhớ nhé đồng nghiệp haha,enjoyment,happiness,2
uit_005034,mày nói thôi mà tao nghĩ cũng thấy buồn rồi :(((,mày nói thôi mà tao nghĩ cũng thấy buồn rồi :(((,sadness,sadness,3
uit_001230,khúc cuối cười lộn ruột,khúc cuối cười lộn ruột,enjoyment,happiness,2
uit_002158,nàng ấy chả yêu ta gì cả,nàng ấy chả yêu ta gì cả,sadness,sadness,3
uit_004622,nụ cười của tôi thiên thần vãi,nụ cười của tôi thiên thần vãi,enjoyment,happiness,2
uit_001938,nhiều lúc ngáo ngáo thoải mái đến mức người yêu cũng đéo bằng nó và đến khi nó thổ lộ tình cảm thì tao đéo tin :v,nhiều lúc ngáo ngáo thoải mái đến mức người yêu cũng đéo bằng nó và đến khi nó thổ lộ tình cảm thì tao đéo tin :v,enjoyment,happiness,2
uit_004456,"ai chả có lúc nóng , quan trọng sự kiềm chế của bạn như nào thôi","ai chả có lúc nóng , quan trọng sự kiềm chế của bạn như nào thôi",other,neutral,4
uit_001742,ông lại tự phức tạp hóa vấn đề lên thôi :v,ông lại tự phức tạp hóa vấn đề lên thôi :v,other,neutral,4
uit_005267,địt mẹ đời tao,địt mẹ đời tao,sadness,sadness,3
uit_004740,định tag anh vào nhưng chợt nhớ ra làm gì có anh nào 😑,định tag anh vào nhưng chợt nhớ ra làm gì có anh nào 😑,sadness,sadness,3
uit_004951,"mày làm tao nhớ em gái ghê , mai sinh nhật con bé rồi mà tao đang đi làm xa nhà , không về được .......... 😑","mày làm tao nhớ em gái ghê , mai sinh nhật con bé rồi mà tao đang đi làm xa nhà , không về được .......... 😑",sadness,sadness,3
uit_001390,gặp tao cũng thế :))),gặp tao cũng thế :))),enjoyment,happiness,2
uit_004953,chỉ cần nghĩ tới cảnh đó là máu kinh sôi trào như núi lửa 😂😂😂,chỉ cần nghĩ tới cảnh đó là máu kinh sôi trào như núi lửa 😂😂😂,anger,anger,0
uit_002298,cây như cổ chân thì sao năng xuất . cại đủ tiền công không mà chia,cây như cổ chân thì sao năng xuất . cại đủ tiền công không mà chia,other,neutral,4
uit_002894,không biết thật không nhỉ =)),không biết thật không nhỉ =)),enjoyment,happiness,2
uit_000434,đọc cái mà cười rớt cả hàm .... cuộc đọ sức giữa xe lửa và ô tô,đọc cái mà cười rớt cả hàm .... cuộc đọ sức giữa xe lửa và ô tô,enjoyment,happiness,2
uit_001643,đáng yêu mà sợ gì,đáng yêu mà sợ gì,enjoyment,happiness,2
uit_002908,trời đánh tránh miếng ăn,trời đánh tránh miếng ăn,other,neutral,4
uit_005207,hài vãi :))),hài vãi :))),enjoyment,happiness,2
uit_004510,"dân vũng tàu có khác , toàn người nhân cách cao","dân vũng tàu có khác , toàn người nhân cách cao",enjoyment,happiness,2
uit_001478,thế em ăn anh được không ?,thế em ăn anh được không ?,other,neutral,4
uit_000998,"ai thì tao không biết , chứ tao thấy tiền là đã có động lực phấn đấu rồi","ai thì tao không biết , chứ tao thấy tiền là đã có động lực phấn đấu rồi",enjoyment,happiness,2
uit_001333,per huhuu không biết lúc đấy thực tập chưa :(((,per huhuu không biết lúc đấy thực tập chưa :(((,sadness,sadness,3
uit_001810,nhìn vậy nhớ ông ngoại quá 😞,nhìn vậy nhớ ông ngoại quá 😞,sadness,sadness,3
uit_002247,mình chỉ quan tâm cái quần bạn chồng mặc màu hường hình cô gái ????,mình chỉ quan tâm cái quần bạn chồng mặc màu hường hình cô gái ????,other,neutral,4
uit_004649,k cần chuyển cũng sắp đi rồi admin ạ,k cần chuyển cũng sắp đi rồi admin ạ,other,neutral,4
uit_004854,"đỉnh rồi , hiệu ứng tốt :))) ấn tượng vãi_chưởng luôn","đỉnh rồi , hiệu ứng tốt :))) ấn tượng vãi_chưởng luôn",enjoyment,happiness,2
uit_003069,"tôi xin nhắc lại , đây là một câu chuyện buồn","tôi xin nhắc lại , đây là một câu chuyện buồn",sadness,sadness,3
uit_000448,khổ nhất người có bầu,khổ nhất người có bầu,sadness,sadness,3
uit_001714,tao sẽ chỉ tự an ủi là đấy chỉ có trong phim truỵên ngôn tình :),tao sẽ chỉ tự an ủi là đấy chỉ có trong phim truỵên ngôn tình :),sadness,sadness,3
uit_000261,đẹp đôi vãi 🤩,đẹp đôi vãi 🤩,enjoyment,happiness,2
uit_003488,đúng là nhân tài luôn ở khắp mọi nơi kkkk,đúng là nhân tài luôn ở khắp mọi nơi kkkk,enjoyment,happiness,2
uit_003904,đm rơi mẹ điện thoại xuống đất 🙃,đm rơi mẹ điện thoại xuống đất 🙃,other,neutral,4
uit_001197,"bảo không ly hôn cơ mà 😑, dma chơi nhau à","bảo không ly hôn cơ mà 😑, dma chơi nhau à",anger,anger,0
uit_003806,dume đồng nghiệp gặp hlin thì chỉ muốn nghỉ thôi,dume đồng nghiệp gặp hlin thì chỉ muốn nghỉ thôi,anger,anger,0
uit_004228,"tao là trùm nấu cơm kiểu này rồi ,, còn bây giờ mất điện thi nấu bằng bếp ga :))","tao là trùm nấu cơm kiểu này rồi ,, còn bây giờ mất điện thi nấu bằng bếp ga :))",enjoyment,happiness,2
uit_002730,rõ ràng vẫn là một người mà cắt tóc xong nhìn đáng yêu vãi :v,rõ ràng vẫn là một người mà cắt tóc xong nhìn đáng yêu vãi :v,enjoyment,happiness,2
uit_000190,per tao cứ thấy giống giống mày :))))),per tao cứ thấy giống giống mày :))))),enjoyment,happiness,2
uit_002382,hãm lol thật sự 😒,hãm lol thật sự 😒,anger,anger,0
uit_003564,cái này là cái gì thế .,cái này là cái gì thế .,other,neutral,4
uit_003937,đơn giản là thấy họ cười 😂😂,đơn giản là thấy họ cười 😂😂,enjoyment,happiness,2
uit_002315,nguyễn thị hồng phấn cũng may tao không thấy cặp nao hêtd,nguyễn thị hồng phấn cũng may tao không thấy cặp nao hêtd,sadness,sadness,3
uit_004368,qua rằm mới phải đi học haha =))))),qua rằm mới phải đi học haha =))))),enjoyment,happiness,2
uit_003987,chuẩn 😏😏😏,chuẩn 😏😏😏,enjoyment,happiness,2
uit_004292,nhện thông minh quá per,nhện thông minh quá per,enjoyment,happiness,2
uit_003124,"má , mặt đúng ngáo luôn 😂","má , mặt đúng ngáo luôn 😂",enjoyment,happiness,2
uit_002893,"per thấy chế thủ sẵn hộp mặt nạ rồi thì phải . tim em mong manh lắm , đừng để em hoạng sợ nhá chị ??","per thấy chế thủ sẵn hộp mặt nạ rồi thì phải . tim em mong manh lắm , đừng để em hoạng sợ nhá chị ??",fear,fear,1
uit_004993,lò xo chắc giờ không còn nữa rồi,lò xo chắc giờ không còn nữa rồi,sadness,sadness,3
uit_003068,nhìn qua ảnh thôi cũng thích =)),nhìn qua ảnh thôi cũng thích =)),enjoyment,happiness,2
uit_004731,mẹ nó cái trang nhổn làm . bố mới thay kính cường lực hôm qua mà bể rồi . mẹ chúng mày,mẹ nó cái trang nhổn làm . bố mới thay kính cường lực hôm qua mà bể rồi . mẹ chúng mày,anger,anger,0
uit_000163,per anh tặng vợ cái bát nha kaka,per anh tặng vợ cái bát nha kaka,enjoyment,happiness,2
uit_001946,bà xinh thật sự ❤️,bà xinh thật sự ❤️,enjoyment,happiness,2
uit_002036,ngày nào cũng bị tụi siêu thị hành không dưới 10 lần,ngày nào cũng bị tụi siêu thị hành không dưới 10 lần,other,neutral,4
uit_004395,"một đời chẳng mong phải nhà lầu 4 tầng , xe hơi hàng tỉ , chỉ mong người đàn ông đi cùng mình đến cuối đời sẽ luôn nâng niu yêu thương mình 😊","một đời chẳng mong phải nhà lầu 4 tầng , xe hơi hàng tỉ , chỉ mong người đàn ông đi cùng mình đến cuối đời sẽ luôn nâng niu yêu thương mình 😊",enjoyment,happiness,2
uit_001095,mai người ta đi học mai tao đi du lịch ố la la =))))))))))))),mai người ta đi học mai tao đi du lịch ố la la =))))))))))))),enjoyment,happiness,2
uit_000818,cười lộn ruột,cười lộn ruột,enjoyment,happiness,2
uit_003176,per làm gì quên được kkkkk,per làm gì quên được kkkkk,enjoyment,happiness,2
uit_000469,buồn cô lắm,buồn cô lắm,sadness,sadness,3
uit_005066,ưng dã man luôn,ưng dã man luôn,enjoyment,happiness,2
uit_000275,"ờ phải rồi , nói hay lắm . đến lúc nó đậu trước cửa nhà mình cả ngày xem có nhảy lên như khỉ đỏ đít không ?","ờ phải rồi , nói hay lắm . đến lúc nó đậu trước cửa nhà mình cả ngày xem có nhảy lên như khỉ đỏ đít không ?",anger,anger,0
uit_001818,chổ mình là miền núi nên là không nấu bằng rơm nhé,chổ mình là miền núi nên là không nấu bằng rơm nhé,other,neutral,4
uit_003342,đẻ sao mà cu con đẹp quá vậy trời 😍,đẻ sao mà cu con đẹp quá vậy trời 😍,enjoyment,happiness,2
uit_000555,kể mà nó biết cử độg vẫy vẫy nữa thì tuyệt con mẹ nó vời ??????,kể mà nó biết cử độg vẫy vẫy nữa thì tuyệt con mẹ nó vời ??????,other,neutral,4
uit_005106,bà mẹ nó giật mình,bà mẹ nó giật mình,fear,fear,1
uit_003860,bốc phốt khách thế không sợ mất khách à bác ??,bốc phốt khách thế không sợ mất khách à bác ??,other,neutral,4
uit_001501,ngày nào cũng ngủ với mẹ rồi mà vẫn còn tiếc :))))),ngày nào cũng ngủ với mẹ rồi mà vẫn còn tiếc :))))),enjoyment,happiness,2
uit_001564,tag cái đứa bạn nghĩ nó nên gia nhập hội này ;),tag cái đứa bạn nghĩ nó nên gia nhập hội này ;),other,neutral,4
uit_002222,ăn cơm mốc có khả năng bị ung thư gan cao . hít,ăn cơm mốc có khả năng bị ung thư gan cao . hít,sadness,sadness,3
uit_000287,sợ đến lúc đó muốn lấy vợ phải sang nước khác nhập khẩu về quá,sợ đến lúc đó muốn lấy vợ phải sang nước khác nhập khẩu về quá,fear,fear,1
uit_001306,mấy con gà bị lừa mà đéo biết .,mấy con gà bị lừa mà đéo biết .,other,neutral,4
uit_000862,"nhìn mặt đã thấy hãm , mọi người chửi bỏ mẹ con mẹ phụ huynh đi","nhìn mặt đã thấy hãm , mọi người chửi bỏ mẹ con mẹ phụ huynh đi",anger,anger,0
uit_001276,per bất nghờ bốc cháy,per bất nghờ bốc cháy,other,neutral,4
uit_002124,😔😔 hành động nhỏ v thôi thì cũng ấm lòng rồi ... nói thôi cũng vuii rồi ... 😝😝,😔😔 hành động nhỏ v thôi thì cũng ấm lòng rồi ... nói thôi cũng vuii rồi ... 😝😝,enjoyment,happiness,2
uit_004524,"cảm giác này vừa bực mình , vừa bất lực , là cái vất vả của nông thôn như tao , chứ đéo thấy buồn cười đâu","cảm giác này vừa bực mình , vừa bất lực , là cái vất vả của nông thôn như tao , chứ đéo thấy buồn cười đâu",anger,anger,0
uit_003825,trò này cũng nguy hiểm chết người đừng đùa theo mà mang họa,trò này cũng nguy hiểm chết người đừng đùa theo mà mang họa,fear,fear,1
uit_004269,t chốg mắt lên xem chúg mày mặn nồg đến bao giờ 🙃,t chốg mắt lên xem chúg mày mặn nồg đến bao giờ 🙃,other,neutral,4
uit_002429,nhớ lúc trước tao cũng có học quyền và múa tứ linh đao bay thẳng vào trán . :),nhớ lúc trước tao cũng có học quyền và múa tứ linh đao bay thẳng vào trán . :),sadness,sadness,3
uit_000477,cảm động quá hjxhjx,cảm động quá hjxhjx,sadness,sadness,3
uit_001511,cái này phải hơn 20 năm rồi . lần đầu không biết canh lửa nên cơm khét hoài 🤣🤣🤣🤣🤣,cái này phải hơn 20 năm rồi . lần đầu không biết canh lửa nên cơm khét hoài 🤣🤣🤣🤣🤣,enjoyment,happiness,2
uit_001207,đừng trách anh vô tình vì em đã vô tâm,đừng trách anh vô tình vì em đã vô tâm,other,neutral,4
uit_000347,"thanh diễm giờ tao hiểu tại sao cứ sáng vô là tao trông tới đi về , đầu tuần trông tới cuối tuần và đầu tháng trông tới cuối tháng rồi 🤣🤣🤣🤭","thanh diễm giờ tao hiểu tại sao cứ sáng vô là tao trông tới đi về , đầu tuần trông tới cuối tuần và đầu tháng trông tới cuối tháng rồi 🤣🤣🤣🤭",enjoyment,happiness,2
uit_003316,ra sông mò đồng xu cùng ông anh hàng xóm được khoản kếch xù :))),ra sông mò đồng xu cùng ông anh hàng xóm được khoản kếch xù :))),enjoyment,happiness,2
uit_002052,giọng không nhìn màn hình tao tưởng là ông bà già nào trên 60 tuổi đang nói á .,giọng không nhìn màn hình tao tưởng là ông bà già nào trên 60 tuổi đang nói á .,other,neutral,4
uit_001428,"ba cái đồ yêu , 1 ngày 2 lần nấu đây , ngon bá cháy bọ chét nhé , thơm mùi khói nữa …","ba cái đồ yêu , 1 ngày 2 lần nấu đây , ngon bá cháy bọ chét nhé , thơm mùi khói nữa ...",enjoyment,happiness,2
uit_003199,bếp thiiêu chân mày,bếp thiiêu chân mày,other,neutral,4
uit_001424,năm nay chạnh lòng quá . haizz,năm nay chạnh lòng quá . haizz,sadness,sadness,3
uit_003465,"chắc tại từ nhỏ tới lớn mình "" man "" quá nên không gặp được gã nào ga lăng dư này :(","chắc tại từ nhỏ tới lớn mình "" man "" quá nên không gặp được gã nào ga lăng dư này :(",sadness,sadness,3
uit_001180,liên quan đéo gì . trung thu tết đoàn viên gia đình chứ đoàn viên người yêu đéo đâu .,liên quan đéo gì . trung thu tết đoàn viên gia đình chứ đoàn viên người yêu đéo đâu .,anger,anger,0
uit_003545,không biết crush có thích uống nước mắm không để còn tặng nàng chai nam ngư 900ml :)),không biết crush có thích uống nước mắm không để còn tặng nàng chai nam ngư 900ml :)),enjoyment,happiness,2
uit_001080,mấy đứa chân ngắn qua sao,mấy đứa chân ngắn qua sao,sadness,sadness,3
uit_004409,giữa dòng đời này chắc mỗi mình mình xin list nhạc :3,giữa dòng đời này chắc mỗi mình mình xin list nhạc :3,other,neutral,4
uit_001234,"nếu chiếc xe đỗ giữa cửa nhà tôi như trong hình của thớt tôi hoàn toàn không có cảm giác gì , kể cả ngày nào cũng vậy luôn .","nếu chiếc xe đỗ giữa cửa nhà tôi như trong hình của thớt tôi hoàn toàn không có cảm giác gì , kể cả ngày nào cũng vậy luôn .",other,neutral,4
uit_004330,vàng chắng bây giờ thành chắng tay ! em bình phước đây ! em hiểu cái này hơn các bác nhiều đó !,vàng chắng bây giờ thành chắng tay ! em bình phước đây ! em hiểu cái này hơn các bác nhiều đó !,other,neutral,4
uit_002574,ước gì ba còn sống để làm điều đó với má . nhớ ba ❤️,ước gì ba còn sống để làm điều đó với má . nhớ ba ❤️,sadness,sadness,3
uit_000803,10 đứa bạn thì có 9 đứa là con trai rồi . sau nhiều năm kinh nghiệm thì chơi với nhiều trai thì sẽ bị ế muôn đời muôn kiếp . haizaaa ...,10 đứa bạn thì có 9 đứa là con trai rồi . sau nhiều năm kinh nghiệm thì chơi với nhiều trai thì sẽ bị ế muôn đời muôn kiếp . haizaaa ...,sadness,sadness,3
uit_000938,kiểu lâu lâu cũng không được nhắn tin cho ai như thế nên cũng muốn tình cảm xíu =)))) biết đâu,kiểu lâu lâu cũng không được nhắn tin cho ai như thế nên cũng muốn tình cảm xíu =)))) biết đâu,enjoyment,happiness,2
uit_000126,cho con được thay ông bán vé đi 😔,cho con được thay ông bán vé đi 😔,sadness,sadness,3
uit_002657,yêu quá hóa điên 🤣,yêu quá hóa điên 🤣,enjoyment,happiness,2
uit_000334,mày ăn cứt hay sao ngu thế hả,mày ăn cứt hay sao ngu thế hả,anger,anger,0
uit_000913,:))) có thật nhiều tiền là vui,:))) có thật nhiều tiền là vui,enjoyment,happiness,2
uit_004628,ra viện tăng chục cân :)),ra viện tăng chục cân :)),enjoyment,happiness,2
uit_004788,mặt chúng bạn kiểu lại đéo được trả tiền rồi 😞,mặt chúng bạn kiểu lại đéo được trả tiền rồi 😞,sadness,sadness,3
uit_001797,per được đi thi chưa babe 😂,per được đi thi chưa babe 😂,enjoyment,happiness,2
uit_001391,"cái quá phơi lúa xong mưa , tao đang cười vì bà béo thì phải ngậm mồm .","cái quá phơi lúa xong mưa , tao đang cười vì bà béo thì phải ngậm mồm .",enjoyment,happiness,2
uit_004973,tuy chưa viết hết nhưng tao người khác sẽ hiểu là viết cái gì,tuy chưa viết hết nhưng tao người khác sẽ hiểu là viết cái gì,enjoyment,happiness,2
uit_001277,chuẩn kkk 😁,chuẩn kkk 😁,enjoyment,happiness,2
uit_002454,per bảo này mày không được đi chơi đêm nhé,per bảo này mày không được đi chơi đêm nhé,other,neutral,4
uit_002458,coi mà hồi hộp vãi 😂😂😂... nghỉ tới khúc nó nhảy trượt rớt xún chắc bó chửi banh nóc ... v,coi mà hồi hộp vãi 😂😂😂... nghỉ tới khúc nó nhảy trượt rớt xún chắc bó chửi banh nóc ... v,enjoyment,happiness,2
uit_002466,"mọe , chúng mày có thôi đi không ? :)","mọe , chúng mày có thôi đi không ? :)",anger,anger,0
uit_003502,"per tôn lợp nhà mà đẹo zai thế đấy , lại toàn 6 múi nữa chứ ...","per tôn lợp nhà mà đẹo zai thế đấy , lại toàn 6 múi nữa chứ ...",enjoyment,happiness,2
uit_004422,chắc thôi tao đéo ra đường luôn :))) sợ vãi,chắc thôi tao đéo ra đường luôn :))) sợ vãi,fear,fear,1
uit_002813,cầu này chỉ dành cho những ai chân dài thì đúng hơn 🙂,cầu này chỉ dành cho những ai chân dài thì đúng hơn 🙂,other,neutral,4
uit_001901,"per 😥 cảm thấy tội lỗi quá , từ nay không chụp nữa thiệt luôn","per 😥 cảm thấy tội lỗi quá , từ nay không chụp nữa thiệt luôn",sadness,sadness,3
uit_000074,nhìn thương quá ... lao động nghiêm túc,nhìn thương quá ... lao động nghiêm túc,enjoyment,happiness,2
uit_001366,bố là số 1 vĩ đại hơn những gì con cần,bố là số 1 vĩ đại hơn những gì con cần,enjoyment,happiness,2
uit_002964,per chuyện cổ tích nè ! haha !,per chuyện cổ tích nè ! haha !,enjoyment,happiness,2
uit_001510,các mày trốn đi bọn chủ tịch đang đến kìa 😨😨😨,các mày trốn đi bọn chủ tịch đang đến kìa 😨😨😨,fear,fear,1
uit_000413,lúc đấy là mình mình cũng lắng liền rồi chắc trào nước mắt mất,lúc đấy là mình mình cũng lắng liền rồi chắc trào nước mắt mất,sadness,sadness,3
uit_002601,không muốn yêu ai cả,không muốn yêu ai cả,fear,fear,1
uit_004812,thích :)))) đi làm vui hay không là có đồng nghiệp tốt đừng chơi xấu mình là được :)),thích :)))) đi làm vui hay không là có đồng nghiệp tốt đừng chơi xấu mình là được :)),enjoyment,happiness,2
uit_001224,"nghĩ đến cảnh mặc áo là cảm thấy mất cả tuổi thanh xuân , chưa kể là lúc ngứa thì gãi kiểu gì 😂😂","nghĩ đến cảnh mặc áo là cảm thấy mất cả tuổi thanh xuân , chưa kể là lúc ngứa thì gãi kiểu gì 😂😂",enjoyment,happiness,2
uit_001422,có tâm mới có tầm haha,có tâm mới có tầm haha,enjoyment,happiness,2
uit_003813,"thật sự mình rất thích bạn này , xem phim mỗi tập cứ canh đúng cảnh có bạn ý , dễ thương quá 😗😚😚😚😚😚","thật sự mình rất thích bạn này , xem phim mỗi tập cứ canh đúng cảnh có bạn ý , dễ thương quá 😗😚😚😚😚😚",enjoyment,happiness,2
uit_001114,không có khúc rớt dt hả .. 😑,không có khúc rớt dt hả .. 😑,other,neutral,4
uit_002090,per chị ơi còn học được cả tiếng anh nữa luôn này :v hịn quá,per chị ơi còn học được cả tiếng anh nữa luôn này :v hịn quá,enjoyment,happiness,2
uit_000011,"bếp dầu , nhiều nhà vẫn dùng","bếp dầu , nhiều nhà vẫn dùng",other,neutral,4
uit_000663,chuột mà làm như người vậy .. ít hôm nó gặm cả rắn cả dây thì thấy mẹ ..,chuột mà làm như người vậy .. ít hôm nó gặm cả rắn cả dây thì thấy mẹ ..,fear,fear,1
uit_001784,"per vì ss thích coi nặn mụn , c cũng ráng coi hết và cái kết có hậu 😂😂","per vì ss thích coi nặn mụn , c cũng ráng coi hết và cái kết có hậu 😂😂",enjoyment,happiness,2
uit_002473,đáng yêu thế bà đẹp gê,đáng yêu thế bà đẹp gê,enjoyment,happiness,2
uit_003582,có những người đi qua đời bao nhiêu như 1 cơn gió vậy . vô tình nhìn lại . nó lại là quá khứ ...!,có những người đi qua đời bao nhiêu như 1 cơn gió vậy . vô tình nhìn lại . nó lại là quá khứ ...!,sadness,sadness,3
uit_000118,năm nay được nhận hoa và được ngồi nhìn người ta hạnh phúc,năm nay được nhận hoa và được ngồi nhìn người ta hạnh phúc,sadness,sadness,3
uit_005009,liệu có còn tồn tại cô gái nào chấp nhận một thằng vừa nghèo vừa xấu đặc biệt lại còn yếu sinh lý như tôi không,liệu có còn tồn tại cô gái nào chấp nhận một thằng vừa nghèo vừa xấu đặc biệt lại còn yếu sinh lý như tôi không,sadness,sadness,3
uit_005171,còn nhỏ mà đã như thế này lớn lên ai chịu được yêu chết đi được,còn nhỏ mà đã như thế này lớn lên ai chịu được yêu chết đi được,enjoyment,happiness,2
uit_003779,không ngờ tin nhắn riêng tư cũng phải kiêng nể nhắn tin để lỡ có bị chụp vẫn thấy chả sao,không ngờ tin nhắn riêng tư cũng phải kiêng nể nhắn tin để lỡ có bị chụp vẫn thấy chả sao,fear,fear,1
uit_001027,đơn giản 🙂,đơn giản 🙂,enjoyment,happiness,2
uit_000079,"per tặng quà cáp gì tặng hộp nhỏ thôi nha . đi hát hò gì đừng đem thùng quà to như vậy nha , nó biết nó nhổ trụi lông nó ngắt mép chết đó :((","per tặng quà cáp gì tặng hộp nhỏ thôi nha . đi hát hò gì đừng đem thùng quà to như vậy nha , nó biết nó nhổ trụi lông nó ngắt mép chết đó :((",fear,fear,1
uit_002546,bọn này không phải là người . cho đi tù hết . chỉ sợ nó có tiền nó bịt miệng thôi,bọn này không phải là người . cho đi tù hết . chỉ sợ nó có tiền nó bịt miệng thôi,anger,anger,0
uit_000706,yêu dã man kkk,yêu dã man kkk,enjoyment,happiness,2
uit_000196,ăn cả thế giới đã,ăn cả thế giới đã,other,neutral,4
uit_000999,":)))) cuộc sống mà . ngày càng thấy bản thân quá nhạt và "" duyên "" :v",":)))) cuộc sống mà . ngày càng thấy bản thân quá nhạt và "" duyên "" :v",sadness,sadness,3
uit_002899,lấy vợ xong béo quá rồi . hình như ai cũng v à 🙃,lấy vợ xong béo quá rồi . hình như ai cũng v à 🙃,sadness,sadness,3
uit_001200,"thâ ̣ tao ra thi ̀ nê ́ u 1 thă ̀ người con trai no ́ yêu mày va ̀ coi tro ̣ người mày , câ ̀ n mày thi ̀ mày co ́ qua ́ i thai thê ́ na ̀ o no ́ cu ̃ người chi ̣ u đươ ̣ c va ̀ cô ́ gă ́ người la ̀ mày mày vui 🙂","thâ ̣ tao ra thi ̀ nê ́ u 1 thă ̀ người con trai no ́ yêu mày va ̀ coi tro ̣ người mày , câ ̀ n mày thi ̀ mày co ́ qua ́ i thai thê ́ na ̀ o no ́ cu ̃ người chi ̣ u đươ ̣ c va ̀ cô ́ gă ́ người la ̀ mày mày vui 🙂",enjoyment,happiness,2
uit_001484,khó hiểu lắm,khó hiểu lắm,other,neutral,4
uit_002026,mình chụp mấy lần liền chả thấy bác sĩ cho mặc lớp áo gì cả 😭😭😭,mình chụp mấy lần liền chả thấy bác sĩ cho mặc lớp áo gì cả 😭😭😭,sadness,sadness,3
uit_005042,đến ông cũng chẳng dám xơi,đến ông cũng chẳng dám xơi,fear,fear,1
uit_005097,dell hiểu sao ngày sưa tao có thể cầm nó trưen tay đi câu cá 😳😳😳 nhớ lại vẫn thấy ớn 😂,dell hiểu sao ngày sưa tao có thể cầm nó trưen tay đi câu cá 😳😳😳 nhớ lại vẫn thấy ớn 😂,fear,fear,1
uit_000015,"con chó đăng video , mày bị ngu à mà mỗi mẩu lại hiện chữ ăn cặc à","con chó đăng video , mày bị ngu à mà mỗi mẩu lại hiện chữ ăn cặc à",anger,anger,0
uit_004329,đến giờ tao vẫn chưa biết biển là cái gì ad ạ .,đến giờ tao vẫn chưa biết biển là cái gì ad ạ .,sadness,sadness,3
uit_004729,thì cứ cho nó đỗ xong bác gọi phường xuống giải quyết cho nó cẩu đi là xong :)),thì cứ cho nó đỗ xong bác gọi phường xuống giải quyết cho nó cẩu đi là xong :)),other,neutral,4
uit_004454,"bác khoe cái gì , em đây đi xe lăn nhé , xe đạp chỉ là ước mơ của em thôi","bác khoe cái gì , em đây đi xe lăn nhé , xe đạp chỉ là ước mơ của em thôi",other,neutral,4
uit_000517,chòi má nói chuyện tình vãi =)))),chòi má nói chuyện tình vãi =)))),enjoyment,happiness,2
uit_003900,pháp luật là bạn của nó rồi anh ah vì quen anh anh chị b trên quận ah nên em cũng sợ lắm ah :-(,pháp luật là bạn của nó rồi anh ah vì quen anh anh chị b trên quận ah nên em cũng sợ lắm ah :-(,fear,fear,1
uit_002882,tình chỉ đẹp khi còn dang dở lấy nhau rồi nham nhỉ lắm ai ơi ...,tình chỉ đẹp khi còn dang dở lấy nhau rồi nham nhỉ lắm ai ơi ...,sadness,sadness,3
uit_001427,"thao trường đổ mồ hôi để chiến trường đỡ đổ máu , ý thức từ bé đi 🙂","thao trường đổ mồ hôi để chiến trường đỡ đổ máu , ý thức từ bé đi 🙂",other,neutral,4
uit_003290,thô nhưg thật :)),thô nhưg thật :)),enjoyment,happiness,2
uit_001278,😂😂😂 nhìn và đợi chúng nó chia tay,😂😂😂 nhìn và đợi chúng nó chia tay,other,neutral,4
uit_002462,phần còn lại là nỗi nhớ và những lần thở dài :((,phần còn lại là nỗi nhớ và những lần thở dài :((,sadness,sadness,3
uit_001364,"thật là romantic , mà mà mà ... sao nghĩ tới cảnh động phòng hoa chúc tao thấy nhột nhột lỗ đít 😧😧","thật là romantic , mà mà mà ... sao nghĩ tới cảnh động phòng hoa chúc tao thấy nhột nhột lỗ đít 😧😧",fear,fear,1
uit_004042,đây là video hay và ý nghĩa 😊,đây là video hay và ý nghĩa 😊,enjoyment,happiness,2
uit_004523,xem video cu ̃ người cho ́ người hê ́ tao ca ̉ mă ̣ tao,xem video cu ̃ người cho ́ người hê ́ tao ca ̉ mă ̣ tao,sadness,sadness,3
uit_004022,"đù . tròn ung ủng , chân tay ngẵn cũn như tao nhảy sao","đù . tròn ung ủng , chân tay ngẵn cũn như tao nhảy sao",sadness,sadness,3
uit_005240,ây da 1 thời,ây da 1 thời,other,neutral,4
uit_004442,hỏi sao bác sĩ hay bị người nhà bệnh nhân chém :)),hỏi sao bác sĩ hay bị người nhà bệnh nhân chém :)),enjoyment,happiness,2
uit_000341,"có ai lần đầu bắn kéo ngược ra phía trước đạn bay vào mặt giống tao không , đau điếng","có ai lần đầu bắn kéo ngược ra phía trước đạn bay vào mặt giống tao không , đau điếng",sadness,sadness,3
uit_001670,ai sẽ chở tớ đi đâyy,ai sẽ chở tớ đi đâyy,other,neutral,4
uit_002313,"tao cũng nghĩ là vậy , chứ ở đó mà mừng rồi nuôi đẻ . bố mày không thích ăn sừng , phắng 🤣","tao cũng nghĩ là vậy , chứ ở đó mà mừng rồi nuôi đẻ . bố mày không thích ăn sừng , phắng 🤣",anger,anger,0
uit_000868,"trung thu là ngày cho trẻ em chứ đéo phải ngày tạo ra trẻ em nhé . dume bọn có gấu tém tém lại , kiểm tra xem có thêm cái sừng nào không ?","trung thu là ngày cho trẻ em chứ đéo phải ngày tạo ra trẻ em nhé . dume bọn có gấu tém tém lại , kiểm tra xem có thêm cái sừng nào không ?",anger,anger,0
uit_001740,cắt tóc xong rùi gội đầu xong tóc còn ướt ý nhìn đẹp trai lắm luôn ý,cắt tóc xong rùi gội đầu xong tóc còn ướt ý nhìn đẹp trai lắm luôn ý,enjoyment,happiness,2
uit_001166,tôi muốn có một mối tình bình dị .,tôi muốn có một mối tình bình dị .,other,neutral,4
uit_004950,1 năm lật tàu trật đường ray của vận tải đường sắt việt nam !,1 năm lật tàu trật đường ray của vận tải đường sắt việt nam !,other,neutral,4
uit_000936,lại là bài nhạc huyền thoại trong xe hơi :3,lại là bài nhạc huyền thoại trong xe hơi :3,other,neutral,4
uit_003716,"tại cái gậy thôi , còn đâu là vẫn đẹp","tại cái gậy thôi , còn đâu là vẫn đẹp",other,neutral,4
uit_005170,dume xem đi xem lại vẫn đéo thể nhịn được cười :v,dume xem đi xem lại vẫn đéo thể nhịn được cười :v,enjoyment,happiness,2
uit_002013,chúc mừng anh 👏👏👏 chúc anh may mắn . cố lênnnnn 💪💪💪,chúc mừng anh 👏👏👏 chúc anh may mắn . cố lênnnnn 💪💪💪,enjoyment,happiness,2
uit_001414,per má có điểm cho sướng vãi,per má có điểm cho sướng vãi,enjoyment,happiness,2
uit_005252,mỗi lần coi lại sởn gai ốc,mỗi lần coi lại sởn gai ốc,fear,fear,1
uit_004784,trời đụ thằng con trời đánh,trời đụ thằng con trời đánh,anger,anger,0
uit_000354,cái máy nghe nhạc nè,cái máy nghe nhạc nè,other,neutral,4
uit_001526,per tuổi thơ của mềnh đi học là lúc nào bạn tao cũng ngồi trên và khi nào múa giờ ra chơi cũng múa chung với mềnh 😅😅😅,per tuổi thơ của mềnh đi học là lúc nào bạn tao cũng ngồi trên và khi nào múa giờ ra chơi cũng múa chung với mềnh 😅😅😅,enjoyment,happiness,2
uit_002256,tao ấn tượng anh đầm hường ghê 😂,tao ấn tượng anh đầm hường ghê 😂,enjoyment,happiness,2
uit_001128,t nghĩ thằng châu phi kia nó rất nhiều tiền,t nghĩ thằng châu phi kia nó rất nhiều tiền,other,neutral,4
uit_003981,ý thức 😂,ý thức 😂,other,neutral,4
uit_002950,giun xào đĩa luộc là ngon ngay 😂😂😂,giun xào đĩa luộc là ngon ngay 😂😂😂,enjoyment,happiness,2
uit_003778,"per lại nhớ chiều nay , buồn cười sấp mặt luôn . :v dù mệt nhưng ngày nào tan làm cũng muốn được đèo đưa đi ăn kem , ăn đồ chua , ăn miến trộn như hôm nay cerrrr :v","per lại nhớ chiều nay , buồn cười sấp mặt luôn . :v dù mệt nhưng ngày nào tan làm cũng muốn được đèo đưa đi ăn kem , ăn đồ chua , ăn miến trộn như hôm nay cerrrr :v",enjoyment,happiness,2
uit_001189,ôi không đừng vậy mà :((,ôi không đừng vậy mà :((,sadness,sadness,3
uit_004191,đó là cuộc sống của mỗi người .. mình phải tôn trọng nhau thôi,đó là cuộc sống của mỗi người .. mình phải tôn trọng nhau thôi,other,neutral,4
uit_002475,nhói lòng lớp tôi,nhói lòng lớp tôi,sadness,sadness,3
uit_000521,tiên sư bố nhà mày . tao chịu hết nổi rồi nhé 🤤,tiên sư bố nhà mày . tao chịu hết nổi rồi nhé 🤤,anger,anger,0
uit_000260,cái giọng anh quay phim nghe ngọt quá 😘😘,cái giọng anh quay phim nghe ngọt quá 😘😘,enjoyment,happiness,2
uit_000750,ở miền nam nó vẫn không được giá như trước nhưng cũng dư giả,ở miền nam nó vẫn không được giá như trước nhưng cũng dư giả,other,neutral,4
uit_005258,được cái công tác truyền thông tốt,được cái công tác truyền thông tốt,enjoyment,happiness,2
uit_005016,không cướp ở đâu đi cướp ngân hàng của nhà nước 🤣🤣🤣🤣,không cướp ở đâu đi cướp ngân hàng của nhà nước 🤣🤣🤣🤣,enjoyment,happiness,2
uit_001936,thêm cả trò mắt mèo khốn nạn nữa,thêm cả trò mắt mèo khốn nạn nữa,anger,anger,0
uit_002255,nhờ đó mà tôi cảm thấy nhẹ nhõm và trở nên mạnh mẽ,nhờ đó mà tôi cảm thấy nhẹ nhõm và trở nên mạnh mẽ,enjoyment,happiness,2
uit_003184,"dm tuổi thơ tao lại toàn ba thằng hãm lol , độc chép bài .... đùa đùa đéo cho chép chúng nó chửi sấp mặt luôn ☹️","dm tuổi thơ tao lại toàn ba thằng hãm lol , độc chép bài .... đùa đùa đéo cho chép chúng nó chửi sấp mặt luôn ☹️",anger,anger,0
uit_003036,đỉ lol đè chết mẹ đi . hát cái lol,đỉ lol đè chết mẹ đi . hát cái lol,anger,anger,0
uit_002974,"theo mình thì không nên vì định kiến xã hội quá khắc nghiệt , họ sẽ bị tổn thương và nghĩ quẩn","theo mình thì không nên vì định kiến xã hội quá khắc nghiệt , họ sẽ bị tổn thương và nghĩ quẩn",fear,fear,1
uit_001298,bình tĩnh vãi_chưởng =)),bình tĩnh vãi_chưởng =)),enjoyment,happiness,2
uit_000161,"tỉ năm mới thấy cười một lần người gì đâu mà khó cười đến thế 🤨 chả bù cho mình , lúc đéo nào cũng cười , cuộc sống tràn ngập niềm vui < 3","tỉ năm mới thấy cười một lần người gì đâu mà khó cười đến thế 🤨 chả bù cho mình , lúc đéo nào cũng cười , cuộc sống tràn ngập niềm vui < 3",enjoyment,happiness,2
uit_005264,giờ cắt bộ móng đi cái tay vẫn cứ bị phế khó mà phục hồi được,giờ cắt bộ móng đi cái tay vẫn cứ bị phế khó mà phục hồi được,sadness,sadness,3
uit_000013,"thời buổi bây chừ chuyện gì cũng có thể xảy ra , vậy nên thôi trất , đừng nên tin ai","thời buổi bây chừ chuyện gì cũng có thể xảy ra , vậy nên thôi trất , đừng nên tin ai",fear,fear,1
uit_003565,loz chúng nó là 1 đội . chứ dám chêu người lạ . dm bố mày sút không trượt phát lào,loz chúng nó là 1 đội . chứ dám chêu người lạ . dm bố mày sút không trượt phát lào,anger,anger,0
uit_002030,chỉ cần 1 cây hoa . nói lên tất cả .. hi,chỉ cần 1 cây hoa . nói lên tất cả .. hi,enjoyment,happiness,2
uit_003701,thân là người yêu mình mong cậu có thể giống được như đôi mặc áo nâu ❤️,thân là người yêu mình mong cậu có thể giống được như đôi mặc áo nâu ❤️,enjoyment,happiness,2
uit_002283,thực ra ngoài mày nó còn quan tâm nhiều đứa nữa,thực ra ngoài mày nó còn quan tâm nhiều đứa nữa,other,neutral,4
uit_004247,per 1 thời mệ nội kho thịt ngon hí,per 1 thời mệ nội kho thịt ngon hí,enjoyment,happiness,2
uit_004342,"a nói là anh làm ngay đấy , các chú đừng đùa với anh 😂","a nói là anh làm ngay đấy , các chú đừng đùa với anh 😂",enjoyment,happiness,2
uit_003712,kích thích vãi,kích thích vãi,enjoyment,happiness,2
uit_001989,per ngóng cuộc đấu tranh công nghệ này . tq đồng lòng ghê nhỉ,per ngóng cuộc đấu tranh công nghệ này . tq đồng lòng ghê nhỉ,sadness,sadness,3
uit_000340,"tui ở tuy hòa , phú yên mà chả nhận ra luôn .","tui ở tuy hòa , phú yên mà chả nhận ra luôn .",sadness,sadness,3
uit_001008,đéo tin gì cả 😑,đéo tin gì cả 😑,other,neutral,4
uit_004123,thứ mất dạy,thứ mất dạy,anger,anger,0
uit_003266,"mấy thằng ngáo để cho chết mẹ nó đi cho xã hội yên bình , quan tâm làm gì","mấy thằng ngáo để cho chết mẹ nó đi cho xã hội yên bình , quan tâm làm gì",anger,anger,0
uit_005153,nếu 1 ngày per theo thằng khác và per cũng có bỏ bạn mà đi thôi huhu,nếu 1 ngày per theo thằng khác và per cũng có bỏ bạn mà đi thôi huhu,sadness,sadness,3
uit_005099,"cũng nhờ thầy khắt khe uốn nén bỏ thói hư tật xấu , bây giờ mỗi lần họp lớp đều nhắc tới thầy và vô cùng kính trọng","cũng nhờ thầy khắt khe uốn nén bỏ thói hư tật xấu , bây giờ mỗi lần họp lớp đều nhắc tới thầy và vô cùng kính trọng",enjoyment,happiness,2
uit_003782,"mong là chuyện không có thật , chứ có thật thì đau lòng vãi ra 😪😪","mong là chuyện không có thật , chứ có thật thì đau lòng vãi ra 😪😪",sadness,sadness,3
uit_000806,đag bị cuồng mấy video của chế này . ai có ngoài video này tag cho mình xem với nhé 😂😂,đag bị cuồng mấy video của chế này . ai có ngoài video này tag cho mình xem với nhé 😂😂,enjoyment,happiness,2
uit_000841,cái loại ngu si này nên nhốt nó tù chung thân lao động công ích cho nhà tù để giúp ích lại những cái nó đã phá hoại,cái loại ngu si này nên nhốt nó tù chung thân lao động công ích cho nhà tù để giúp ích lại những cái nó đã phá hoại,anger,anger,0
uit_003846,mặt ô kia khát nước nhìn buồn cườ thế 😂😂,mặt ô kia khát nước nhìn buồn cườ thế 😂😂,enjoyment,happiness,2
uit_000424,đang tập hát 😶😶 hay thật 😔😔,đang tập hát 😶😶 hay thật 😔😔,enjoyment,happiness,2
uit_002666,đại học vui lắm cậu :)) weeee,đại học vui lắm cậu :)) weeee,enjoyment,happiness,2
uit_002640,ỏ đáng yêu =))),ỏ đáng yêu =))),enjoyment,happiness,2
uit_001266,cho nó cắn phát xem có thành spider man không 😂,cho nó cắn phát xem có thành spider man không 😂,enjoyment,happiness,2
uit_000779,"những thứ tưởng chừng như rất đẹp nhưng kbh được trọn vẹn , cuối cùng để lại chỉ là những kỉ niệm đã từng :))","những thứ tưởng chừng như rất đẹp nhưng kbh được trọn vẹn , cuối cùng để lại chỉ là những kỉ niệm đã từng :))",sadness,sadness,3
uit_004893,"đỡ mua 5k tiền sổ rồi , kaka","đỡ mua 5k tiền sổ rồi , kaka",enjoyment,happiness,2
uit_001665,bếp dầu lại nhớ thời sinh viên,bếp dầu lại nhớ thời sinh viên,other,neutral,4
uit_003844,ủa mắc gì gỡ fan cứng của em ? huhu,ủa mắc gì gỡ fan cứng của em ? huhu,sadness,sadness,3
uit_000738,có người đến gần cuối đời rồi vẫn còn khổ ! :(,có người đến gần cuối đời rồi vẫn còn khổ ! :(,sadness,sadness,3
uit_004006,đứt quả chuối trong mồm . đéo dám nghĩ kết quả lun,đứt quả chuối trong mồm . đéo dám nghĩ kết quả lun,fear,fear,1
uit_004190,per nó chỉ muốn biết bạn có nhu cầu làm áo lớp hay không thôi,per nó chỉ muốn biết bạn có nhu cầu làm áo lớp hay không thôi,other,neutral,4
uit_000707,"chỉ là nghe bạn nói , chẳng thấy bằng chứng đâu","chỉ là nghe bạn nói , chẳng thấy bằng chứng đâu",other,neutral,4
uit_004412,per về xem anh :v đái ra quần chuẩn mẹ rồi,per về xem anh :v đái ra quần chuẩn mẹ rồi,fear,fear,1
uit_000435,cần tìm gấp bạn trai đáng yêuc như anh này trời đất ơi =)),cần tìm gấp bạn trai đáng yêuc như anh này trời đất ơi =)),enjoyment,happiness,2
uit_001870,sẽ gây sự chú ý . cố tình xuất hiện trước mặt nhưng giả vờ như không quan tâm 😚,sẽ gây sự chú ý . cố tình xuất hiện trước mặt nhưng giả vờ như không quan tâm 😚,other,neutral,4
uit_001242,quan trọng là có per luôn tạo độ khó game cho tôi :))) và không thể thiếu sự trợ giúp của các anh em trong team 😂,quan trọng là có per luôn tạo độ khó game cho tôi :))) và không thể thiếu sự trợ giúp của các anh em trong team 😂,enjoyment,happiness,2
uit_000351,t đi lộn lớp rồi,t đi lộn lớp rồi,other,neutral,4
uit_002815,nghe có trà sữa là thích rồi,nghe có trà sữa là thích rồi,enjoyment,happiness,2
uit_000821,rất có tố chất . liên đoàn xe đạp việt nam có thể liên hệ để đào tạo được đấy,rất có tố chất . liên đoàn xe đạp việt nam có thể liên hệ để đào tạo được đấy,enjoyment,happiness,2
uit_003177,nhìn thế thôi nhưng làm được video như này cũng khó lắm hay phết 🙂,nhìn thế thôi nhưng làm được video như này cũng khó lắm hay phết 🙂,other,neutral,4
uit_002864,thế mà cũng 5 năm rồi . ❤️,thế mà cũng 5 năm rồi . ❤️,enjoyment,happiness,2
uit_003661,e thắc mắc là cố gắng 1 năm mà rủi ro khách hàng hay bên nhà sx dây không cảm động là ăn cám ạ 😌,e thắc mắc là cố gắng 1 năm mà rủi ro khách hàng hay bên nhà sx dây không cảm động là ăn cám ạ 😌,sadness,sadness,3
uit_002995,con người chứ có phải con cặc đâu mà để nói hoài,con người chứ có phải con cặc đâu mà để nói hoài,anger,anger,0
uit_002129,"nó mừng kiểu nhảy vồ lên dơ đồ thôi , chứ dòng này gặp ai cũng mừng","nó mừng kiểu nhảy vồ lên dơ đồ thôi , chứ dòng này gặp ai cũng mừng",other,neutral,4
uit_001503,thề luôn con ngáo nó thích trêu mấy đứa sợ sợ như này =)),thề luôn con ngáo nó thích trêu mấy đứa sợ sợ như này =)),enjoyment,happiness,2
uit_004295,đời ghét nhất thể loại ăn chặn quỵt tiền người khác . nếu không hài lòng cách dạy thì trả tiền cho đủ rồi thôi . thời gian họ bỏ ra thiệt sự quá phí,đời ghét nhất thể loại ăn chặn quỵt tiền người khác . nếu không hài lòng cách dạy thì trả tiền cho đủ rồi thôi . thời gian họ bỏ ra thiệt sự quá phí,anger,anger,0
uit_002265,lúc nhỏ bà hàng xóm của tao bị dí chạy tới mức bã phải nhảy xuống sông bã lội trốn mà tụi nó cũng nhảy theo với bã 🤣,lúc nhỏ bà hàng xóm của tao bị dí chạy tới mức bã phải nhảy xuống sông bã lội trốn mà tụi nó cũng nhảy theo với bã 🤣,enjoyment,happiness,2
uit_001959,đúng là lợi ích kinh tế lâu dài .,đúng là lợi ích kinh tế lâu dài .,other,neutral,4
uit_001092,tôi đập cho toè cái mỏ lun nha,tôi đập cho toè cái mỏ lun nha,anger,anger,0
uit_004836,mấy anh thiệt là nóng bỏng !!,mấy anh thiệt là nóng bỏng !!,enjoyment,happiness,2
uit_001099,mưa lắm các con giời ở nhà ngủ cho khoẻ nhé .,mưa lắm các con giời ở nhà ngủ cho khoẻ nhé .,other,neutral,4
uit_004897,câu hỏi thú vị 😃😃😃,câu hỏi thú vị 😃😃😃,enjoyment,happiness,2
uit_001361,"màu này lạ quá , kết hợp hài hòa đẹp quá","màu này lạ quá , kết hợp hài hòa đẹp quá",other,neutral,4
uit_001254,cách này nhiều người áp dụng quá rồi :))),cách này nhiều người áp dụng quá rồi :))),enjoyment,happiness,2
uit_004315,không hiểu sao đoạn này rất kích thích trái tim hủ nữa của tao =)))),không hiểu sao đoạn này rất kích thích trái tim hủ nữa của tao =)))),enjoyment,happiness,2
uit_002800,còn tao vẫn nhớ ngày nhỏ cứ nghỉ học chủ nhật đi quét lá tre về nấu cơm,còn tao vẫn nhớ ngày nhỏ cứ nghỉ học chủ nhật đi quét lá tre về nấu cơm,enjoyment,happiness,2
uit_003186,cũng chỉ là tạm thời . chỉ khi nào nguồn nước bẩn thôi đổ vào sông thì mới đảm bảo được .,cũng chỉ là tạm thời . chỉ khi nào nguồn nước bẩn thôi đổ vào sông thì mới đảm bảo được .,other,neutral,4
uit_004100,cái gì vui vậy mọi người :)),cái gì vui vậy mọi người :)),enjoyment,happiness,2
uit_003134,per viêm màn túi cấp nghiêm trọng,per viêm màn túi cấp nghiêm trọng,sadness,sadness,3
uit_004535,ngôn lù thế hahaaa :))) đáng yêuc vãi,ngôn lù thế hahaaa :))) đáng yêuc vãi,enjoyment,happiness,2
uit_001706,thấy cái thèm ts quá,thấy cái thèm ts quá,enjoyment,happiness,2
uit_001246,"mỗi ngày đi làm về , tôi không vội vào thang ngay mà thường ngồi sảnh tầm 20p chỉ để ngắm gái xinh cùng tòa 😆.","mỗi ngày đi làm về , tôi không vội vào thang ngay mà thường ngồi sảnh tầm 20p chỉ để ngắm gái xinh cùng tòa 😆.",enjoyment,happiness,2
uit_002154,có những ngày mọi thứ nó bỗng ập đến,có những ngày mọi thứ nó bỗng ập đến,sadness,sadness,3
uit_002956,phim này là người cha zombie yêu thương con nè . xúc động quá 😢😢,phim này là người cha zombie yêu thương con nè . xúc động quá 😢😢,sadness,sadness,3
uit_001516,mệt như chó :3 nhưng mà hoan hỉ đầu năm đi xin lộc :v,mệt như chó :3 nhưng mà hoan hỉ đầu năm đi xin lộc :v,enjoyment,happiness,2
uit_000856,thề nhìn họ hôn nhau thôi mà nổi hết gai ốc . chưa dám nghĩ tới xxx . chắc thốn lắm . lạnh sống lưng thật .,thề nhìn họ hôn nhau thôi mà nổi hết gai ốc . chưa dám nghĩ tới xxx . chắc thốn lắm . lạnh sống lưng thật .,fear,fear,1
uit_001372,hồi lúc nhà tao nuôi mấy con ngỗng . mỗi lần đi ngang nó là nó đòi dí cắn mà trong khi tao là người cho nó ăn . thứ ngu như bò 😤😤,hồi lúc nhà tao nuôi mấy con ngỗng . mỗi lần đi ngang nó là nó đòi dí cắn mà trong khi tao là người cho nó ăn . thứ ngu như bò 😤😤,anger,anger,0
uit_004901,per giảm tốc ở bình dương tuổi gì với cái này .,per giảm tốc ở bình dương tuổi gì với cái này .,other,neutral,4
uit_004681,per cho chị vui vẻ từ 7h sáng đến 4h45 chiều chứ hả 😌😌😌,per cho chị vui vẻ từ 7h sáng đến 4h45 chiều chứ hả 😌😌😌,other,neutral,4
uit_003386,"nghe được đó , ảnh hưởng tới môi trường là phải cấm","nghe được đó , ảnh hưởng tới môi trường là phải cấm",other,neutral,4
uit_001430,"trung thi thì liên quan mẹ gì đến việc có gấu , tao thà ngồi nhà cho khỏe để xem mấy thằng đó dắt vợ của thằng khác đi chơi !!","trung thi thì liên quan mẹ gì đến việc có gấu , tao thà ngồi nhà cho khỏe để xem mấy thằng đó dắt vợ của thằng khác đi chơi !!",anger,anger,0
uit_004184,nhìn đáng yêu vãi :))),nhìn đáng yêu vãi :))),enjoyment,happiness,2
uit_004871,em ý cute vãi !,em ý cute vãi !,enjoyment,happiness,2
uit_005041,"tự nhiên thấy tụi con gái khóc tu tu , thế là mình lủi ra ghế đá trước lớp ngồi . tự nhiên cô dạy văn cũng ra theo xong ôm mình khóc ,","tự nhiên thấy tụi con gái khóc tu tu , thế là mình lủi ra ghế đá trước lớp ngồi . tự nhiên cô dạy văn cũng ra theo xong ôm mình khóc ,",sadness,sadness,3
uit_003029,đéo biết ! vợ tôi đéo cho nữa !,đéo biết ! vợ tôi đéo cho nữa !,anger,anger,0
uit_004074,"đến giờ , em vẫn đang đợi anh , người sẽ đúng và thời điểm sẽ đúng","đến giờ , em vẫn đang đợi anh , người sẽ đúng và thời điểm sẽ đúng",enjoyment,happiness,2
uit_001786,đúng là khổ trước sướng sau thế mới giàu =))),đúng là khổ trước sướng sau thế mới giàu =))),enjoyment,happiness,2
uit_003077,"bằng lòng với những gì mình đang có đi , trên thế giới có rất nhiều người không được như mình đâu","bằng lòng với những gì mình đang có đi , trên thế giới có rất nhiều người không được như mình đâu",other,neutral,4
uit_000427,vì yêu người khác nên biết là ngu nhưng vẫn làm :(,vì yêu người khác nên biết là ngu nhưng vẫn làm :(,sadness,sadness,3
uit_001373,per ê xem đi phim này lâu rồi nhưng mà hay lắm,per ê xem đi phim này lâu rồi nhưng mà hay lắm,enjoyment,happiness,2
uit_001015,"cái này dùng con kiến to to mới có vị chua , còn cái loại kiến này làm màu không tác dụng gì","cái này dùng con kiến to to mới có vị chua , còn cái loại kiến này làm màu không tác dụng gì",other,neutral,4
uit_002368,khi em nói 2 chữ muốn dừng là nước mắt không bao giờ ngưng . . . đau,khi em nói 2 chữ muốn dừng là nước mắt không bao giờ ngưng . . . đau,sadness,sadness,3
uit_002444,mắt 2 mí dễ thương quá,mắt 2 mí dễ thương quá,enjoyment,happiness,2
uit_001957,tự nhiên muốn có con 😐 dume,tự nhiên muốn có con 😐 dume,enjoyment,happiness,2
uit_004470,thế là đầu khấc mất vợ tương lai,thế là đầu khấc mất vợ tương lai,other,neutral,4
uit_002548,là crush ông nào thì chạy ra bế vào nhà dễ dàng có người yêu :),là crush ông nào thì chạy ra bế vào nhà dễ dàng có người yêu :),enjoyment,happiness,2
uit_001971,hay ý nghĩa sâu sắc 🙂,hay ý nghĩa sâu sắc 🙂,enjoyment,happiness,2
uit_004066,dẹp . đéo lưu luyến .,dẹp . đéo lưu luyến .,anger,anger,0
uit_001163,per mệt quá mấy con ơi,per mệt quá mấy con ơi,sadness,sadness,3
uit_002020,coi thôi cũng đủ nghiện rồi 💋,coi thôi cũng đủ nghiện rồi 💋,enjoyment,happiness,2
uit_000211,t thích nhìn mắt của crush hơn là nhìn nó cười,t thích nhìn mắt của crush hơn là nhìn nó cười,enjoyment,happiness,2
uit_003194,thiếu cái que chấm dầu là ổn 😂,thiếu cái que chấm dầu là ổn 😂,enjoyment,happiness,2
uit_004907,"bọn có tí quan hệ hay thích khoe , ngay chị gì quận phó quận x còn gọi cả công an , chủ tịch phường ra để dằn mặt dân ??","bọn có tí quan hệ hay thích khoe , ngay chị gì quận phó quận x còn gọi cả công an , chủ tịch phường ra để dằn mặt dân ??",anger,anger,0
uit_001429,tại ông bố bảo thủ hết,tại ông bố bảo thủ hết,other,neutral,4
uit_003221,"mới xem 1 đoạn xíu này mà cũng khóc hết hơi , nhìn em bé mất bố mà quay ra nhìn lại con mình đỏ hỏn nằm bên cạnh , thấy thương quá 😭","mới xem 1 đoạn xíu này mà cũng khóc hết hơi , nhìn em bé mất bố mà quay ra nhìn lại con mình đỏ hỏn nằm bên cạnh , thấy thương quá 😭",sadness,sadness,3
uit_001685,"đẹp quá mày , còn không cho tao xin ít","đẹp quá mày , còn không cho tao xin ít",enjoyment,happiness,2
uit_000304,ông trời cho mình lũ bạn cờ hó quá ấy mà :),ông trời cho mình lũ bạn cờ hó quá ấy mà :),enjoyment,happiness,2
uit_004323,đã trải qua và thấy chuẩn cơm má nấu,đã trải qua và thấy chuẩn cơm má nấu,enjoyment,happiness,2
uit_000656,lúc dỗi thì càng dễ thương hơn,lúc dỗi thì càng dễ thương hơn,enjoyment,happiness,2
uit_000499,"biết chỉ là phim thôi , xem con bé hôn bố lần cuối nước mắt tự rơi , híc híc","biết chỉ là phim thôi , xem con bé hôn bố lần cuối nước mắt tự rơi , híc híc",sadness,sadness,3
uit_003162,ewww mình chẳng giữ được gì huhu,ewww mình chẳng giữ được gì huhu,sadness,sadness,3
uit_001074,tao chả bao giờ làm thế,tao chả bao giờ làm thế,other,neutral,4
uit_000565,t đã soi gương suốt ngày chỉ để gặp crush và ngắm nụ cười tỏa nắng của nó,t đã soi gương suốt ngày chỉ để gặp crush và ngắm nụ cười tỏa nắng của nó,enjoyment,happiness,2
uit_005015,per xem xong hình như tao mới bị thêm bệnh tiểu đường,per xem xong hình như tao mới bị thêm bệnh tiểu đường,sadness,sadness,3
uit_000935,thằng nhỏ mạnh vãi,thằng nhỏ mạnh vãi,enjoyment,happiness,2
uit_002784,"ôi dume giật nảy mình , tí thì rơi điện thoại","ôi dume giật nảy mình , tí thì rơi điện thoại",fear,fear,1
uit_000928,"đi viện mà tưng tưng ăn uống được là tốt rồi , mừng mày sớm ra viện nhé cô","đi viện mà tưng tưng ăn uống được là tốt rồi , mừng mày sớm ra viện nhé cô",enjoyment,happiness,2
uit_002627,giống tao . nhưng cô ấy có hiểu đâu,giống tao . nhưng cô ấy có hiểu đâu,sadness,sadness,3
uit_003224,"tại giống nhau quá , nhưng đừng như người ta nha , nghĩ đến tự tử các thứ chẳng có gì là hay cả","tại giống nhau quá , nhưng đừng như người ta nha , nghĩ đến tự tử các thứ chẳng có gì là hay cả",sadness,sadness,3
uit_003736,t chưa được rơi vào hoàn cảnh này nên cũng không biết nữa,t chưa được rơi vào hoàn cảnh này nên cũng không biết nữa,other,neutral,4
uit_002043,"😔 tao không lấy chồng nữa , ở nhà nấu cơm cho mẹ , tao sợ lắm","😔 tao không lấy chồng nữa , ở nhà nấu cơm cho mẹ , tao sợ lắm",fear,fear,1
uit_003456,câu nói quá chuẩn và ý nghĩa 👍,câu nói quá chuẩn và ý nghĩa 👍,enjoyment,happiness,2
uit_005080,tuổi thơ bất hạnh .. học mẫu giáo mà cạnh trường học là 1 bầy ngỗng . sáng nào tao cũng được chạy bộ tập thể dục nhờ bọn nó,tuổi thơ bất hạnh .. học mẫu giáo mà cạnh trường học là 1 bầy ngỗng . sáng nào tao cũng được chạy bộ tập thể dục nhờ bọn nó,sadness,sadness,3
uit_000603,cuộc sống mà .. ghi không được thì thôi . sao mấy bạn chửi người ta dữ vậy,cuộc sống mà .. ghi không được thì thôi . sao mấy bạn chửi người ta dữ vậy,other,neutral,4
uit_003609,thời xưa yêu nhau đến chết vẫn yêu ... thời nay yêu không biết chết lúc nào 🤣 cuộc sống nay đáng sợ lắm 🤪,thời xưa yêu nhau đến chết vẫn yêu ... thời nay yêu không biết chết lúc nào 🤣 cuộc sống nay đáng sợ lắm 🤪,fear,fear,1
uit_001896,""" vậy là đủ tuổi ngồi tù rồi nhỉ ?"" , mặt anh rất tỉnh và đẹp zai =))",""" vậy là đủ tuổi ngồi tù rồi nhỉ ?"" , mặt anh rất tỉnh và đẹp zai =))",enjoyment,happiness,2
uit_000744,"những người trẻ với tấm lòng nhân hậu , các bạn thật đáng yêu .","những người trẻ với tấm lòng nhân hậu , các bạn thật đáng yêu .",enjoyment,happiness,2
uit_000056,cười sái mẹ quai hàm,cười sái mẹ quai hàm,enjoyment,happiness,2
uit_001062,:))) mình sướng mà mình không biết hưởng nhìn lại những mảnh đời bất hạnh mình nguối mặt thẹn gấp 100 lần,:))) mình sướng mà mình không biết hưởng nhìn lại những mảnh đời bất hạnh mình nguối mặt thẹn gấp 100 lần,sadness,sadness,3
uit_002863,per đem rác về nhà vứt luôn haha,per đem rác về nhà vứt luôn haha,enjoyment,happiness,2
uit_005091,mấy đứa thấy mình hiền nó làm tới hà .. quá đáng lắm luôn á !,mấy đứa thấy mình hiền nó làm tới hà .. quá đáng lắm luôn á !,anger,anger,0
uit_004873,củ cà rốt thôi mà cái mẹt đã vây nếu là miếng thịt thì không bít mẹt ra sao nhể 😂,củ cà rốt thôi mà cái mẹt đã vây nếu là miếng thịt thì không bít mẹt ra sao nhể 😂,other,neutral,4
uit_003090,tính ra con bé đó chuyên nghiệp ấy chứ,tính ra con bé đó chuyên nghiệp ấy chứ,enjoyment,happiness,2
uit_001545,đó là lý do tao chỉ muốn điện thoại là phương tiện liên lạc . không phảu phương tiện chứa đựng bí mật,đó là lý do tao chỉ muốn điện thoại là phương tiện liên lạc . không phảu phương tiện chứa đựng bí mật,other,neutral,4
uit_003988,một mình tao ăn hết 1 nồi lẩu từ lúc tối 😭,một mình tao ăn hết 1 nồi lẩu từ lúc tối 😭,sadness,sadness,3
uit_002056,"replay chục lần đoạn cuối , phê quá","replay chục lần đoạn cuối , phê quá",enjoyment,happiness,2
uit_003578,per tao không gửi cho mọi người . tao chỉ đăng lên facebook cho thiên hạ biết thôi :))),per tao không gửi cho mọi người . tao chỉ đăng lên facebook cho thiên hạ biết thôi :))),enjoyment,happiness,2
uit_002199,quan trọng là đỉnh ^.,quan trọng là đỉnh ^.,enjoyment,happiness,2
uit_001651,lâu lắm rồi mới nghe lại bài này 😀,lâu lắm rồi mới nghe lại bài này 😀,enjoyment,happiness,2
uit_001560,bó tay . lại khiển trách . rút kinh nghiệm,bó tay . lại khiển trách . rút kinh nghiệm,anger,anger,0
uit_000611,sợ ngỗng còn hơn sợ chó :))),sợ ngỗng còn hơn sợ chó :))),fear,fear,1
uit_001624,per bị phạt 10tr à c 🤣🤣,per bị phạt 10tr à c 🤣🤣,enjoyment,happiness,2
uit_001878,một cái tết nhiều tiền,một cái tết nhiều tiền,enjoyment,happiness,2
uit_003957,buồn cho số phận 😢,buồn cho số phận 😢,sadness,sadness,3
uit_003734,tôi khóc lun ... huhu,tôi khóc lun ... huhu,sadness,sadness,3
uit_002183,"per đi coi với tao , phim này hay nhất định phải coi","per đi coi với tao , phim này hay nhất định phải coi",enjoyment,happiness,2
uit_000766,"giơ cao đánh khẽ , cảnh cáo cho có lệ","giơ cao đánh khẽ , cảnh cáo cho có lệ",anger,anger,0
uit_003276,per tao thấy tao trong đó ahahahaha,per tao thấy tao trong đó ahahahaha,enjoyment,happiness,2
uit_002414,"có người cả đời ăn không hết lại có người thiếu ăn , thiếu mặc nhìn chán đời vãi","có người cả đời ăn không hết lại có người thiếu ăn , thiếu mặc nhìn chán đời vãi",sadness,sadness,3
uit_004846,con đường này chắc dành cho mấy người như tôi,con đường này chắc dành cho mấy người như tôi,enjoyment,happiness,2
uit_001337,"per 2ce thì có thể làm được , ly mà làm như vầy thì 🤣","per 2ce thì có thể làm được , ly mà làm như vầy thì 🤣",other,neutral,4
uit_004425,"cứ thấy nó là đi đường vòng , dù đường hơi xa vẫn đỡ hơn bị nó dí =)))","cứ thấy nó là đi đường vòng , dù đường hơi xa vẫn đỡ hơn bị nó dí =)))",fear,fear,1
uit_004459,con này nó nhờ thằng kia dọn mạng nhện ý mà có gì đâu,con này nó nhờ thằng kia dọn mạng nhện ý mà có gì đâu,other,neutral,4
uit_004801,đợt trước con em tao đi học cũng bị con kia hăm đòi đánh . tao lên tận trường kêu nó ra bảo mày muốn đánh tao cho tụi mày đánh đó . học sinh mà bố láo,đợt trước con em tao đi học cũng bị con kia hăm đòi đánh . tao lên tận trường kêu nó ra bảo mày muốn đánh tao cho tụi mày đánh đó . học sinh mà bố láo,anger,anger,0
uit_000157,hình như anh nay đóng phim ngây ngô thì fải ... phim đó hay lắm các bạn nên xem,hình như anh nay đóng phim ngây ngô thì fải ... phim đó hay lắm các bạn nên xem,enjoyment,happiness,2
uit_002843,clm đêm rồi tha cho tao 🙂 tao đéo muốn chạy xuống dưới nhà hoặc là nhịn đến sáng mai đâu 🙂 con gì thì con kệ mẹ 🙂 đừng nhắc đến nhện 🙂,clm đêm rồi tha cho tao 🙂 tao đéo muốn chạy xuống dưới nhà hoặc là nhịn đến sáng mai đâu 🙂 con gì thì con kệ mẹ 🙂 đừng nhắc đến nhện 🙂,fear,fear,1
uit_001945,bố mày đã sợ nhện rồi xem cái video này ... vãi đái :(((,bố mày đã sợ nhện rồi xem cái video này ... vãi đái :(((,fear,fear,1
uit_003833,công nhận già thật,công nhận già thật,other,neutral,4
uit_003731,ngầu vãi lìn luôn á :))),ngầu vãi lìn luôn á :))),enjoyment,happiness,2
uit_003800,kinh vãi,kinh vãi,fear,fear,1
uit_002093,dạ đây là chị gái em nha không phải chồng đâu ạ người trong hình là em huhu ?,dạ đây là chị gái em nha không phải chồng đâu ạ người trong hình là em huhu ?,sadness,sadness,3
uit_003891,sẽ hấp dẫn hơn khi dưới sông có cá sấu :)) lót dép hóng,sẽ hấp dẫn hơn khi dưới sông có cá sấu :)) lót dép hóng,enjoyment,happiness,2
uit_000436,khi nào tao thấy thích . mà thích rồi chưa có người thích cùng .,khi nào tao thấy thích . mà thích rồi chưa có người thích cùng .,sadness,sadness,3
uit_002427,có cả chiêu của per trong đấu trường thú nè :))),có cả chiêu của per trong đấu trường thú nè :))),enjoyment,happiness,2
uit_003728,tiếc quá ! nguyên nhân,tiếc quá ! nguyên nhân,sadness,sadness,3
uit_001918,phim ấn thì của lão amir khan là hay vol,phim ấn thì của lão amir khan là hay vol,enjoyment,happiness,2
uit_002847,phải chi lúc mà thằng per bị bảo câm mồm thì đập bàn đứng lên quát “ bên tao cả một đội quân ” 🤔,phải chi lúc mà thằng per bị bảo câm mồm thì đập bàn đứng lên quát “ bên tao cả một đội quân ” 🤔,other,neutral,4
uit_001581,nó ở cái tầm vũ trụ chuẩn mẹ rồi,nó ở cái tầm vũ trụ chuẩn mẹ rồi,other,neutral,4
uit_000945,đừng bao giờ chơi trò giận dỗi với lũ con gái :)),đừng bao giờ chơi trò giận dỗi với lũ con gái :)),other,neutral,4
uit_001652,phim này xem rồi ý nghĩa vài,phim này xem rồi ý nghĩa vài,enjoyment,happiness,2
uit_002727,bộ phim ấn độ duy nhất xem được lol,bộ phim ấn độ duy nhất xem được lol,enjoyment,happiness,2
uit_003368,tao đi quài vẫn chưa gặp nhỉ 🙃,tao đi quài vẫn chưa gặp nhỉ 🙃,other,neutral,4
uit_000796,"cả thế giới biết toau crush mày , còn mày thì íu nhận ra 😐","cả thế giới biết toau crush mày , còn mày thì íu nhận ra 😐",sadness,sadness,3
uit_001597,êu ơi sao con mụ này không gặp mình nhờ :))) ước gì có con mụ thế này tông vào mình ý :)))) klq mà giọng bé quay video đáng yêu thế ❤️,êu ơi sao con mụ này không gặp mình nhờ :))) ước gì có con mụ thế này tông vào mình ý :)))) klq mà giọng bé quay video đáng yêu thế ❤️,enjoyment,happiness,2
uit_004367,nếu tao được gặp ba tôi 1 lần nửa thì tao sẻ nói con thw ba nhìu lắm . nhưng lời nói này chẳng pao giờ được nói nửa vì tao và ông ấy đã xa nhau mãi mãi,nếu tao được gặp ba tôi 1 lần nửa thì tao sẻ nói con thw ba nhìu lắm . nhưng lời nói này chẳng pao giờ được nói nửa vì tao và ông ấy đã xa nhau mãi mãi,sadness,sadness,3
uit_002649,mỗi mùa trung thu đến nhìn người ta mua bánh tặng nhau mình lại thấy chạnh lòng ! 😞,mỗi mùa trung thu đến nhìn người ta mua bánh tặng nhau mình lại thấy chạnh lòng ! 😞,sadness,sadness,3
uit_005040,"dậy tắt đồng hồ báo thức kìa , giờ này còn ngủ được à :v","dậy tắt đồng hồ báo thức kìa , giờ này còn ngủ được à :v",other,neutral,4
uit_001739,xem 1 lần rồi thôi !!,xem 1 lần rồi thôi !!,other,neutral,4
uit_003295,trong mv mà có tao đứng dưới mưa nữa thì buồn phải biết,trong mv mà có tao đứng dưới mưa nữa thì buồn phải biết,sadness,sadness,3
uit_000467,tất cả đã đều quá hoàn hảo rồi . trừ pha nhảy cuối thôiiii :v,tất cả đã đều quá hoàn hảo rồi . trừ pha nhảy cuối thôiiii :v,enjoyment,happiness,2
uit_002557,nó hiền thôi chứ nó hung lại đấm cho không trượt phát lào . 🤣,nó hiền thôi chứ nó hung lại đấm cho không trượt phát lào . 🤣,other,neutral,4
uit_003371,cũng may là hết thời đi học rồi .. không lại từ “ con nhà người ta ” nó lại được nhắc liên tục trog bữa ăn hàng ngày 😅,cũng may là hết thời đi học rồi .. không lại từ “ con nhà người ta ” nó lại được nhắc liên tục trog bữa ăn hàng ngày 😅,enjoyment,happiness,2
uit_004278,anh tao làm trò đùa cho chúng mày à :'(,anh tao làm trò đùa cho chúng mày à :'(,anger,anger,0
uit_001710,dm . đồ dạo này lắm tạp chất hay s í nó đéo phê nhg mà vẫn bị ngáo,dm . đồ dạo này lắm tạp chất hay s í nó đéo phê nhg mà vẫn bị ngáo,fear,fear,1
uit_001517,per cái dume mày thấy tác hại của tập gym chưa,per cái dume mày thấy tác hại của tập gym chưa,fear,fear,1
uit_001751,tao toàn bạn gái mà sao vẫn tưng tửng nhể ???,tao toàn bạn gái mà sao vẫn tưng tửng nhể ???,sadness,sadness,3
uit_004687,chỉ thấy phối nhạc hay thôi chứ lời tao cảm thấy nghe không có nghĩa lí gì luôn 😐,chỉ thấy phối nhạc hay thôi chứ lời tao cảm thấy nghe không có nghĩa lí gì luôn 😐,other,neutral,4
uit_004571,chời ơi mới chụp răng 2 bữa trước về không ngủ được tới nay luôn,chời ơi mới chụp răng 2 bữa trước về không ngủ được tới nay luôn,sadness,sadness,3
uit_000768,gần 1h đêm là con trai mà xem xong nói chuyện mắt vẫn rỡi 😔😔,gần 1h đêm là con trai mà xem xong nói chuyện mắt vẫn rỡi 😔😔,sadness,sadness,3
uit_001395,thằng dăm này phải cho vào tù nó mới biết thế nào là dâm rê,thằng dăm này phải cho vào tù nó mới biết thế nào là dâm rê,anger,anger,0
uit_003057,tốt nhất không đi đâu cả nhé ..,tốt nhất không đi đâu cả nhé ..,other,neutral,4
uit_003024,em không muốn chúng ta già đi chút nào . điều đó đồng nghĩa với việc cta sắp xa nhau 😔# n,em không muốn chúng ta già đi chút nào . điều đó đồng nghĩa với việc cta sắp xa nhau 😔# n,sadness,sadness,3
uit_001974,tất cả cùng không tính điểm . thế là xong :v,tất cả cùng không tính điểm . thế là xong :v,other,neutral,4
uit_004387,"gặp một nhà nuôi 1 con chó với 2 con ngỗng , trời ơi chưa kịp vào nhà , con chó còn chưa sủa mà con ngỗng đã đuổi chạy vắt chân lên cổ rồi :'( nhục","gặp một nhà nuôi 1 con chó với 2 con ngỗng , trời ơi chưa kịp vào nhà , con chó còn chưa sủa mà con ngỗng đã đuổi chạy vắt chân lên cổ rồi :'( nhục",fear,fear,1
uit_001226,xem video chị này công nhận hay và ý nghĩa thật . giờ lên xem vid mới biết về tuổi thơ chị này cơ cực thật đấy,xem video chị này công nhận hay và ý nghĩa thật . giờ lên xem vid mới biết về tuổi thơ chị này cơ cực thật đấy,enjoyment,happiness,2
uit_000811,per nhu cầu của mày khoái xem mấy video này nên tao tag mày,per nhu cầu của mày khoái xem mấy video này nên tao tag mày,other,neutral,4
uit_003501,t thấy nó cười hoài mà không bao giờ nó cười với tao cả :((,t thấy nó cười hoài mà không bao giờ nó cười với tao cả :((,sadness,sadness,3
uit_003126,"per làm ở đâu không quan trọng , quan trọng là vẫn buôn chuyện đều 😂😂😂","per làm ở đâu không quan trọng , quan trọng là vẫn buôn chuyện đều 😂😂😂",enjoyment,happiness,2
uit_003497,ơ . t chỉ quan tâm sao mày lại mặc quần màu hường hình cô gái thôi ??,ơ . t chỉ quan tâm sao mày lại mặc quần màu hường hình cô gái thôi ??,other,neutral,4
uit_003946,mong ông bà được nhiu sức khỏe,mong ông bà được nhiu sức khỏe,enjoyment,happiness,2
uit_003954,khi đủ trưởng thành và kinh tế . cơ mà nhỡ bác sĩ bảo cưới thì cũng phải cưới thôi 😂,khi đủ trưởng thành và kinh tế . cơ mà nhỡ bác sĩ bảo cưới thì cũng phải cưới thôi 😂,enjoyment,happiness,2
uit_001075,dume thằng mất dạy !,dume thằng mất dạy !,anger,anger,0
uit_005144,"hay vãi ra , ai đi qua kiểu gì cũng phải đọc và mỉm cười , đánh mạnh vào tâm lý :))","hay vãi ra , ai đi qua kiểu gì cũng phải đọc và mỉm cười , đánh mạnh vào tâm lý :))",enjoyment,happiness,2
uit_001011,trung thu là tết thiếu nhi cớ sao người lớn lại vi vu thế nhỉ,trung thu là tết thiếu nhi cớ sao người lớn lại vi vu thế nhỉ,enjoyment,happiness,2
uit_001453,per mỗi ngày đi làm thấy per là như có thêm power cho 1 ngày siêng năng !!!!,per mỗi ngày đi làm thấy per là như có thêm power cho 1 ngày siêng năng !!!!,enjoyment,happiness,2
uit_003982,"dume mày là con gái đó , còn tao thì :dume mày có xuống không thì bảo","dume mày là con gái đó , còn tao thì :dume mày có xuống không thì bảo",anger,anger,0
uit_004777,per dạo này ít tung tăng hơn xưa nên hơi trầm cảm dồi chăng 😳,per dạo này ít tung tăng hơn xưa nên hơi trầm cảm dồi chăng 😳,other,neutral,4
uit_000587,ng dân biết phải làm sao bệnh chồng bệnh,ng dân biết phải làm sao bệnh chồng bệnh,sadness,sadness,3
uit_000289,nguy hiểm thật,nguy hiểm thật,fear,fear,1
uit_003202,nóng quá nên đổ lên cho mát thôi mà :)),nóng quá nên đổ lên cho mát thôi mà :)),enjoyment,happiness,2
uit_002607,đi đâu cũng ngó ngang ngó dọc để được nhìn thấy crush 😂 ngóng nó đến mức cổ dài ra hẳn mấy cái 😂,đi đâu cũng ngó ngang ngó dọc để được nhìn thấy crush 😂 ngóng nó đến mức cổ dài ra hẳn mấy cái 😂,enjoyment,happiness,2
uit_002148,phe áo vàng thích điều này,phe áo vàng thích điều này,other,neutral,4
uit_000105,"per mình đang nói phần lớn thôi , chứ tất nhiên cũng có ngoại lệ mà","per mình đang nói phần lớn thôi , chứ tất nhiên cũng có ngoại lệ mà",other,neutral,4
uit_004917,có tí rượu vào nhìn đâu cũng thấy mồi nhìn gì cũng ăn được,có tí rượu vào nhìn đâu cũng thấy mồi nhìn gì cũng ăn được,other,neutral,4
uit_003730,thế không tính vậy thì muốn cái bệnh viện thành mẹ cái bãi giữ xe à :)),thế không tính vậy thì muốn cái bệnh viện thành mẹ cái bãi giữ xe à :)),anger,anger,0
uit_001720,thú vị vậy =)),thú vị vậy =)),enjoyment,happiness,2
uit_005102,tư duy của họ hơn hẳn 1 cái đầu 👍,tư duy của họ hơn hẳn 1 cái đầu 👍,enjoyment,happiness,2
uit_004724,"bố bạn ý chửi nhẹ đấy , bố mình chửi là chỉ mong đầu thai vào nhà khác 😬","bố bạn ý chửi nhẹ đấy , bố mình chửi là chỉ mong đầu thai vào nhà khác 😬",sadness,sadness,3
uit_004357,tao chắc chắn là cái sừng đã mọc,tao chắc chắn là cái sừng đã mọc,other,neutral,4
uit_001124,"có thể xương của mày nó bị giòn , xuất viện nhớ bổ sug thêm nhiều canxi nhé","có thể xương của mày nó bị giòn , xuất viện nhớ bổ sug thêm nhiều canxi nhé",other,neutral,4
uit_002151,vừa xung điện tim xong ra ngoài bác sĩ lắc đầu =)) cả nhà tao đưa bác sĩ vô nằm kế tao,vừa xung điện tim xong ra ngoài bác sĩ lắc đầu =)) cả nhà tao đưa bác sĩ vô nằm kế tao,other,neutral,4
uit_005038,"bị ám ảnh hồi bé đi nhổ răng , không dám đi nha sĩ nữa :((( huhu 😭😭","bị ám ảnh hồi bé đi nhổ răng , không dám đi nha sĩ nữa :((( huhu 😭😭",fear,fear,1
uit_004085,tao cũng đang là con ghẻ của tạo hoá,tao cũng đang là con ghẻ của tạo hoá,sadness,sadness,3
uit_004642,"chào em cô gái tháng 10 , em là nắng ấm giữa trời mùa thu ...","chào em cô gái tháng 10 , em là nắng ấm giữa trời mùa thu ...",other,neutral,4
uit_002487,hay lắm chàng trai trẻ,hay lắm chàng trai trẻ,enjoyment,happiness,2
uit_001809,"tui đây vừa vô phòng thì con vợ mặt trắng bóc nhảy ra đây , tưởng là ma","tui đây vừa vô phòng thì con vợ mặt trắng bóc nhảy ra đây , tưởng là ma",fear,fear,1
uit_000836,mai đến phòng đi tập luôn,mai đến phòng đi tập luôn,enjoyment,happiness,2
uit_003908,cuộc sống thật chua cay với tao,cuộc sống thật chua cay với tao,sadness,sadness,3
uit_003002,ông này đẹp vãi,ông này đẹp vãi,enjoyment,happiness,2
uit_003270,mất bà cái tuổi thơ -.-,mất bà cái tuổi thơ -.-,sadness,sadness,3
uit_002111,bây giờ nhìn vào cứ kiện tụng mà nãn :((,bây giờ nhìn vào cứ kiện tụng mà nãn :((,sadness,sadness,3
uit_002951,e quê bg mà mùa vải còn không có vải mà ăn @@@,e quê bg mà mùa vải còn không có vải mà ăn @@@,sadness,sadness,3
uit_005269,còn chặt cả cây ổi của hàng xóm để lấy cái chạc làm súng đấy cứ,còn chặt cả cây ổi của hàng xóm để lấy cái chạc làm súng đấy cứ,enjoyment,happiness,2
uit_005178,"lúc nhỏ mẹ nấu cơm bằng bếp củi , ttao thì không biết gì thấy lửa tắt thì chụm vô : )) mẹ ra quánh cho trận vì nồi cơm khét nghẹt 😑","lúc nhỏ mẹ nấu cơm bằng bếp củi , ttao thì không biết gì thấy lửa tắt thì chụm vô : )) mẹ ra quánh cho trận vì nồi cơm khét nghẹt 😑",sadness,sadness,3
uit_001464,sởn gai ốc với chị ấy,sởn gai ốc với chị ấy,fear,fear,1
uit_001007,"đúng là những đứa khốn nạn , có bán hàng hay không thì nói một câu","đúng là những đứa khốn nạn , có bán hàng hay không thì nói một câu",anger,anger,0
uit_002750,ơ thế chưa ai dẫn ngài trump đi ăn bún đậu mắm tôm hả ?,ơ thế chưa ai dẫn ngài trump đi ăn bún đậu mắm tôm hả ?,other,neutral,4
uit_001520,"per nếu có khi nào thấy bản thân vô dụng hay là thất bại , thì hãy nhớ có những người chế tạo ra mấy cái của nợ này . =))","per nếu có khi nào thấy bản thân vô dụng hay là thất bại , thì hãy nhớ có những người chế tạo ra mấy cái của nợ này . =))",enjoyment,happiness,2
uit_002457,móe . con nhện . cười đau cả ruột .,móe . con nhện . cười đau cả ruột .,enjoyment,happiness,2
uit_004433,có 5tr thôi à,có 5tr thôi à,other,neutral,4
uit_002563,"hôm bữa 2 bình siro dâu thấy tiếc , nay bình mật ong còn tiếc hơn","hôm bữa 2 bình siro dâu thấy tiếc , nay bình mật ong còn tiếc hơn",sadness,sadness,3
uit_000751,per sợ nhện đúng không :)),per sợ nhện đúng không :)),fear,fear,1
uit_003568,nói mẹ ngoài đời,nói mẹ ngoài đời,anger,anger,0
uit_004503,ai đó hãy tát trà sữa vào mặt tao đi 😭😭,ai đó hãy tát trà sữa vào mặt tao đi 😭😭,sadness,sadness,3
uit_001618,"má gần nhà có nuôi 1 cặp ngày nào đi ngang nó nhìn thấy nó quay đầu bỏ chạy , con gì mà dữ thấy mẹ hà","má gần nhà có nuôi 1 cặp ngày nào đi ngang nó nhìn thấy nó quay đầu bỏ chạy , con gì mà dữ thấy mẹ hà",fear,fear,1
uit_001132,cũng là chị em nó làm nhà trẻ nên chịu thôi,cũng là chị em nó làm nhà trẻ nên chịu thôi,other,neutral,4
uit_002523,quá ý nghĩa . mình trẻ mà chắc gì làm được vậy,quá ý nghĩa . mình trẻ mà chắc gì làm được vậy,sadness,sadness,3
uit_001755,quen với quên rồi thì hết đau thôi mà,quen với quên rồi thì hết đau thôi mà,sadness,sadness,3
uit_001237,xem xong tao đã khóc rất nhiều,xem xong tao đã khóc rất nhiều,sadness,sadness,3
uit_000769,mới có 3 năm thôi mà ... vậy mà chúng ta còn không tụ họp được lần nào cả,mới có 3 năm thôi mà ... vậy mà chúng ta còn không tụ họp được lần nào cả,sadness,sadness,3
uit_002420,"mà hiệu quả bất ngờ quá , quá đỉnh .","mà hiệu quả bất ngờ quá , quá đỉnh .",enjoyment,happiness,2
uit_001579,sáu múi đâu rồi,sáu múi đâu rồi,other,neutral,4
uit_004182,"cái ông này mới xem thì thấy bình thường , mà càng xem lại càng đẹp trai 😂","cái ông này mới xem thì thấy bình thường , mà càng xem lại càng đẹp trai 😂",enjoyment,happiness,2
uit_002178,bác sĩ mất dạy,bác sĩ mất dạy,anger,anger,0
uit_001425,"mình theo dõi mấy nick quân nhân , tập trận , pccc ... hay vãi luôn á .","mình theo dõi mấy nick quân nhân , tập trận , pccc ... hay vãi luôn á .",enjoyment,happiness,2
uit_000135,cô giáo có tâm vời nghề ghêeeee,cô giáo có tâm vời nghề ghêeeee,enjoyment,happiness,2
uit_001035,cố gắng lên cụ nhé !!❤,cố gắng lên cụ nhé !!❤,other,neutral,4
uit_005090,ghi nguồn vào page ạ :),ghi nguồn vào page ạ :),other,neutral,4
uit_001507,má :))) đoạn đeo mặt nạ kinh dị vkl :)),má :))) đoạn đeo mặt nạ kinh dị vkl :)),fear,fear,1
uit_004172,nói tới thì lại dỗi bỏ được mấy đồng ra rồi bày ra như chuồng lợn í thức đéo khác gì con lợn .,nói tới thì lại dỗi bỏ được mấy đồng ra rồi bày ra như chuồng lợn í thức đéo khác gì con lợn .,anger,anger,0
uit_001046,"bây giờ con đã sai vì đã chưa làm gì được cho cha , con thật sự xin lỗi cha và mẹ ,","bây giờ con đã sai vì đã chưa làm gì được cho cha , con thật sự xin lỗi cha và mẹ ,",sadness,sadness,3
uit_004689,âu cũng là kiếp người . tại sao ông trời lại đày đoạ con người ta đến như vậy,âu cũng là kiếp người . tại sao ông trời lại đày đoạ con người ta đến như vậy,sadness,sadness,3
uit_002066,"thú vui mới , thay vì chọc chó thì ghẹo ngỗng cho nó dí =))))","thú vui mới , thay vì chọc chó thì ghẹo ngỗng cho nó dí =))))",enjoyment,happiness,2
uit_004904,tao không sợ đi làm mệt mỏi tao chỉ sợ không có niềm vui với nó,tao không sợ đi làm mệt mỏi tao chỉ sợ không có niềm vui với nó,fear,fear,1
uit_001616,tóm lại gọi là nghệt thuật của kinh doanh là bán lỗ ho nhanh,tóm lại gọi là nghệt thuật của kinh doanh là bán lỗ ho nhanh,other,neutral,4
uit_000086,loài này bé như ngón tay phàm ăn lắm sợ luôn,loài này bé như ngón tay phàm ăn lắm sợ luôn,fear,fear,1
uit_002797,bài nhạc hay khi nó đúng tâm trạng ... nhạc hay !!!!!,bài nhạc hay khi nó đúng tâm trạng ... nhạc hay !!!!!,enjoyment,happiness,2
uit_000727,per =))))) đúng kiểu sáng tạo :)),per =))))) đúng kiểu sáng tạo :)),enjoyment,happiness,2
uit_002629,nhà tao có nhưng nó rỉ sét hết rồi :((,nhà tao có nhưng nó rỉ sét hết rồi :((,sadness,sadness,3
uit_001860,dăm ba cái trò nấu cơm này sao làm khó tao .,dăm ba cái trò nấu cơm này sao làm khó tao .,enjoyment,happiness,2
uit_002538,truyện thật đây này . đang đi bình thường qua đoạn cầu giấy anh csgt thổi lại “ gạt chân chống lên em . anh nhắc nhỉ thôi . đi đi “ 😂 hú hồn,truyện thật đây này . đang đi bình thường qua đoạn cầu giấy anh csgt thổi lại “ gạt chân chống lên em . anh nhắc nhỉ thôi . đi đi “ 😂 hú hồn,enjoyment,happiness,2
uit_000899,dume con ế đọc tổn thương sâu con mẹ nó sắc :((,dume con ế đọc tổn thương sâu con mẹ nó sắc :((,sadness,sadness,3
uit_001044,đụ con đĩ mẹ hôm nọ đang ngủ thằng lol nào hét ầm ầm . mày về nà hét cha hét mẹ mày chớ ngủ không yên,đụ con đĩ mẹ hôm nọ đang ngủ thằng lol nào hét ầm ầm . mày về nà hét cha hét mẹ mày chớ ngủ không yên,anger,anger,0
uit_001315,nếu địa phương không xây cầu thì người dân cũng có thể tự làm cầu cây mà . phóng lỡ hụt chân thì xác định nát người .,nếu địa phương không xây cầu thì người dân cũng có thể tự làm cầu cây mà . phóng lỡ hụt chân thì xác định nát người .,fear,fear,1
uit_000098,có ai vừa coi mà thấy phê phê cái lỗ tai giống tôi không ?? 😀,có ai vừa coi mà thấy phê phê cái lỗ tai giống tôi không ?? 😀,enjoyment,happiness,2
uit_000049,"hồi nhỏ bà mày có cho một con ngỗng mình tự tay nuôi nó . từ ngày đó nó đeo mày như chó mèo vậy . nhưng khi lớn nó lại mắc bệnh mà mất . giờ cũng hơn 4 , 5 năm rồi những nhớ nó lắm 😓","hồi nhỏ bà mày có cho một con ngỗng mình tự tay nuôi nó . từ ngày đó nó đeo mày như chó mèo vậy . nhưng khi lớn nó lại mắc bệnh mà mất . giờ cũng hơn 4 , 5 năm rồi những nhớ nó lắm 😓",sadness,sadness,3
uit_000091,nhỏ nhặt nhưng ý nghĩa và hạnh phúc 😊,nhỏ nhặt nhưng ý nghĩa và hạnh phúc 😊,enjoyment,happiness,2
uit_000659,trông mặt buồn chưa kìa per :(,trông mặt buồn chưa kìa per :(,sadness,sadness,3
uit_000102,"khuôn mặt ngây thơ vô số tội , trái tim nhỏ bé của tao sao chịu được ❤❤❤","khuôn mặt ngây thơ vô số tội , trái tim nhỏ bé của tao sao chịu được ❤❤❤",enjoyment,happiness,2
uit_004629,"tau sẽ phun thuốc kích thích , 2 nam nữa sẽ dài hơn ong nay ... sẽ được vào viện bảo tàng .. 😂😂😂","tau sẽ phun thuốc kích thích , 2 nam nữa sẽ dài hơn ong nay ... sẽ được vào viện bảo tàng .. 😂😂😂",enjoyment,happiness,2
uit_002500,cũng đừng nghĩ là những người ân cần nhẹ nhàng với mày là tốt . xã hội bây giờ không tin bố con thằng nào được,cũng đừng nghĩ là những người ân cần nhẹ nhàng với mày là tốt . xã hội bây giờ không tin bố con thằng nào được,other,neutral,4
uit_002829,gu của tôi trời ơi . tiếc mới có chồng với đứa con thôi . huhu,gu của tôi trời ơi . tiếc mới có chồng với đứa con thôi . huhu,sadness,sadness,3
uit_000145,"cái lò huyền thoại nè per , lúc mình ở chung đó","cái lò huyền thoại nè per , lúc mình ở chung đó",enjoyment,happiness,2
uit_003013,per nguy hiểm vãi,per nguy hiểm vãi,fear,fear,1
uit_002621,per nơi tình yêu bắt đầu kìa bao nhiêu,per nơi tình yêu bắt đầu kìa bao nhiêu,other,neutral,4
uit_003869,vào siêu thi mua ghế masage chạy điện ra mà ngồi cho chúng nó choáng ! vừa đỡ mỏi chân lại khỏe người !,vào siêu thi mua ghế masage chạy điện ra mà ngồi cho chúng nó choáng ! vừa đỡ mỏi chân lại khỏe người !,enjoyment,happiness,2
uit_000318,thích nấu lúc nào cũng được,thích nấu lúc nào cũng được,other,neutral,4
uit_005176,"per giờ đi ra chỗ ăn phở cũng khó , đi bộ cũng chả chen được ??","per giờ đi ra chỗ ăn phở cũng khó , đi bộ cũng chả chen được ??",other,neutral,4
uit_003105,nhớ lại mỗi lần thay tim .. 😂,nhớ lại mỗi lần thay tim .. 😂,other,neutral,4
uit_005193,cả đời mình chỉ ước có 500tr trả nợ ngân hàng cái xe để chạy kiếm ăn ...😥😥😥,cả đời mình chỉ ước có 500tr trả nợ ngân hàng cái xe để chạy kiếm ăn ...😥😥😥,sadness,sadness,3
uit_003041,"bố đã làm gì mày đâu , con chó này =))","bố đã làm gì mày đâu , con chó này =))",anger,anger,0
uit_001866,và sau đó mẹ mày đánh thức mày dậy 😌,và sau đó mẹ mày đánh thức mày dậy 😌,other,neutral,4
uit_001469,cai lo xô tôi đang xài mỗi ngày,cai lo xô tôi đang xài mỗi ngày,other,neutral,4
uit_001107,đéo có người thương để mà làm ấy chứ :(,đéo có người thương để mà làm ấy chứ :(,sadness,sadness,3
uit_003667,chúng ta nên làm như vậy từ lâu mới phải,chúng ta nên làm như vậy từ lâu mới phải,enjoyment,happiness,2
uit_002536,per bị chữi thì ráng nghe mà vui đi nghe . cứ như nghe hát miễn phí 🤣🤣 còn bị chữi là còn hạnh phúc . nguoi ngoài ngọt ngào nhưng chắc gì đã thật lòng đâu,per bị chữi thì ráng nghe mà vui đi nghe . cứ như nghe hát miễn phí 🤣🤣 còn bị chữi là còn hạnh phúc . nguoi ngoài ngọt ngào nhưng chắc gì đã thật lòng đâu,enjoyment,happiness,2
uit_003505,tưởng mai đi họp phụ huynh mới bị u ám . ai ngờ hôm nay mới biết điểm anh 9 . 5 thôi đã u ám rồi :),tưởng mai đi họp phụ huynh mới bị u ám . ai ngờ hôm nay mới biết điểm anh 9 . 5 thôi đã u ám rồi :),sadness,sadness,3
uit_003494,khó có thể giải thích,khó có thể giải thích,other,neutral,4
uit_004468,8h sáng sợ nó ngủ còn chưa dậy á,8h sáng sợ nó ngủ còn chưa dậy á,other,neutral,4
uit_001054,hạnh phúc là đây chứ đâu =))),hạnh phúc là đây chứ đâu =))),enjoyment,happiness,2
uit_003183,tao đã đóng dấu cấm đứa nào rớ vào =)))),tao đã đóng dấu cấm đứa nào rớ vào =)))),enjoyment,happiness,2
uit_001709,"quan trọng là lòng tin , bạn bè mình một số người mình đã mất lòng tin thì đừng bao giờ nói chuyện tiền nong . khâm phục anh","quan trọng là lòng tin , bạn bè mình một số người mình đã mất lòng tin thì đừng bao giờ nói chuyện tiền nong . khâm phục anh",enjoyment,happiness,2
uit_004322,một lần chơi lớn để xem anh em có trầm trồ :3,một lần chơi lớn để xem anh em có trầm trồ :3,other,neutral,4
uit_001401,lâu lắm không nghe bài này .. có bà bạn bình luận dạo mới nghe lại ??,lâu lắm không nghe bài này .. có bà bạn bình luận dạo mới nghe lại ??,other,neutral,4
uit_004751,nhọc lòng :(((,nhọc lòng :(((,sadness,sadness,3
uit_004958,"mình thấy sợ mấy con rắn quá trời , mà cái gì mình sợ là mình hay muốn tiêu diệt -))","mình thấy sợ mấy con rắn quá trời , mà cái gì mình sợ là mình hay muốn tiêu diệt -))",fear,fear,1
uit_000282,là tôi tôi cũng tát vỡ mồm nó ~~,là tôi tôi cũng tát vỡ mồm nó ~~,anger,anger,0
uit_004923,tốt nhất là cần công khai minh bạch là tốt hơn,tốt nhất là cần công khai minh bạch là tốt hơn,other,neutral,4
uit_003885,t chỉ muốn khoe là tao vẫn được nghỉ 1 tuần nữa =))))),t chỉ muốn khoe là tao vẫn được nghỉ 1 tuần nữa =))))),enjoyment,happiness,2
uit_004905,lúc nó điên lên nó chã triệu hồi cả nhà mày ra ấy chứ nhổn,lúc nó điên lên nó chã triệu hồi cả nhà mày ra ấy chứ nhổn,other,neutral,4
uit_001407,phận làm con trai haizz,phận làm con trai haizz,sadness,sadness,3
uit_005160,"per mai cấm chọc tao cười nhé dume , tao mà không pass probation là do mày đấy =))","per mai cấm chọc tao cười nhé dume , tao mà không pass probation là do mày đấy =))",other,neutral,4
uit_000362,yêu quá nè nè,yêu quá nè nè,enjoyment,happiness,2
uit_004279,trên quê tôi . trc nói trong vòng 6 đến 7 năm sẽ cho hưởng cổ tức . vậy mà đến giờ đã hơn 10 năm vẫn chưa được hưởng 1 xu nào . cao su trồng thì chết lên chết xuống . giờ cũng chưa thấy cạo mủ . mất bao nhiêu đất rừng của dân . hôm nào mời vtv24 làm 1 chuyến lên quê tôi . sẽ biết thế nào ?,trên quê tôi . trc nói trong vòng 6 đến 7 năm sẽ cho hưởng cổ tức . vậy mà đến giờ đã hơn 10 năm vẫn chưa được hưởng 1 xu nào . cao su trồng thì chết lên chết xuống . giờ cũng chưa thấy cạo mủ . mất bao nhiêu đất rừng của dân . hôm nào mời vtv24 làm 1 chuyến lên quê tôi . sẽ biết thế nào ?,anger,anger,0
uit_002211,per cái gì mình không làm được chứ đánh cái lũ đéo phải người thì mình làm tốt kkk,per cái gì mình không làm được chứ đánh cái lũ đéo phải người thì mình làm tốt kkk,enjoyment,happiness,2
uit_000788,mai đi học mà mình quên cách cầm bút rồi huhu :<,mai đi học mà mình quên cách cầm bút rồi huhu :<,sadness,sadness,3
uit_000748,waooooo . hợp lí ghe,waooooo . hợp lí ghe,enjoyment,happiness,2
uit_002803,per facebook cứ để tao phải xem được những cái lãng mạn là sao cay vãi :)),per facebook cứ để tao phải xem được những cái lãng mạn là sao cay vãi :)),anger,anger,0
uit_002852,ông bà xinh quá 🧐🧐,ông bà xinh quá 🧐🧐,enjoyment,happiness,2
uit_001108,"per chồng xem đi , hài lắm","per chồng xem đi , hài lắm",enjoyment,happiness,2
uit_005230,tự nhiên coi tới khúc th bé kéo hết bạn bè tới chụp hình tao buồn cười vãi ! ông kia nghĩ ! thôi chết mẹ rồi ! kiểu này tối mới lau xong 😂,tự nhiên coi tới khúc th bé kéo hết bạn bè tới chụp hình tao buồn cười vãi ! ông kia nghĩ ! thôi chết mẹ rồi ! kiểu này tối mới lau xong 😂,enjoyment,happiness,2
uit_004732,ngã xuống thì lại bảo là tự tử do mâu thẫn với chủ,ngã xuống thì lại bảo là tự tử do mâu thẫn với chủ,other,neutral,4
uit_001656,mày chặt một tay đi cho dễ nhớ,mày chặt một tay đi cho dễ nhớ,other,neutral,4
uit_000498,ở đâu cho tao làm vớiiiiii,ở đâu cho tao làm vớiiiiii,enjoyment,happiness,2
uit_000778,"địt mẹ mày viết lên chỗ nào nước đéo tới ấy , ngulon","địt mẹ mày viết lên chỗ nào nước đéo tới ấy , ngulon",anger,anger,0
uit_002528,thời buổi này là thằng con trai trước hết phải có khả năng kinh tế phải nuôi được bố mẹ rồi hãy tính đến chuyện kết hôn,thời buổi này là thằng con trai trước hết phải có khả năng kinh tế phải nuôi được bố mẹ rồi hãy tính đến chuyện kết hôn,other,neutral,4
uit_004859,cả ngàn tin nhắn không đổi lại được 1 lần xem :((,cả ngàn tin nhắn không đổi lại được 1 lần xem :((,sadness,sadness,3
uit_000798,phim cắt mất đoạn hay của manga rồi dume,phim cắt mất đoạn hay của manga rồi dume,anger,anger,0
uit_000020,cá nhân mình nghĩ nó dừng hay đỗ đúng sai thì đã có ca pạt còn nó đỗ trước cửa nhà mình mà oto hay xe không ra vào được thì lúc đó mới ý kiến . công nhận bọn oto đỗ trước nhà nhìn chỉ muốn đốt,cá nhân mình nghĩ nó dừng hay đỗ đúng sai thì đã có ca pạt còn nó đỗ trước cửa nhà mình mà oto hay xe không ra vào được thì lúc đó mới ý kiến . công nhận bọn oto đỗ trước nhà nhìn chỉ muốn đốt,anger,anger,0
uit_002423,mười mấy năm nữa tao cũng sẽ đạt kỉ lục thôi 😂😂😂,mười mấy năm nữa tao cũng sẽ đạt kỉ lục thôi 😂😂😂,enjoyment,happiness,2
uit_003953,nếu lái xe là dân đen thì thế nào chú . có dám đậu ở đóa không,nếu lái xe là dân đen thì thế nào chú . có dám đậu ở đóa không,other,neutral,4
uit_003034,đến câu nào có đáp số quen thì khoanh :)),đến câu nào có đáp số quen thì khoanh :)),enjoyment,happiness,2
uit_004948,hôm nay quên vào đọc bình luận trước !! tính xem con nhện nước bạn khác nhện nước mình như thế nào ! ai ngờ đâu khác xa quá !! d mày mày adm ơi làm hết hồn !!,hôm nay quên vào đọc bình luận trước !! tính xem con nhện nước bạn khác nhện nước mình như thế nào ! ai ngờ đâu khác xa quá !! d mày mày adm ơi làm hết hồn !!,anger,anger,0
uit_004863,đây gọi là nghiệp vật,đây gọi là nghiệp vật,enjoyment,happiness,2
uit_002057,đáng yêu quá ! tình yêu ông bà thật đẹp !,đáng yêu quá ! tình yêu ông bà thật đẹp !,enjoyment,happiness,2
uit_001101,vì chúng ta không nên nói chuyện với nhau nữa,vì chúng ta không nên nói chuyện với nhau nữa,sadness,sadness,3
uit_005109,"em đỗ 6 trường đại học ở mỹ , còn hàng trăm thằng đổ em luôn rồi đó , em biết không . trong đó có anh 🤪","em đỗ 6 trường đại học ở mỹ , còn hàng trăm thằng đổ em luôn rồi đó , em biết không . trong đó có anh 🤪",enjoyment,happiness,2
uit_000653,chia buồn cùng nước pháp .,chia buồn cùng nước pháp .,sadness,sadness,3
uit_000676,hay qua hoc theo cho vui,hay qua hoc theo cho vui,enjoyment,happiness,2
uit_004012,sao mình gặp toàn thằng mất dạy hay bắt nạt mình nhỉ ? tuổi thơ bất hạnh :),sao mình gặp toàn thằng mất dạy hay bắt nạt mình nhỉ ? tuổi thơ bất hạnh :),sadness,sadness,3
uit_004339,per ê chó coi đi nghe nói hay lắm á,per ê chó coi đi nghe nói hay lắm á,enjoyment,happiness,2
uit_002980,khổ người lao động thôi,khổ người lao động thôi,sadness,sadness,3
uit_001291,tôi đã xem đi xem lại 3 lần và xem lại lần hai mới hiểu hết nội dung và thấy hay hơn khi xem lại lần 3 . ai chưa xem hãy vào xem thử 2 lần !,tôi đã xem đi xem lại 3 lần và xem lại lần hai mới hiểu hết nội dung và thấy hay hơn khi xem lại lần 3 . ai chưa xem hãy vào xem thử 2 lần !,enjoyment,happiness,2
uit_000950,cũng có nơi gia đình khá giả mới có nó !,cũng có nơi gia đình khá giả mới có nó !,enjoyment,happiness,2
uit_002373,thà chia tay rồi ghét hận nhau còn hơn là đang lúc dang dở thì mất nhau 🙂,thà chia tay rồi ghét hận nhau còn hơn là đang lúc dang dở thì mất nhau 🙂,sadness,sadness,3
uit_004612,có người yêu thì lo giữ đi mấy má khoe khoe cái buồi dume xem mà thấy tức vãi :''>,có người yêu thì lo giữ đi mấy má khoe khoe cái buồi dume xem mà thấy tức vãi :''>,anger,anger,0
uit_003698,"truy tố ra tòa chứ phạt hành chính gì ??? lừa đảo có tổ chức số tiền trăm tỷ , thêm tội truyền bá mê tín dị đoan ... 👎👎👎","truy tố ra tòa chứ phạt hành chính gì ??? lừa đảo có tổ chức số tiền trăm tỷ , thêm tội truyền bá mê tín dị đoan ... 👎👎👎",anger,anger,0
uit_000633,đừng có thấy 6 múi mà ham nha nha 😂😂,đừng có thấy 6 múi mà ham nha nha 😂😂,enjoyment,happiness,2
uit_005167,per của anh tao chứ anh mày à ??,per của anh tao chứ anh mày à ??,other,neutral,4
uit_000920,cíu tao khỏi hai tên đồng nghiệp bị crazy huhu,cíu tao khỏi hai tên đồng nghiệp bị crazy huhu,fear,fear,1
uit_001495,chúc mừng em và chúc em học tập tốt ngành học đã chọn ! niềm tự hào của tây bắc !,chúc mừng em và chúc em học tập tốt ngành học đã chọn ! niềm tự hào của tây bắc !,enjoyment,happiness,2
uit_001877,khiếp ăn tạp chẳng chết,khiếp ăn tạp chẳng chết,fear,fear,1
uit_000212,hành động đẹp,hành động đẹp,enjoyment,happiness,2
uit_004741,per - chan đáng yêu zl =)))))),per - chan đáng yêu zl =)))))),enjoyment,happiness,2
uit_000193,"em lấy đi niềm tin chả lại cho anh những gì , cũng vì anh vụng về đánh rơi hay càng xa vời càng dễ mất .. anh chân thành nên anh tổn thương","em lấy đi niềm tin chả lại cho anh những gì , cũng vì anh vụng về đánh rơi hay càng xa vời càng dễ mất .. anh chân thành nên anh tổn thương",sadness,sadness,3
uit_005223,đếm không hết nên nó vương nó vãi ấy mà,đếm không hết nên nó vương nó vãi ấy mà,other,neutral,4
uit_004466,per sắm 1 cái cho công túa ngồi nhà kêu gu gu hí =))))))))))),per sắm 1 cái cho công túa ngồi nhà kêu gu gu hí =))))))))))),enjoyment,happiness,2
uit_000696,ngồi ăn mà 3 đứa cứ nhìn châm châm thế này sao nuốt nổi ??????,ngồi ăn mà 3 đứa cứ nhìn châm châm thế này sao nuốt nổi ??????,other,neutral,4
uit_002616,em ấy còn cười được chứng tỏ em rất mạnh mẽ,em ấy còn cười được chứng tỏ em rất mạnh mẽ,enjoyment,happiness,2
uit_000039,học xong 12 như hết thanh xuân có lẽ phải bỏ lỡ 1 người,học xong 12 như hết thanh xuân có lẽ phải bỏ lỡ 1 người,sadness,sadness,3
uit_002811,per rất là thực tế nhé chú .,per rất là thực tế nhé chú .,other,neutral,4
uit_004691,cuộc sống là cho đi ❤ đôi khi chỉ cần được thấy họ cười là bản thân thấy vui rồi ..,cuộc sống là cho đi ❤ đôi khi chỉ cần được thấy họ cười là bản thân thấy vui rồi ..,enjoyment,happiness,2
uit_001135,"hôm qua tôi đi grab gặp được bạn đẹp trai , thơm phức nè . có cô gái nào có hứng thú hem ?","hôm qua tôi đi grab gặp được bạn đẹp trai , thơm phức nè . có cô gái nào có hứng thú hem ?",enjoyment,happiness,2
uit_002713,bữa cơm trưa nay tăm tối như cái ava của tao vầy :((((((,bữa cơm trưa nay tăm tối như cái ava của tao vầy :((((((,sadness,sadness,3
uit_000223,năm nay không được ăn dồi :((,năm nay không được ăn dồi :((,sadness,sadness,3
uit_004703,t nghe thấy nó nói gì tao chết liền,t nghe thấy nó nói gì tao chết liền,sadness,sadness,3
uit_003685,vợ dùng phá quá nên boss mới thế 🤧🤧🤧,vợ dùng phá quá nên boss mới thế 🤧🤧🤧,other,neutral,4
uit_000600,per giải trí =))),per giải trí =))),enjoyment,happiness,2
uit_004216,nhớ không em lời hứa ngày xưa mình bên nhau dưới ánh trăng đã nguyện thề :)),nhớ không em lời hứa ngày xưa mình bên nhau dưới ánh trăng đã nguyện thề :)),enjoyment,happiness,2
uit_002027,trường gửi điểm về và mẹ cũng điện chửi :(,trường gửi điểm về và mẹ cũng điện chửi :(,sadness,sadness,3
uit_004555,rất cá tính :v,rất cá tính :v,enjoyment,happiness,2
uit_002512,per hôm nay tới lượt đứa nào nấu cơm,per hôm nay tới lượt đứa nào nấu cơm,other,neutral,4
uit_002751,trích mà như vầy rồi . sao dám coi phim đây 😢,trích mà như vầy rồi . sao dám coi phim đây 😢,fear,fear,1
uit_004476,per nhớ nhà mi có hè 😅,per nhớ nhà mi có hè 😅,enjoyment,happiness,2
uit_003924,đúng chất dân miền tây hahaha,đúng chất dân miền tây hahaha,enjoyment,happiness,2
uit_003427,"1 cái mồm phải nhét vào não 40 đứa gần như thiểu năng cũng đủ chết rồi . nếu tôi là cô ấy , tôi tát cho không trượt phát nào","1 cái mồm phải nhét vào não 40 đứa gần như thiểu năng cũng đủ chết rồi . nếu tôi là cô ấy , tôi tát cho không trượt phát nào",anger,anger,0
uit_000454,per học hành cho cố vào rồi mần sao như này đi,per học hành cho cố vào rồi mần sao như này đi,other,neutral,4
uit_004075,bài mà từng nghe khi tổn thương lần đầu,bài mà từng nghe khi tổn thương lần đầu,sadness,sadness,3
uit_004830,per lúc xưa toàn nấu bằng bếp nay,per lúc xưa toàn nấu bằng bếp nay,other,neutral,4
uit_002539,nhìn như nó muốn dẫn nhỏ đó đi đâu ấy,nhìn như nó muốn dẫn nhỏ đó đi đâu ấy,other,neutral,4
uit_005184,"bài nhạc đầu tiên là nhạc phim gì nhỉ ? mình quên tên phim rồi , xin hỏi có ai biết không ạ","bài nhạc đầu tiên là nhạc phim gì nhỉ ? mình quên tên phim rồi , xin hỏi có ai biết không ạ",other,neutral,4
uit_001927,đọan con chó tao cười đau bụng,đọan con chó tao cười đau bụng,enjoyment,happiness,2
uit_002445,huhu đéo muốn đi học đâu,huhu đéo muốn đi học đâu,sadness,sadness,3
uit_000363,có ai như tao không . chả thích đi đền chùa vì nhiều lí do ??,có ai như tao không . chả thích đi đền chùa vì nhiều lí do ??,other,neutral,4
uit_001283,cảm thấy sợ mấy thứ suy nghĩ cổ hủ của người lớn :(,cảm thấy sợ mấy thứ suy nghĩ cổ hủ của người lớn :(,sadness,sadness,3
uit_004918,chết luôn .. tình yêu không phân biệt . giới tính .. tình yêu ơi là tình yêu .. tao đau khổ vì mày lắm rồi ...,chết luôn .. tình yêu không phân biệt . giới tính .. tình yêu ơi là tình yêu .. tao đau khổ vì mày lắm rồi ...,sadness,sadness,3
uit_001359,dù trời có sập cũng phải ăn đã nhé :))) anh có gấp lắm cũng phải chờ em nhé 🤣🤣🤣,dù trời có sập cũng phải ăn đã nhé :))) anh có gấp lắm cũng phải chờ em nhé 🤣🤣🤣,enjoyment,happiness,2
uit_001267,bếp ga hj hj 🤣🤣🤣🤣🤣🤣,bếp ga hj hj 🤣🤣🤣🤣🤣🤣,enjoyment,happiness,2
uit_003635,nhện này trong nhà tao chắc tao bỏ nhà đi mất 😱🤯,nhện này trong nhà tao chắc tao bỏ nhà đi mất 😱🤯,fear,fear,1
uit_000667,per mốt mua son anh sài luôn,per mốt mua son anh sài luôn,other,neutral,4
uit_003065,cũng thơm mà . kì thị quá à .,cũng thơm mà . kì thị quá à .,enjoyment,happiness,2
uit_000893,cưng chết,cưng chết,enjoyment,happiness,2
uit_003396,thôi chết haha ...,thôi chết haha ...,enjoyment,happiness,2
uit_001103,có người sinh ra đã làm ban giám khảo anh nhé kk,có người sinh ra đã làm ban giám khảo anh nhé kk,enjoyment,happiness,2
uit_004159,tiền nhiều để làm gì khi tình không còn,tiền nhiều để làm gì khi tình không còn,sadness,sadness,3
uit_003561,con cái nhà ai mà bố mẹ chăm cho đẫy đà ngon ngọt thế,con cái nhà ai mà bố mẹ chăm cho đẫy đà ngon ngọt thế,other,neutral,4
uit_001997,"thôi bảo em gái xuống ngủ với mẹ đi , còn em percó sợ ma không ? thì ngủ với anh . hehe","thôi bảo em gái xuống ngủ với mẹ đi , còn em percó sợ ma không ? thì ngủ với anh . hehe",enjoyment,happiness,2
uit_004114,nguy hiểm,nguy hiểm,fear,fear,1
uit_000837,aw giống tao vậy =))) mấy thứ linh tinh tao còn để nguyên vào 1 cái hộp bự cơ,aw giống tao vậy =))) mấy thứ linh tinh tao còn để nguyên vào 1 cái hộp bự cơ,enjoyment,happiness,2
uit_000330,vl mồm thì chửi người ta nhem nhẻm ra xong cứ bảo người ta mất dậy :)) chị kia đã chửi được câu đéo nào đâu mà nó cứ bảo mất dậy . đâm hỏng xe người ta xong còn đòi đọ lồn :))))) bố mày lậy . phải tao là tao sút cho tung con mẹ mày cái lồn già lên rồi cho mất dậy cả thể . cứ cậy đẻ 5 lứa rồi lồn rộng mép dài ra đường bắt nạt đứa lồn bé hơn,vl mồm thì chửi người ta nhem nhẻm ra xong cứ bảo người ta mất dậy :)) chị kia đã chửi được câu đéo nào đâu mà nó cứ bảo mất dậy . đâm hỏng xe người ta xong còn đòi đọ lồn :))))) bố mày lậy . phải tao là tao sút cho tung con mẹ mày cái lồn già lên rồi cho mất dậy cả thể . cứ cậy đẻ 5 lứa rồi lồn rộng mép dài ra đường bắt nạt đứa lồn bé hơn,anger,anger,0
uit_005081,không biết ô ý có nhận con nuôi không nhỉ ?,không biết ô ý có nhận con nuôi không nhỉ ?,other,neutral,4
uit_001660,bộ phim truyền cảm hứng hay nhất =),bộ phim truyền cảm hứng hay nhất =),enjoyment,happiness,2
uit_004775,per tiến cử bản thân nào,per tiến cử bản thân nào,other,neutral,4
uit_003450,crush bị thịt hay không không quan trọng . t chỉ sợ vợ tao đang bị thg nào đó gạ địt thôi . nghĩ mà buồn,crush bị thịt hay không không quan trọng . t chỉ sợ vợ tao đang bị thg nào đó gạ địt thôi . nghĩ mà buồn,sadness,sadness,3
uit_000429,per tiếc cái gì đấy bố nó,per tiếc cái gì đấy bố nó,sadness,sadness,3
uit_002972,"chó chứ không phải người , rất mong pháp luật anh minh","chó chứ không phải người , rất mong pháp luật anh minh",anger,anger,0
uit_001586,đó cứ có phải trông giàu sang phú quý là sẽ sòng phẳng đâu,đó cứ có phải trông giàu sang phú quý là sẽ sòng phẳng đâu,other,neutral,4
uit_001486,cho em canh với . hehe,cho em canh với . hehe,enjoyment,happiness,2
uit_003006,cuối cùng là hai mình ăn được ngủ được :))) đứa nào cũng lên vài kí,cuối cùng là hai mình ăn được ngủ được :))) đứa nào cũng lên vài kí,enjoyment,happiness,2
uit_003757,không biết nói sao ... nghiện chuẩn mẹ rồi ... crush ợ . mà nó nhẫn tâm lắm hồi trước còn hay call video . từ hôm tao cạo trọc y như là mất tích luôn . chắc phải để tóc mọc lại tao mới dám gọi . 🤭,không biết nói sao ... nghiện chuẩn mẹ rồi ... crush ợ . mà nó nhẫn tâm lắm hồi trước còn hay call video . từ hôm tao cạo trọc y như là mất tích luôn . chắc phải để tóc mọc lại tao mới dám gọi . 🤭,enjoyment,happiness,2
uit_001010,thương các con quá đi,thương các con quá đi,sadness,sadness,3
uit_000599,nghe nguồn tao biết được độ chân thực của câu chuyện rồi 😂😂😂,nghe nguồn tao biết được độ chân thực của câu chuyện rồi 😂😂😂,enjoyment,happiness,2
uit_001889,"thôi , không tranh luận với các ông . thế đi đường gặp thằng nào đỗ thế này cả nửa ngày , mà tắc đường và gọi nó không được , các ông đừng há mồm ra dume nó nhé . vì nó đúng mà","thôi , không tranh luận với các ông . thế đi đường gặp thằng nào đỗ thế này cả nửa ngày , mà tắc đường và gọi nó không được , các ông đừng há mồm ra dume nó nhé . vì nó đúng mà",anger,anger,0
uit_001623,anh ơi :3 hôm nay em thích anh chơi game và đi ngủ sớm đấy :3 đừng đi chơi với gái :<,anh ơi :3 hôm nay em thích anh chơi game và đi ngủ sớm đấy :3 đừng đi chơi với gái :<,other,neutral,4
uit_003792,khổ thân các cháu,khổ thân các cháu,sadness,sadness,3
uit_003431,nhìn hình chế là tao vui lắm :)),nhìn hình chế là tao vui lắm :)),enjoyment,happiness,2
uit_004650,tao không theo dõi phim . xem bập bõm mấy tập mới biết em nó là con gái 😅.,tao không theo dõi phim . xem bập bõm mấy tập mới biết em nó là con gái 😅.,enjoyment,happiness,2
uit_001319,mày không phải nhảy vào mồm tao như thế . nhảy vào là tao cạp cạp cạp ...,mày không phải nhảy vào mồm tao như thế . nhảy vào là tao cạp cạp cạp ...,anger,anger,0
uit_004589,góc chụp đẹp và ánh sáng tốt,góc chụp đẹp và ánh sáng tốt,other,neutral,4
uit_002723,đag đi học mà gặp cảnh này :)) chắc chạy về cúp học luôn,đag đi học mà gặp cảnh này :)) chắc chạy về cúp học luôn,fear,fear,1
uit_000754,mấy nay tao cũng bị ám ảnh,mấy nay tao cũng bị ám ảnh,fear,fear,1
uit_001733,"nhìn cảnh này mình nhớ lại cảnh ông ngoại mình đứng ngay quan tài bà ngoại khóc nức nở . bà đi rồi để ông ở lại một mình , đau lòng quá","nhìn cảnh này mình nhớ lại cảnh ông ngoại mình đứng ngay quan tài bà ngoại khóc nức nở . bà đi rồi để ông ở lại một mình , đau lòng quá",sadness,sadness,3
uit_002278,trò cười . :v,trò cười . :v,enjoyment,happiness,2
uit_003711,khóc muốn rơi cả mắt,khóc muốn rơi cả mắt,sadness,sadness,3
uit_000693,chẳng bù tuổi thơ tao đi học toàn gặp mấy thằng ông nội mắc thần bố . gặp mặt tao là đánh với bắt nạt tao có trò mới là bắt tao ra thử trước bà mẹ nó :))) cái phường bất lương,chẳng bù tuổi thơ tao đi học toàn gặp mấy thằng ông nội mắc thần bố . gặp mặt tao là đánh với bắt nạt tao có trò mới là bắt tao ra thử trước bà mẹ nó :))) cái phường bất lương,anger,anger,0
uit_001084,"thì bác cứ tranh luận đi , bác nói đúng thì mình cũng chả nói gì , còn mình thấy cái kiểu cậy nhà mặt đường nhưng tư tưởng nhắn tin kia thì kiểu gì cũng có ngày sấp mặt .","thì bác cứ tranh luận đi , bác nói đúng thì mình cũng chả nói gì , còn mình thấy cái kiểu cậy nhà mặt đường nhưng tư tưởng nhắn tin kia thì kiểu gì cũng có ngày sấp mặt .",anger,anger,0
uit_002277,nó ăn chay mà,nó ăn chay mà,other,neutral,4
uit_000709,kiểu định share vì thấy tinh thần khá hơn nhưng đọc bình luận xong kiểu nhiều đứa còn tiêu cực hơn mình :<,kiểu định share vì thấy tinh thần khá hơn nhưng đọc bình luận xong kiểu nhiều đứa còn tiêu cực hơn mình :<,sadness,sadness,3
uit_002461,bố mẹ cho ta đx tồn tại trên cuộc đời này biết nhận thức thì tự đi lên từ đôi tay của mình nhé 😘,bố mẹ cho ta đx tồn tại trên cuộc đời này biết nhận thức thì tự đi lên từ đôi tay của mình nhé 😘,enjoyment,happiness,2
uit_001362,"dùng iq xíu đi mấy má , người ta đang mô tả tình yêu của người ta","dùng iq xíu đi mấy má , người ta đang mô tả tình yêu của người ta",other,neutral,4
uit_003288,per là ai thế nhỉ cụ :)),per là ai thế nhỉ cụ :)),other,neutral,4
uit_002306,"tình đến , rồi tình cũng điii 🙂🙂🙂","tình đến , rồi tình cũng điii 🙂🙂🙂",sadness,sadness,3
uit_000254,nó mới ghé nhà tao đây :)),nó mới ghé nhà tao đây :)),enjoyment,happiness,2
uit_000365,mong anh có thể đạt được ước mơ của mình .... cố lên,mong anh có thể đạt được ước mơ của mình .... cố lên,enjoyment,happiness,2
uit_004336,crush hôm nay đeo khẩu trag không thấy nó cười mà nhìn mắt dể thương vãi ra 😂,crush hôm nay đeo khẩu trag không thấy nó cười mà nhìn mắt dể thương vãi ra 😂,enjoyment,happiness,2
uit_004300,và rồi xung quanh thắc măc rằng mày đã không còn là con gái từ khi nào,và rồi xung quanh thắc măc rằng mày đã không còn là con gái từ khi nào,other,neutral,4
uit_005251,"và sau mùa vải , tàn dư còn lại là những nốt mụn 😌😌😌","và sau mùa vải , tàn dư còn lại là những nốt mụn 😌😌😌",sadness,sadness,3
uit_000483,ngưỡng mộ quá đi ạ . chúc 2 ac mãi mãi hạnh phúc như này nha :))),ngưỡng mộ quá đi ạ . chúc 2 ac mãi mãi hạnh phúc như này nha :))),enjoyment,happiness,2
uit_003443,chân tao không đu ̉ da ̀ i đi ̉ đi con đươ ̀ người na ̀ y :((((,chân tao không đu ̉ da ̀ i đi ̉ đi con đươ ̀ người na ̀ y :((((,sadness,sadness,3
uit_002918,khổ thân con mèo :((,khổ thân con mèo :((,sadness,sadness,3
uit_001967,bởi vì gặp nhau sai thời điểm nên tôi mất người mãi mãi ...,bởi vì gặp nhau sai thời điểm nên tôi mất người mãi mãi ...,sadness,sadness,3
uit_002570,""" tụi mình tuy không yêu nhau hai lần , nhưng nếu có cơ hội ... anh chắc chắn vẫn tặng em đoá hồng đẹp nhất """,""" tụi mình tuy không yêu nhau hai lần , nhưng nếu có cơ hội ... anh chắc chắn vẫn tặng em đoá hồng đẹp nhất """,enjoyment,happiness,2
uit_004026,"hôm bữa đi ngang qua , thấy hết con mẹ nó hồn","hôm bữa đi ngang qua , thấy hết con mẹ nó hồn",fear,fear,1
uit_004346,cũng không có gì đặc sắc lắm . vì em còn mặc cả áo khoác chống cả tuyết lên cơ,cũng không có gì đặc sắc lắm . vì em còn mặc cả áo khoác chống cả tuyết lên cơ,other,neutral,4
uit_000648,nhưng nó lại đéo thích :>,nhưng nó lại đéo thích :>,other,neutral,4
uit_000914,"anw , vote cho anh vũ","anw , vote cho anh vũ",enjoyment,happiness,2
uit_002216,lần sau nhìn thấy hắt nước tiểu vào người nó ngay,lần sau nhìn thấy hắt nước tiểu vào người nó ngay,anger,anger,0
uit_000533,có đứa nào xem mà thèm đi biển như tao không ?,có đứa nào xem mà thèm đi biển như tao không ?,enjoyment,happiness,2
uit_000705,hú hồn chim én :) nào làm ra này chắc cũng ngáo dữ :) chắc add không sợ nhện :),hú hồn chim én :) nào làm ra này chắc cũng ngáo dữ :) chắc add không sợ nhện :),fear,fear,1
uit_004039,per tập gym xong để đi nhảy thế này à 😂😂😂,per tập gym xong để đi nhảy thế này à 😂😂😂,other,neutral,4
uit_003616,per ồ ồ chân chính chạnh lòng rồi 😂,per ồ ồ chân chính chạnh lòng rồi 😂,enjoyment,happiness,2
uit_001635,"đứng nhất tại trừ phí nhiều chứ khỉ gì . mới lãnh lương xong là trừ , không đki dịch vụ gì hết mà tháng nào cũng trừ , tới lúc cần giải quyết ra đợi cả buổi , rồi lại hẹn cả tuần .","đứng nhất tại trừ phí nhiều chứ khỉ gì . mới lãnh lương xong là trừ , không đki dịch vụ gì hết mà tháng nào cũng trừ , tới lúc cần giải quyết ra đợi cả buổi , rồi lại hẹn cả tuần .",anger,anger,0
uit_000762,đm tao biết trước cả sự việc kiểu lìn gì cũng có nhện nhảy lên màn hình . vì mấy năm trước cũng có 1 thể loại giống như vậy . đm hú nhồn,đm tao biết trước cả sự việc kiểu lìn gì cũng có nhện nhảy lên màn hình . vì mấy năm trước cũng có 1 thể loại giống như vậy . đm hú nhồn,fear,fear,1
uit_002513,dm kiện cho đi tù chết mẹ đi,dm kiện cho đi tù chết mẹ đi,anger,anger,0
uit_000684,dân kinh doanh khoái đi chợ này lắm nè,dân kinh doanh khoái đi chợ này lắm nè,enjoyment,happiness,2
uit_000474,ngu cho chết chứ nói con cặc gì,ngu cho chết chứ nói con cặc gì,anger,anger,0
uit_003490,"công trình 850 năm tuổi , xây dựng 100 năm mới hoàn thành chỉ còn là đống cháy sắt vụn .","công trình 850 năm tuổi , xây dựng 100 năm mới hoàn thành chỉ còn là đống cháy sắt vụn .",sadness,sadness,3
uit_003516,thương vlll,thương vlll,enjoyment,happiness,2
uit_000132,cả đám súc vật này,cả đám súc vật này,anger,anger,0
uit_005033,đơn giản vậy thôi là đủ ❤️,đơn giản vậy thôi là đủ ❤️,enjoyment,happiness,2
uit_002511,giờ mới biết =)),giờ mới biết =)),enjoyment,happiness,2
uit_000155,tôi rất mong sử phạt giao thông cũng mạnh tay như thế nào thì tốt,tôi rất mong sử phạt giao thông cũng mạnh tay như thế nào thì tốt,other,neutral,4
uit_000237,trên đời sợ nhất mấy con trùn trùn như ri ! nhất là giun đất với rắn !!! đã từng bỏ tiết học sinh học mổ giun đất 😞😞,trên đời sợ nhất mấy con trùn trùn như ri ! nhất là giun đất với rắn !!! đã từng bỏ tiết học sinh học mổ giun đất 😞😞,fear,fear,1
uit_003689,"cần gì xa hoa đâu , thế này là hạnh phúc , thấy thương và ngưỡng mộ ông bà quá","cần gì xa hoa đâu , thế này là hạnh phúc , thấy thương và ngưỡng mộ ông bà quá",enjoyment,happiness,2
uit_001559,chuyên cơ tt quá đẹp ! bao giờ má mua được chiêc như vâ ̀ y trơi ̀ !!,chuyên cơ tt quá đẹp ! bao giờ má mua được chiêc như vâ ̀ y trơi ̀ !!,enjoyment,happiness,2
uit_001683,tốt nhất là không nên mang điện thoại theo người,tốt nhất là không nên mang điện thoại theo người,other,neutral,4
uit_003585,lúc tối mày cũng nằm mơ nèo nhà mày về . ước gì nó là sự thật 😢,lúc tối mày cũng nằm mơ nèo nhà mày về . ước gì nó là sự thật 😢,sadness,sadness,3
uit_004275,đó là những nơi khác . chứ chỗ làm của em . anh chị đáng yêu v đáng quý . em học tập được rất nhìu kinh nghiệm .,đó là những nơi khác . chứ chỗ làm của em . anh chị đáng yêu v đáng quý . em học tập được rất nhìu kinh nghiệm .,enjoyment,happiness,2
uit_001980,per không cho anh đi tập đâu nha mất bồ như chơi,per không cho anh đi tập đâu nha mất bồ như chơi,fear,fear,1
uit_003629,thôi có gì đâu mà cãi,thôi có gì đâu mà cãi,other,neutral,4
uit_003308,hihi lâu lắm rùi mới thấy nó,hihi lâu lắm rùi mới thấy nó,enjoyment,happiness,2
uit_001367,hôm nay anh xin lỗi em về những việc anh đã làm hôm nay .. anh không thể kiểm soát não anh được nữa rồi 🤫,hôm nay anh xin lỗi em về những việc anh đã làm hôm nay .. anh không thể kiểm soát não anh được nữa rồi 🤫,sadness,sadness,3
uit_003229,trường mình chị lao công đóng cửa :((,trường mình chị lao công đóng cửa :((,other,neutral,4
uit_003776,lại tạo điều kiện cho mấy chị fa vào thả thính . :)),lại tạo điều kiện cho mấy chị fa vào thả thính . :)),enjoyment,happiness,2
uit_001577,nhà em có tính lắp không per,nhà em có tính lắp không per,other,neutral,4
uit_001356,"sao mày không như crush của tao , thuỷ triều lên cũng đéo sợ nhé 😆","sao mày không như crush của tao , thuỷ triều lên cũng đéo sợ nhé 😆",enjoyment,happiness,2
uit_004744,nhất định sẽ có một ngày tao sẽ thành công và tự nói bản thân rằng mày làm tốt lắm,nhất định sẽ có một ngày tao sẽ thành công và tự nói bản thân rằng mày làm tốt lắm,enjoyment,happiness,2
uit_002372,tao coi xong tao khóc .,tao coi xong tao khóc .,sadness,sadness,3
uit_001864,đcm . mấy hôm này đi đâu cungz thấy chủ tịch . đéo ngán à ?,đcm . mấy hôm này đi đâu cungz thấy chủ tịch . đéo ngán à ?,anger,anger,0
uit_004928,"t đề nghị tụi mày trả cái đĩa bay cho con bé đi nghe , tới ca mà vào điều tra thì tụi mày mệt :))","t đề nghị tụi mày trả cái đĩa bay cho con bé đi nghe , tới ca mà vào điều tra thì tụi mày mệt :))",other,neutral,4
uit_000468,per con nghĩ cậu nên thử,per con nghĩ cậu nên thử,other,neutral,4
uit_000764,hỏi lồn gì lắm thế,hỏi lồn gì lắm thế,anger,anger,0
uit_001388,"lâu lắm đéo được gặp nhện trong wc , quên mất cảm giác nhịn ỉa như nào rồi 😂","lâu lắm đéo được gặp nhện trong wc , quên mất cảm giác nhịn ỉa như nào rồi 😂",fear,fear,1
uit_003167,hú hồn lon vẫn còn,hú hồn lon vẫn còn,fear,fear,1
uit_002141,chỉ mong có người đến cuối đời vẫn yêu mình như ngày đầu tiên ❤,chỉ mong có người đến cuối đời vẫn yêu mình như ngày đầu tiên ❤,enjoyment,happiness,2
uit_005125,cưng ghê ❤️,cưng ghê ❤️,enjoyment,happiness,2
uit_001804,"cho phải công bằng , nếu không anh chị em không hoà thuận ...","cho phải công bằng , nếu không anh chị em không hoà thuận ...",other,neutral,4
uit_000160,per tự nhiên tao cảm thấy bị nhột nhột trong người mày ạ,per tự nhiên tao cảm thấy bị nhột nhột trong người mày ạ,other,neutral,4
uit_004013,câu chyện cổ tích thật ý nghĩa 😂😂,câu chyện cổ tích thật ý nghĩa 😂😂,enjoyment,happiness,2
uit_000540,đi chơi xong về cũng buồn như chó cắn tiếp thôi,đi chơi xong về cũng buồn như chó cắn tiếp thôi,sadness,sadness,3
uit_000134,may mình đi làm rồi chứ 10 năm trước chắc sẽ phát khổ với bố mẹ vì mấy tin con nhà người ta như thế nào,may mình đi làm rồi chứ 10 năm trước chắc sẽ phát khổ với bố mẹ vì mấy tin con nhà người ta như thế nào,enjoyment,happiness,2
uit_001547,"hồi lớp 1 đú theo lũ bạn về học nấu . thế là cơm sống , sợ quá vùi gạo trong đống tro","hồi lớp 1 đú theo lũ bạn về học nấu . thế là cơm sống , sợ quá vùi gạo trong đống tro",fear,fear,1
uit_002870,trông tội vãi,trông tội vãi,sadness,sadness,3
uit_005254,khi nào mình già rồi cũng như v nha per kkkkkkkkkk,khi nào mình già rồi cũng như v nha per kkkkkkkkkk,enjoyment,happiness,2
uit_001730,thính hơn chó động 1 tí là kêu inh ỏi điếc cả tai . đuổi thì đuổi dai 😒,thính hơn chó động 1 tí là kêu inh ỏi điếc cả tai . đuổi thì đuổi dai 😒,anger,anger,0
uit_004789,"mình chưa từng thấy phim nào ý nghĩa như phim này cả , nó dạy cho ta về nhiều mặt trong cuộc sống , khi vui , khi buồn","mình chưa từng thấy phim nào ý nghĩa như phim này cả , nó dạy cho ta về nhiều mặt trong cuộc sống , khi vui , khi buồn",enjoyment,happiness,2
uit_003626,chỉ là muốn cạnh mà chỉ có 2 người . nói đủ chuyện trên đời dưới biển rồi đi vào giấc ngủ ngon . vậy thoii,chỉ là muốn cạnh mà chỉ có 2 người . nói đủ chuyện trên đời dưới biển rồi đi vào giấc ngủ ngon . vậy thoii,enjoyment,happiness,2
uit_005013,t chỉ chờ đết lúc nó lôi ra xem được cục to như ngón tay không,t chỉ chờ đết lúc nó lôi ra xem được cục to như ngón tay không,other,neutral,4
uit_002174,có đứa nào đéo giật mình như tao không :))),có đứa nào đéo giật mình như tao không :))),enjoyment,happiness,2
uit_002230,mình đã về đến nhà an toàn hihi,mình đã về đến nhà an toàn hihi,enjoyment,happiness,2
uit_003080,dịch vụ tận tâm . đáng yêu quá ! : x,dịch vụ tận tâm . đáng yêu quá ! : x,enjoyment,happiness,2
uit_003473,per nhất định chị em mê tín mình p đi xem phim này rồi,per nhất định chị em mê tín mình p đi xem phim này rồi,enjoyment,happiness,2
uit_000584,thiết bị này mua như nào nhỉ,thiết bị này mua như nào nhỉ,other,neutral,4
uit_003101,nếu như bạn nào không biết là bạn đồ chanh chẹ,nếu như bạn nào không biết là bạn đồ chanh chẹ,other,neutral,4
uit_001513,lớn lên sẽ rất đẹp chaiii ??,lớn lên sẽ rất đẹp chaiii ??,enjoyment,happiness,2
uit_002146,ủa tao đang coi cái gì v 😂,ủa tao đang coi cái gì v 😂,other,neutral,4
uit_000512,bán hàng online hồi năm cấp 3 :))) tháng hè ấy đi quanh hạnh phúc để giao hàng với bố . được lãi 4 tr :)))),bán hàng online hồi năm cấp 3 :))) tháng hè ấy đi quanh hạnh phúc để giao hàng với bố . được lãi 4 tr :)))),enjoyment,happiness,2
uit_000607,thế này mà mày vẫn còn buồn thì ...,thế này mà mày vẫn còn buồn thì ...,sadness,sadness,3
uit_004730,nhưng quan trọng phải có cách xử lý nước thải của người dân không được đổ ra sông nữa chứ không thì cũng vứt,nhưng quan trọng phải có cách xử lý nước thải của người dân không được đổ ra sông nữa chứ không thì cũng vứt,other,neutral,4
uit_002889,có biết bao người có mảnh đời như vậy !,có biết bao người có mảnh đời như vậy !,sadness,sadness,3
uit_005044,ôi trời nguy hiểm thế,ôi trời nguy hiểm thế,fear,fear,1
uit_002873,học xong lớp 12 tao chỉ mong 1 đều đừng bao giờ có họp lớp :))),học xong lớp 12 tao chỉ mong 1 đều đừng bao giờ có họp lớp :))),other,neutral,4
uit_001615,bớt rung động đời bớt suy nghĩ,bớt rung động đời bớt suy nghĩ,other,neutral,4
uit_004537,"nhớ lúc trước có thằng bạn học rất giỏi và đẹp trai , lớp phó kỷ luật lạnh lùng và tàn ác không thương sót ai , ghi hết vào sổ . chỉ riêng mình là có thể giật tập nó để chép bài và đánh nó không thương tiếc mà nó vẫn im lặng , không bao giờ bị nó ghi tên vào sổ . kiểm tra quay phao nó giục bỏ và canh cô đưa bài cho chép","nhớ lúc trước có thằng bạn học rất giỏi và đẹp trai , lớp phó kỷ luật lạnh lùng và tàn ác không thương sót ai , ghi hết vào sổ . chỉ riêng mình là có thể giật tập nó để chép bài và đánh nó không thương tiếc mà nó vẫn im lặng , không bao giờ bị nó ghi tên vào sổ . kiểm tra quay phao nó giục bỏ và canh cô đưa bài cho chép",enjoyment,happiness,2
uit_004722,"vì luật áp dụng đối với vụ án phân chia tài sản trên 4 tỷ thì mức án phí là 0 , 01 %. suy ra vụ này trên 8 nghìn tỷ thì mức án phí là 81 tỷ là đúng rồi .","vì luật áp dụng đối với vụ án phân chia tài sản trên 4 tỷ thì mức án phí là 0 , 01 %. suy ra vụ này trên 8 nghìn tỷ thì mức án phí là 81 tỷ là đúng rồi .",enjoyment,happiness,2
uit_004090,nhìn quả mặt nó làm tao thoả mãn vãi,nhìn quả mặt nó làm tao thoả mãn vãi,enjoyment,happiness,2
uit_003563,đang bo cuối mà lạ có vị trí đẹp thì đúng là tuyệt vời :))),đang bo cuối mà lạ có vị trí đẹp thì đúng là tuyệt vời :))),enjoyment,happiness,2
uit_005212,ai thấy pha cuối phê vãi không,ai thấy pha cuối phê vãi không,enjoyment,happiness,2
uit_001937,ăn ở cái gì huhu,ăn ở cái gì huhu,sadness,sadness,3
uit_000420,dễ thương mà,dễ thương mà,enjoyment,happiness,2
uit_000482,chưa đâu ... nó mang bánh gato vào xong bôi đầy tường mới là cả một rổ của sự hloz,chưa đâu ... nó mang bánh gato vào xong bôi đầy tường mới là cả một rổ của sự hloz,anger,anger,0
uit_002580,😭😭😭 sinh lão bệnh tử hẹn gặp kiếp sau,😭😭😭 sinh lão bệnh tử hẹn gặp kiếp sau,sadness,sadness,3
uit_000331,"trời mẹ phim gì vậy thớt ơi , cười ná thở","trời mẹ phim gì vậy thớt ơi , cười ná thở",enjoyment,happiness,2
uit_000575,phim hay vãi ra . đến giờ vẫn thấy mình giống bạn ma nữ quá trời 😂😂😂,phim hay vãi ra . đến giờ vẫn thấy mình giống bạn ma nữ quá trời 😂😂😂,enjoyment,happiness,2
uit_002449,hay à ngheng,hay à ngheng,enjoyment,happiness,2
uit_005133,chỉ là bạn chưa biết yêu đúng cách thoiii,chỉ là bạn chưa biết yêu đúng cách thoiii,other,neutral,4
uit_000130,bố mày ngứa mắt lắm rồi đấy,bố mày ngứa mắt lắm rồi đấy,anger,anger,0
uit_002895,per tao mãi mãi bị con này ám ảnh từ bé đến giờ . thứ gì mà đéo thể yêu thương nỗi . nghe tiếng nó kêu là tao bỏ chạy trăm mét 😒,per tao mãi mãi bị con này ám ảnh từ bé đến giờ . thứ gì mà đéo thể yêu thương nỗi . nghe tiếng nó kêu là tao bỏ chạy trăm mét 😒,fear,fear,1
uit_004998,per không lấy được vợ thì có thể đi tâp gym đêt lấy chồng 😁😁,per không lấy được vợ thì có thể đi tâp gym đêt lấy chồng 😁😁,enjoyment,happiness,2
uit_001641,tên thì tất nhiên nhớ nhưng ngày sinh của tao thì ông bà bô nhà tao không một ai nhớ cả ^^,tên thì tất nhiên nhớ nhưng ngày sinh của tao thì ông bà bô nhà tao không một ai nhớ cả ^^,sadness,sadness,3
uit_000325,hahahaha,hahahaha,enjoyment,happiness,2
uit_000681,cả 1 đời người chẳng mong gì chỉ mong từ đây đến phút cuối vẫn có người không quên mình đã từng tồn tại,cả 1 đời người chẳng mong gì chỉ mong từ đây đến phút cuối vẫn có người không quên mình đã từng tồn tại,sadness,sadness,3
uit_004541,nhớ hồi mình làm đồng nghiệp ghê :))),nhớ hồi mình làm đồng nghiệp ghê :))),enjoyment,happiness,2
uit_000446,per bị chì chiết từ 6h sang đến 23h phia . vẫn sống vui 😊😉,per bị chì chiết từ 6h sang đến 23h phia . vẫn sống vui 😊😉,enjoyment,happiness,2
uit_003692,thế là đã phần nào đoán được kết quả cuộc gặp tại hà nội,thế là đã phần nào đoán được kết quả cuộc gặp tại hà nội,other,neutral,4
uit_000922,rớt vô đây chắc chắc khóc tiếng thái lan,rớt vô đây chắc chắc khóc tiếng thái lan,fear,fear,1
uit_003723,per chiều anh bắn chưởng để em quay nhé,per chiều anh bắn chưởng để em quay nhé,other,neutral,4
uit_003238,xem xong video tự thấy mình còn không bằng con chó ...,xem xong video tự thấy mình còn không bằng con chó ...,sadness,sadness,3
uit_001687,thế là dấu ấn lịch sử và hình tượng thằng gù nhà thờ đức bà của nước pháp đã thành tàn tro :(,thế là dấu ấn lịch sử và hình tượng thằng gù nhà thờ đức bà của nước pháp đã thành tàn tro :(,sadness,sadness,3
uit_001825,hàng nhà tao cắt tóc xong thì tao cười như con điên từ sáng đến tối =)))),hàng nhà tao cắt tóc xong thì tao cười như con điên từ sáng đến tối =)))),enjoyment,happiness,2
uit_004302,chửi nữa đi anh ơi :)),chửi nữa đi anh ơi :)),other,neutral,4
uit_004683,tao đi trợ giảng học sinh cũng dạy thầy cô nói chuyện ngoài múa quạt cmnl,tao đi trợ giảng học sinh cũng dạy thầy cô nói chuyện ngoài múa quạt cmnl,other,neutral,4
uit_000003,thằng kia sao mày bắt vợ với bồ tao dọn thế kia . nhà mày ở đâu tao đến thịt mày chết,thằng kia sao mày bắt vợ với bồ tao dọn thế kia . nhà mày ở đâu tao đến thịt mày chết,anger,anger,0
uit_002673,tuyển ngay về làm nghiên cứu viên cao cấp cho các hãng khóa :d,tuyển ngay về làm nghiên cứu viên cao cấp cho các hãng khóa :d,enjoyment,happiness,2
uit_002323,per cho vợ đi cầu này để giảm cân nhá 🤣🤣,per cho vợ đi cầu này để giảm cân nhá 🤣🤣,enjoyment,happiness,2
uit_002764,"rồi , chợt mình tỉnh giấc :) mơ đủ rồi đó","rồi , chợt mình tỉnh giấc :) mơ đủ rồi đó",other,neutral,4
uit_003148,thật ra là nó muốn kiếm em gái anh trai mưa đấy,thật ra là nó muốn kiếm em gái anh trai mưa đấy,other,neutral,4
uit_003222,ơ cưng < 3 < 3,ơ cưng < 3 < 3,enjoyment,happiness,2
uit_003408,liệu có bền lâu,liệu có bền lâu,other,neutral,4
uit_000262,như con ma tơi có ngày ném cho cái cốc vào mặt thì đừng trách,như con ma tơi có ngày ném cho cái cốc vào mặt thì đừng trách,anger,anger,0
uit_001452,các bạn đã xuất sắc hoàn thành nhiệm vụ,các bạn đã xuất sắc hoàn thành nhiệm vụ,enjoyment,happiness,2
uit_000230,lâu rồi chưa nghe ... nghe lại vẫn hay và ngấm như ngày nào :)),lâu rồi chưa nghe ... nghe lại vẫn hay và ngấm như ngày nào :)),enjoyment,happiness,2
uit_004036,có ai thừa biết nó sẽ nhảy vào điện thoại nhưng cuối cùng là vẫn giật mình không 🤣,có ai thừa biết nó sẽ nhảy vào điện thoại nhưng cuối cùng là vẫn giật mình không 🤣,enjoyment,happiness,2
uit_004547,"còn tao nhé , hơi bị ngon","còn tao nhé , hơi bị ngon",enjoyment,happiness,2
uit_001152,"ước gì con về với mẹ .... đợi mấy tháng rồi vẫn chưa thấy bóng dáng con , mong con vẫn sống ...","ước gì con về với mẹ .... đợi mấy tháng rồi vẫn chưa thấy bóng dáng con , mong con vẫn sống ...",sadness,sadness,3
uit_000360,mấy ai chứng minh được điều đó 😍,mấy ai chứng minh được điều đó 😍,other,neutral,4
uit_001594,yêu quá ! xinh quá ??????,yêu quá ! xinh quá ??????,enjoyment,happiness,2
uit_005096,năm xưa mày cũng ôm gối đứng cửa phòng c như này này per 🤣🤣🤣,năm xưa mày cũng ôm gối đứng cửa phòng c như này này per 🤣🤣🤣,enjoyment,happiness,2
uit_000078,gặm gặm cái đéo ý à ... bố gặm luôn mày giờ ...!!!,gặm gặm cái đéo ý à ... bố gặm luôn mày giờ ...!!!,anger,anger,0
uit_000692,per ly trà sen của anh đem qua có ngày nó thành như v đó 😭😭 hức hức ...,per ly trà sen của anh đem qua có ngày nó thành như v đó 😭😭 hức hức ...,sadness,sadness,3
uit_001574,thứ mà dễ dàng qa cũng nguy hiểm,thứ mà dễ dàng qa cũng nguy hiểm,fear,fear,1
uit_003142,"3s để tôi nói tôi yêu em và cả quãng đời còn lại để tôi chứng minh lời tôi nói :"" tôi yêu em ""","3s để tôi nói tôi yêu em và cả quãng đời còn lại để tôi chứng minh lời tôi nói :"" tôi yêu em """,enjoyment,happiness,2
uit_003901,chị khổ mấy cô giáo viên giám đứng ra tố cáo . sau này bị làm khó hoặc trả thù,chị khổ mấy cô giáo viên giám đứng ra tố cáo . sau này bị làm khó hoặc trả thù,sadness,sadness,3
uit_004813,per xem đi mày sẽ sướng thi nhìn con nhện bị giết 😂,per xem đi mày sẽ sướng thi nhìn con nhện bị giết 😂,enjoyment,happiness,2
uit_001171,con này chăm sóc n là n bao đẹp ><,con này chăm sóc n là n bao đẹp ><,enjoyment,happiness,2
uit_003472,ngta lở ăn vụn tha đi lúc đầu thấy êm re tội quá chừng lúc sau tức nước vở bờ 😂😂😂,ngta lở ăn vụn tha đi lúc đầu thấy êm re tội quá chừng lúc sau tức nước vở bờ 😂😂😂,other,neutral,4
uit_001446,"hồi nhỏ chỉ khi nào mẹ làm bánh tai yến thì mới dùng tới bếp dầu hôi này , không là bỏ tủ để dành","hồi nhỏ chỉ khi nào mẹ làm bánh tai yến thì mới dùng tới bếp dầu hôi này , không là bỏ tủ để dành",other,neutral,4
uit_002671,quê ở huyện kế bên mà chưa 1 lần đi =)))),quê ở huyện kế bên mà chưa 1 lần đi =)))),enjoyment,happiness,2
uit_003335,đi cho vui chứ chả mua sắm gì :)))) người every where,đi cho vui chứ chả mua sắm gì :)))) người every where,enjoyment,happiness,2
uit_001737,mày chuẩn bị ra rìa rồi con,mày chuẩn bị ra rìa rồi con,other,neutral,4
uit_004826,dể thương quá ah,dể thương quá ah,enjoyment,happiness,2
uit_001258,bạn trai thì chưa . nhưng mỗi lần thằng bạn nó cắt tóc cạo râu thì auto nhìn đẹp trai,bạn trai thì chưa . nhưng mỗi lần thằng bạn nó cắt tóc cạo râu thì auto nhìn đẹp trai,enjoyment,happiness,2
uit_003489,bà của tôi đã không còn khi tôi còn chưa biết gg là gì,bà của tôi đã không còn khi tôi còn chưa biết gg là gì,sadness,sadness,3
uit_004885,chạy ios cho máu 😂,chạy ios cho máu 😂,enjoyment,happiness,2
uit_003657,điều hối tiếc nhất cấp 3 là chưa kí lên áo của nhau 😢,điều hối tiếc nhất cấp 3 là chưa kí lên áo của nhau 😢,sadness,sadness,3
uit_000122,tao cũng có 1 người bà như trong video nhưng bà ấy qua đời rồi 🙁🙁🙁,tao cũng có 1 người bà như trong video nhưng bà ấy qua đời rồi 🙁🙁🙁,sadness,sadness,3
uit_002881,công ty nào làm như vậy mọi người nghĩ làm hết cho nó khỏi phải vậy ...,công ty nào làm như vậy mọi người nghĩ làm hết cho nó khỏi phải vậy ...,other,neutral,4
uit_004882,"có bao nhiêu đôi ngôn tình , cớ sao lìa xa mình ta :((","có bao nhiêu đôi ngôn tình , cớ sao lìa xa mình ta :((",sadness,sadness,3
uit_001787,đó là tìm đúng người còn sai người thì auto mối quan hệ kết thúc :)),đó là tìm đúng người còn sai người thì auto mối quan hệ kết thúc :)),enjoyment,happiness,2
uit_002939,ko bằng con 🐕,ko bằng con 🐕,other,neutral,4
uit_002741,giờ anh gù lấy đâu ra chỗ ở :'(,giờ anh gù lấy đâu ra chỗ ở :'(,sadness,sadness,3
uit_001754,"còn giữ 2 cái đĩa cổ này luôn á , ghê hông","còn giữ 2 cái đĩa cổ này luôn á , ghê hông",enjoyment,happiness,2
uit_000530,hồi đó khoái cái này lắm,hồi đó khoái cái này lắm,enjoyment,happiness,2
uit_004287,đúng rồi . chỉ có thằng ghệ nó trầm cảm thôi,đúng rồi . chỉ có thằng ghệ nó trầm cảm thôi,other,neutral,4
uit_004108,nhớ thời ở ký túc xá quá đi per,nhớ thời ở ký túc xá quá đi per,enjoyment,happiness,2
uit_002087,nháy mắt cũng đáng yêu kkkk,nháy mắt cũng đáng yêu kkkk,enjoyment,happiness,2
uit_004135,"1 câu mà người ta hay nói , đắng như vị đời 😌","1 câu mà người ta hay nói , đắng như vị đời 😌",sadness,sadness,3
uit_005037,làm bát phở đã bác ơi,làm bát phở đã bác ơi,other,neutral,4
uit_004369,nghe giống ổng là 1 nạn nhân . 😂,nghe giống ổng là 1 nạn nhân . 😂,enjoyment,happiness,2
uit_003449,má nó thú dị thôi rồi 😂😂😂,má nó thú dị thôi rồi 😂😂😂,enjoyment,happiness,2
uit_003433,em xin lỗi anh,em xin lỗi anh,sadness,sadness,3
uit_001111,"per cùng suy nghĩ , và sợ cả điện giật nữa , giờ cứ ngồi cho chắc ăn .","per cùng suy nghĩ , và sợ cả điện giật nữa , giờ cứ ngồi cho chắc ăn .",other,neutral,4
uit_000332,nhưng công nhận nhìn ngáo cỏ yêu thật =)),nhưng công nhận nhìn ngáo cỏ yêu thật =)),enjoyment,happiness,2
uit_004434,"suốt ngày trật ray , còn hay không sự phù hợp hệ thống ray - tàu với hệ thống đường sắt vn","suốt ngày trật ray , còn hay không sự phù hợp hệ thống ray - tàu với hệ thống đường sắt vn",fear,fear,1
uit_002021,năm nào cũng phải ở nhà trông nhà :((,năm nào cũng phải ở nhà trông nhà :((,sadness,sadness,3
uit_002310,tuổi thơ không có gì đặc biệt cho đến khi năm lớp 12 . nhớ cả cuộc đời cậu bạn ngồi cạnh,tuổi thơ không có gì đặc biệt cho đến khi năm lớp 12 . nhớ cả cuộc đời cậu bạn ngồi cạnh,other,neutral,4
uit_005010,per quan tâm per như là 1 đứa em gái thôi . đừng có mà ảo tưởng nha .,per quan tâm per như là 1 đứa em gái thôi . đừng có mà ảo tưởng nha .,other,neutral,4
uit_001043,giống ml em tao hồi n nhỏ vãi . muốn ngủ với mẹ nhưng bị tao nịnh nọt bắt lên ngủ với tao :)),giống ml em tao hồi n nhỏ vãi . muốn ngủ với mẹ nhưng bị tao nịnh nọt bắt lên ngủ với tao :)),enjoyment,happiness,2
uit_004293,quá hay cho admin,quá hay cho admin,enjoyment,happiness,2
uit_002388,lấy ống hút mỗi đứa cắm xuống mà hút thôi :)),lấy ống hút mỗi đứa cắm xuống mà hút thôi :)),enjoyment,happiness,2
uit_002787,yêu quá đi mất nhìn cưng khủng khiếp ??,yêu quá đi mất nhìn cưng khủng khiếp ??,enjoyment,happiness,2
uit_000701,sợ thế,sợ thế,fear,fear,1
uit_003483,phim này rất hay .,phim này rất hay .,enjoyment,happiness,2
uit_000495,đi bao xa mới thoát đựoc kiếp không có người yêu ? :<,đi bao xa mới thoát đựoc kiếp không có người yêu ? :<,sadness,sadness,3
uit_005266,phim gì z .. thánh nữ nào cho biết cái chủ đề dới !!,phim gì z .. thánh nữ nào cho biết cái chủ đề dới !!,other,neutral,4
uit_003532,giết chết lũ khốn và cái ô che cho chúng .,giết chết lũ khốn và cái ô che cho chúng .,anger,anger,0
uit_002284,cảm ơn bố !,cảm ơn bố !,enjoyment,happiness,2
uit_002838,coi mần cái mặt kìa trời 🤣,coi mần cái mặt kìa trời 🤣,other,neutral,4
uit_004467,thằng con đã thấy được sự sợ hãi trong mắt bố nó rồi,thằng con đã thấy được sự sợ hãi trong mắt bố nó rồi,other,neutral,4
uit_002442,khi bạn sai mà không muốn đền thì cách tốt nhất nên dọa đối thủ thật mạnh vào @@,khi bạn sai mà không muốn đền thì cách tốt nhất nên dọa đối thủ thật mạnh vào @@,other,neutral,4
uit_004910,hơi lạ nhỉ phải nhắn lại cho khách chứ grab thế này bị hủy chuyến làm sao,hơi lạ nhỉ phải nhắn lại cho khách chứ grab thế này bị hủy chuyến làm sao,other,neutral,4
uit_004477,sao lại cưng đến thế này ^^,sao lại cưng đến thế này ^^,enjoyment,happiness,2
uit_004141,"quần áo với xe thế kia là biết gia đình điều kiện tnao rồi 😂 anw , mong ông bà luôn khỏe mạnh , vui vẻ < 3","quần áo với xe thế kia là biết gia đình điều kiện tnao rồi 😂 anw , mong ông bà luôn khỏe mạnh , vui vẻ < 3",enjoyment,happiness,2
uit_004680,per xong có cưới nhau không 😂😋,per xong có cưới nhau không 😂😋,other,neutral,4
uit_002695,hồi bé bị ngỗng dí hoài =)) sợ vãi,hồi bé bị ngỗng dí hoài =)) sợ vãi,fear,fear,1
uit_002699,chúng mày cứ ra phim boom tấn cho nhiều vào,chúng mày cứ ra phim boom tấn cho nhiều vào,other,neutral,4
uit_003164,xem không dưới 3 lần chia sẻ không dưới 2 lần nhưng mỗi lần nhìn thấy lại xem lại buồn,xem không dưới 3 lần chia sẻ không dưới 2 lần nhưng mỗi lần nhìn thấy lại xem lại buồn,sadness,sadness,3
uit_000524,hú hồn con chồn chạy ngang 😑,hú hồn con chồn chạy ngang 😑,fear,fear,1
uit_001996,động lực cho tôi tiếp tục .,động lực cho tôi tiếp tục .,other,neutral,4
uit_002966,mối nguy hại đó,mối nguy hại đó,fear,fear,1
uit_002936,chắc chưa biết đến trụ đèn đỏ nằm ngay chân cầu :),chắc chưa biết đến trụ đèn đỏ nằm ngay chân cầu :),other,neutral,4
uit_002814,nhây qua ́ nhaaaa 😂😆,nhây qua ́ nhaaaa 😂😆,enjoyment,happiness,2
uit_003204,lỗi của lái tàu nhé,lỗi của lái tàu nhé,other,neutral,4
uit_002590,tận cùng của tan vỡ ah có biết là gì không ?,tận cùng của tan vỡ ah có biết là gì không ?,sadness,sadness,3
uit_003282,thương quá . géc nhất những người nuôi chó mà không chăm ... tội cho kiếp em nó gặp phải 1 người chủ như vầy . thân thương !,thương quá . géc nhất những người nuôi chó mà không chăm ... tội cho kiếp em nó gặp phải 1 người chủ như vầy . thân thương !,sadness,sadness,3
uit_001461,tính ra tao lúc nào cũng hài hước vui vẻ luôn đó trời :)))),tính ra tao lúc nào cũng hài hước vui vẻ luôn đó trời :)))),enjoyment,happiness,2
uit_000217,may quá tao đang nhà đắp chăn xem cảnh này chứ đông vậy đi chắc chớt,may quá tao đang nhà đắp chăn xem cảnh này chứ đông vậy đi chắc chớt,other,neutral,4
uit_004616,tự nhiên thấy cảm động hic,tự nhiên thấy cảm động hic,enjoyment,happiness,2
uit_001091,sao giốg với mình v . nhưg mình từ bỏ rồi người ta hình như cũng có người khác . từ đầu là do mình ảo tưởg thôi giờ thì tỉnh đi cô gái ạ,sao giốg với mình v . nhưg mình từ bỏ rồi người ta hình như cũng có người khác . từ đầu là do mình ảo tưởg thôi giờ thì tỉnh đi cô gái ạ,sadness,sadness,3
uit_003332,cũng muốn vứt giày cũ nhưng lại không có tiền mua giày mới . đành chấp nhận đau chân vậy,cũng muốn vứt giày cũ nhưng lại không có tiền mua giày mới . đành chấp nhận đau chân vậy,sadness,sadness,3
uit_001194,per ối bạn ơi quà sinh nhật mình đây rồiiiii,per ối bạn ơi quà sinh nhật mình đây rồiiiii,enjoyment,happiness,2
uit_001695,hay lắm,hay lắm,enjoyment,happiness,2
uit_003279,vỡ tan là như thế ấy,vỡ tan là như thế ấy,sadness,sadness,3
uit_002954,ha ha chịu không nổi luôn !,ha ha chịu không nổi luôn !,enjoyment,happiness,2
uit_003907,"xem mà đau lòng , đau lòng nhưng vẫn xem :((((","xem mà đau lòng , đau lòng nhưng vẫn xem :((((",sadness,sadness,3
uit_002371,t cười đấy . thế tao thả haha nhé . mà dume đấy là cháu tao . thế bây giờ không có icon vừa khóc vừa cười à :]],t cười đấy . thế tao thả haha nhé . mà dume đấy là cháu tao . thế bây giờ không có icon vừa khóc vừa cười à :]],enjoyment,happiness,2
uit_000894,con gái hiện giờ .. nấu kiểu này thì thôi xong ... cháy luôn cả nhà 😂,con gái hiện giờ .. nấu kiểu này thì thôi xong ... cháy luôn cả nhà 😂,other,neutral,4
uit_003596,còn gì hơn lòng dạ đàn bà ... cũng may tao là một con đàn ông :)),còn gì hơn lòng dạ đàn bà ... cũng may tao là một con đàn ông :)),enjoyment,happiness,2
uit_003997,per phá gia chi tử chính nó ????,per phá gia chi tử chính nó ????,anger,anger,0
uit_003074,"đêm hôm coi lại , cười mún rụg rún","đêm hôm coi lại , cười mún rụg rún",enjoyment,happiness,2
uit_002795,mở máy lên .. rồii lại đặt xuống ... cả ngày nay tôi đều như vậy để chờ anh nhắn chúc tôi .. giờ này chắc anh quên ngày này thật rồi .. cô đơn quá mức rồi đấy 😭😭,mở máy lên .. rồii lại đặt xuống ... cả ngày nay tôi đều như vậy để chờ anh nhắn chúc tôi .. giờ này chắc anh quên ngày này thật rồi .. cô đơn quá mức rồi đấy 😭😭,sadness,sadness,3
uit_001548,năm ngoái là hôm hai chị em chuẩn bị làm mứt tết ... cũng không nhó có gato với họ không ... năm nay thì khác .... vẫn cô đơn nhưng không hề gato .....,năm ngoái là hôm hai chị em chuẩn bị làm mứt tết ... cũng không nhó có gato với họ không ... năm nay thì khác .... vẫn cô đơn nhưng không hề gato .....,enjoyment,happiness,2
uit_003097,sao không mua thịt về ướp dưới nền rồi nướng luôn,sao không mua thịt về ướp dưới nền rồi nướng luôn,other,neutral,4
uit_000774,xem lại quá nhiều lần đến nỗi không nhớ nổi . vì phim quá hay và ý nghĩa .,xem lại quá nhiều lần đến nỗi không nhớ nổi . vì phim quá hay và ý nghĩa .,enjoyment,happiness,2
uit_002499,một cái vẫy tay đầy luyến tiếc từ cuộc họp tới đất nước việt nam,một cái vẫy tay đầy luyến tiếc từ cuộc họp tới đất nước việt nam,sadness,sadness,3
uit_001930,per ít bữa dẫn mày xem cái này,per ít bữa dẫn mày xem cái này,other,neutral,4
uit_000717,đấm cho liên tục vào mồm đéo trượt phát lòn nào cả =)),đấm cho liên tục vào mồm đéo trượt phát lòn nào cả =)),other,neutral,4
uit_002248,thông minh hơi muộn nhưng vẫn kịp thông minh !,thông minh hơi muộn nhưng vẫn kịp thông minh !,enjoyment,happiness,2
uit_000479,cuộc sống mà mấy ai được trọn vẹn 😢😢,cuộc sống mà mấy ai được trọn vẹn 😢😢,sadness,sadness,3
uit_003986,hahahaha tao mắc cười ghê . nhớ cái hôm sinh nhật tao ghê . chắc mấy mẹ ở guru cũng rủa dữ lắm hahaha per,hahahaha tao mắc cười ghê . nhớ cái hôm sinh nhật tao ghê . chắc mấy mẹ ở guru cũng rủa dữ lắm hahaha per,enjoyment,happiness,2
uit_004189,mẹ tao cũng thix em này 😅,mẹ tao cũng thix em này 😅,enjoyment,happiness,2
uit_003312,giọng lại còn ấm nữa chứ ♥️,giọng lại còn ấm nữa chứ ♥️,enjoyment,happiness,2
uit_001838,chàng trai mạnh mẽ !,chàng trai mạnh mẽ !,enjoyment,happiness,2
uit_003748,chời má . ngọt chết tao rồi :)))))),chời má . ngọt chết tao rồi :)))))),enjoyment,happiness,2
uit_003672,dân chơi nhìn cái biết ngay 🤣🤣,dân chơi nhìn cái biết ngay 🤣🤣,enjoyment,happiness,2
uit_001489,chắc học từ bỏ quá,chắc học từ bỏ quá,sadness,sadness,3
uit_002089,bắc sơn lạng sơn đang cháy khô rồi mưa cái gì chứ 😠,bắc sơn lạng sơn đang cháy khô rồi mưa cái gì chứ 😠,other,neutral,4
uit_000658,cách tạo nghiệp chướng nhanh và hiệu quả :)),cách tạo nghiệp chướng nhanh và hiệu quả :)),enjoyment,happiness,2
uit_000844,tội cả con quá 😭😭 một lũ vô nhân tính đã hủy hoại những mầm non tương lai .,tội cả con quá 😭😭 một lũ vô nhân tính đã hủy hoại những mầm non tương lai .,sadness,sadness,3
uit_003576,chơi ngu lỡ người ta té chấn thương đập đầu rồi ai nuôi 😐😐😐 ở vn nó xúm lại đánh hội đồng ôm đầu mà khóc 😅😅😅,chơi ngu lỡ người ta té chấn thương đập đầu rồi ai nuôi 😐😐😐 ở vn nó xúm lại đánh hội đồng ôm đầu mà khóc 😅😅😅,other,neutral,4
uit_002110,nhớ bộ phim thằng gù nhà thờ đức bà không ?,nhớ bộ phim thằng gù nhà thờ đức bà không ?,other,neutral,4
uit_003081,câu chuyện dễ thương thật ^^,câu chuyện dễ thương thật ^^,enjoyment,happiness,2
uit_002729,per đã hiểu sao hè năm ngoái có quả lịch học vãi chưa =)),per đã hiểu sao hè năm ngoái có quả lịch học vãi chưa =)),enjoyment,happiness,2
uit_003365,per :v tại nhiều nơi đổ về nên đông lại càng đông . biết lối tắt thì còn đỡ chứ không thì mệt lắm,per :v tại nhiều nơi đổ về nên đông lại càng đông . biết lối tắt thì còn đỡ chứ không thì mệt lắm,other,neutral,4
uit_002676,con bé cưng gì đâu . vk ơi anh muốn có cục bảo bối như vậy per,con bé cưng gì đâu . vk ơi anh muốn có cục bảo bối như vậy per,enjoyment,happiness,2
uit_001968,gia đình thì không còn . tình yêu thì chưa có gì chắc chắn . 😏,gia đình thì không còn . tình yêu thì chưa có gì chắc chắn . 😏,sadness,sadness,3
uit_004280,nam nhân nhà người ta kbh làm tôi thất vọng,nam nhân nhà người ta kbh làm tôi thất vọng,enjoyment,happiness,2
uit_004976,bác không ở lại làm tô phở đã 🙃🙃🙃,bác không ở lại làm tô phở đã 🙃🙃🙃,other,neutral,4
uit_002653,toàn tặng đồ gây sát thương thế kia khả năng bị phản damage là rất cao,toàn tặng đồ gây sát thương thế kia khả năng bị phản damage là rất cao,fear,fear,1
uit_003367,đây chính là lý do tao giảm cân toàn thất bại,đây chính là lý do tao giảm cân toàn thất bại,sadness,sadness,3
uit_002878,trồi ôi bài hát đỉnh caooooo,trồi ôi bài hát đỉnh caooooo,enjoyment,happiness,2
uit_004377,công chúa của anh đói rồi kìa,công chúa của anh đói rồi kìa,other,neutral,4
uit_003977,chuẩn bị hết ế :)),chuẩn bị hết ế :)),enjoyment,happiness,2
uit_002688,per đây . cô gái bán hàng thú vị đây . phải xem cho hết,per đây . cô gái bán hàng thú vị đây . phải xem cho hết,enjoyment,happiness,2
uit_000582,bình tĩnh vô cùng,bình tĩnh vô cùng,other,neutral,4
uit_000215,chuẩn . hài lòng với những thứ mình đang có . đừng mơ mộng những thứ viển vông,chuẩn . hài lòng với những thứ mình đang có . đừng mơ mộng những thứ viển vông,enjoyment,happiness,2
uit_001151,"đéo mẹ bệnh viện chứ có phải chỗ gửi xe đâu , nó niêm yết rõ ràng như thế kêu ca cái gì","đéo mẹ bệnh viện chứ có phải chỗ gửi xe đâu , nó niêm yết rõ ràng như thế kêu ca cái gì",anger,anger,0
uit_002961,tao tưởng nó té cái đùng chứ . làm ngồi chờ mãi mỏi cả mắt,tao tưởng nó té cái đùng chứ . làm ngồi chờ mãi mỏi cả mắt,sadness,sadness,3
uit_005164,điều tồi tệ nhất là kiểm tra code trên giấy .,điều tồi tệ nhất là kiểm tra code trên giấy .,sadness,sadness,3
uit_000672,đm nhà bà . con gái người ta nuôi lớn không báo đáp được gì đã về làm dâu nhà bà . nó lấy chồng chứ có làm giúp việc cho nhà bà đâu mà hành hạ nó thế .,đm nhà bà . con gái người ta nuôi lớn không báo đáp được gì đã về làm dâu nhà bà . nó lấy chồng chứ có làm giúp việc cho nhà bà đâu mà hành hạ nó thế .,anger,anger,0
uit_000182,per nhìn mặt hài vler :))),per nhìn mặt hài vler :))),enjoyment,happiness,2
uit_002028,ngày nay bã đã thay cho thính :))),ngày nay bã đã thay cho thính :))),other,neutral,4
uit_003319,"hồi xưa vào trông nhà cho ông bà , thuê đĩa võ thuật này xem cho mạnh mé đỡ sợ mà thuê ngay đĩa này . ám ảnh quả nhạc tao tao téo vãi","hồi xưa vào trông nhà cho ông bà , thuê đĩa võ thuật này xem cho mạnh mé đỡ sợ mà thuê ngay đĩa này . ám ảnh quả nhạc tao tao téo vãi",fear,fear,1
uit_004142,mấy con này phải có ngày mấy thằng xe lớn nó tông vào cho lát bét đi . đi ra đường chùm kín người đến nỗi không bật xi nhan xe mà cứ qua tao bị mấy lần vì mấy con này,mấy con này phải có ngày mấy thằng xe lớn nó tông vào cho lát bét đi . đi ra đường chùm kín người đến nỗi không bật xi nhan xe mà cứ qua tao bị mấy lần vì mấy con này,anger,anger,0
uit_001835,ngày xưa hồi còn học mẫu giáo mỗi lần đi qua là nó rượt tao chạy té khói dume còn thiếu nước chạy lại quỳ xuống van xin nó nữa thôi . đến giờ nó vẫn là nỗi ám ảnh với tao :)),ngày xưa hồi còn học mẫu giáo mỗi lần đi qua là nó rượt tao chạy té khói dume còn thiếu nước chạy lại quỳ xuống van xin nó nữa thôi . đến giờ nó vẫn là nỗi ám ảnh với tao :)),fear,fear,1
uit_003743,chưa chia tay nữa mà còn khó đây,chưa chia tay nữa mà còn khó đây,other,neutral,4
uit_004325,và cứ thế tôi khóa lại 3 năm thanh xuân tươi đẹp của mình :),và cứ thế tôi khóa lại 3 năm thanh xuân tươi đẹp của mình :),enjoyment,happiness,2
uit_004149,đã từng nên tao hiểu cảm giác ấy . vừa tiếc ly trà sữa vừa phải lết xác đi giặt cái balo,đã từng nên tao hiểu cảm giác ấy . vừa tiếc ly trà sữa vừa phải lết xác đi giặt cái balo,sadness,sadness,3
uit_002745,bộ phim việt lần đầu xem thấy hay cảnh quay đẹp !!,bộ phim việt lần đầu xem thấy hay cảnh quay đẹp !!,enjoyment,happiness,2
uit_004375,per : để tao xem chúng mày hạnh phúc được bao lâu 😌,per : để tao xem chúng mày hạnh phúc được bao lâu 😌,other,neutral,4
uit_000655,1 % kìa rồi ra cổng gọi thế nào :)),1 % kìa rồi ra cổng gọi thế nào :)),fear,fear,1
uit_003554,xong bỗng nhiên một ngày mất hút không để lại 1 hạt bụi,xong bỗng nhiên một ngày mất hút không để lại 1 hạt bụi,sadness,sadness,3
uit_003032,mới tết xong . tặng cặp bánh chưng là ưng nhất :)),mới tết xong . tặng cặp bánh chưng là ưng nhất :)),enjoyment,happiness,2
uit_000484,per đúng chất em lun hâha,per đúng chất em lun hâha,enjoyment,happiness,2
uit_002229,nấu thì nấu được mà không biết có ăn được hay không thôi,nấu thì nấu được mà không biết có ăn được hay không thôi,other,neutral,4
uit_004016,huhu lần trước đi chụp răng . thằng kĩ thuật viện cho bạn vào cái máy to đùng xong nó bảo ngồi im . nó bật máy xong chạy ra ngoài đóng cửa với tốc độ ánh sáng .,huhu lần trước đi chụp răng . thằng kĩ thuật viện cho bạn vào cái máy to đùng xong nó bảo ngồi im . nó bật máy xong chạy ra ngoài đóng cửa với tốc độ ánh sáng .,sadness,sadness,3
uit_000975,per xem câu chuyện hư cấu này giết thời gian này 👏,per xem câu chuyện hư cấu này giết thời gian này 👏,other,neutral,4
uit_003155,có vợ nên lắm . váy mới ngày trước toàn áo chấm bi của mẹ 🤣🤣,có vợ nên lắm . váy mới ngày trước toàn áo chấm bi của mẹ 🤣🤣,enjoyment,happiness,2
uit_000845,là con bé con điên khùng và phiền vãi nhưng bạn vẫn yêu nó vãi chưởng :)))))),là con bé con điên khùng và phiền vãi nhưng bạn vẫn yêu nó vãi chưởng :)))))),enjoyment,happiness,2
uit_005248,cho thằng khác ăn ốc bắt bố đổ vỏ à 🤣,cho thằng khác ăn ốc bắt bố đổ vỏ à 🤣,anger,anger,0
uit_004139,thấy cưng gì đâu,thấy cưng gì đâu,enjoyment,happiness,2
uit_002273,có ai luyện mới được như mình không dạ,có ai luyện mới được như mình không dạ,enjoyment,happiness,2
uit_005024,đựng túi nilon là chất rồi 🤣,đựng túi nilon là chất rồi 🤣,enjoyment,happiness,2
uit_004071,là khi gặp nhau mọi suy nghĩ buồn bực trước đó nhường chỗ cho cậu :)),là khi gặp nhau mọi suy nghĩ buồn bực trước đó nhường chỗ cho cậu :)),enjoyment,happiness,2
uit_002412,per mày này . nhưng mà lúc già sắp chết 😕,per mày này . nhưng mà lúc già sắp chết 😕,sadness,sadness,3
uit_004736,"mình nói thật nhìn từ trên cao xuống đã thấy chóng mặt rồi , vãi","mình nói thật nhìn từ trên cao xuống đã thấy chóng mặt rồi , vãi",fear,fear,1
uit_001969,"chỉ cần bạn dùng tình yêu thương , sự chân thành của mình đối với nó thì không gì là không thể .","chỉ cần bạn dùng tình yêu thương , sự chân thành của mình đối với nó thì không gì là không thể .",other,neutral,4
uit_003714,per huhu em không biết phải đi xem phim với ai nữa 😭,per huhu em không biết phải đi xem phim với ai nữa 😭,sadness,sadness,3
uit_001608,giọng cute phết,giọng cute phết,enjoyment,happiness,2
uit_000225,"per thể loại mới nè , có vẻ phê","per thể loại mới nè , có vẻ phê",enjoyment,happiness,2
uit_003878,"per thì mấy ông nhậu bắt sạch , còn đâu mà phá hoại","per thì mấy ông nhậu bắt sạch , còn đâu mà phá hoại",other,neutral,4
uit_000852,nó lại hợp lí vãi,nó lại hợp lí vãi,enjoyment,happiness,2
uit_002032,làm khách đi qua lại mắc mệt lun,làm khách đi qua lại mắc mệt lun,sadness,sadness,3
uit_001004,tao quen rồi 😌,tao quen rồi 😌,enjoyment,happiness,2
uit_001612,lâu quá rồi không nghe,lâu quá rồi không nghe,other,neutral,4
uit_002453,eo hiểu người ta đỗ lòng đường vỉa hè thì rộng . chỉ lên nhắc người ta đỗ lùi xuống không ngã 3 thôi chứ đường của các bà đâu . có thế cũng đưa lên . ko ai bênh cái này đâu . ích kỉ nó vừa thôi,eo hiểu người ta đỗ lòng đường vỉa hè thì rộng . chỉ lên nhắc người ta đỗ lùi xuống không ngã 3 thôi chứ đường của các bà đâu . có thế cũng đưa lên . ko ai bênh cái này đâu . ích kỉ nó vừa thôi,anger,anger,0
uit_003740,"cái này gọi là truyền thống , không thể nói là quên được","cái này gọi là truyền thống , không thể nói là quên được",other,neutral,4
uit_002906,cả 2 kẻ này đều đáng sợ !,cả 2 kẻ này đều đáng sợ !,fear,fear,1
uit_004424,ờ thì giống nhau hay chỉ là trùng hợp,ờ thì giống nhau hay chỉ là trùng hợp,other,neutral,4
uit_004249,ngô ̀ i đo ̣ c bình luận chu ́ người no ́ tag người yêu va ̀ o ma ̀ sô ́ người mu ̃ i la ̣ i cay =)),ngô ̀ i đo ̣ c bình luận chu ́ người no ́ tag người yêu va ̀ o ma ̀ sô ́ người mu ̃ i la ̣ i cay =)),sadness,sadness,3
uit_005098,đạp xe xíu rã chân ông này đạp như tay đua xe,đạp xe xíu rã chân ông này đạp như tay đua xe,enjoyment,happiness,2
uit_004252,nghe cái giọng thằng quay phim ăn nói đoạn cuối thực sự muốn làm 1 đấm nhẹ nhẹ vô cái mỏ nó . chả vui vẻ gì .,nghe cái giọng thằng quay phim ăn nói đoạn cuối thực sự muốn làm 1 đấm nhẹ nhẹ vô cái mỏ nó . chả vui vẻ gì .,anger,anger,0
uit_004884,con gái tao thì suốt ngày hêy siri bắt chước mẹ 😂,con gái tao thì suốt ngày hêy siri bắt chước mẹ 😂,enjoyment,happiness,2
uit_004321,"ăn 1 miếng bò mà giết thêm đàn kiến . chưa biết ngon thế nào nhưng một đàn kiến về cõi vĩnh hằng , tội cho đàn kiến .","ăn 1 miếng bò mà giết thêm đàn kiến . chưa biết ngon thế nào nhưng một đàn kiến về cõi vĩnh hằng , tội cho đàn kiến .",sadness,sadness,3
uit_001411,em mình là con trai viết đẹp y chang thế này nhé,em mình là con trai viết đẹp y chang thế này nhé,enjoyment,happiness,2
