utterance_id,sample_id,id,emotion,orig_label,label,label_id,audio_path,path,filename,source_group,group_id,duration,transcript_final,text_for_model,text,normalized_text,split
angry_copy_of_angry_scvmc12_00_16_21_029_00_16_25_280_seg5,angry_copy_of_angry_scvmc12_00_16_21_029_00_16_25_280_seg5,angry_copy_of_angry_scvmc12_00_16_21_029_00_16_25_280_seg5,anger,angry,anger,0,data/wavs16k/angry_copy_of_angry_scvmc12_00_16_21_029_00_16_25_280_seg5.wav,data/wavs16k/angry_copy_of_angry_scvmc12_00_16_21_029_00_16_25_280_seg5.wav,angry_copy_of_angry_scvmc12_00_16_21_029_00_16_25_280_seg5.wav,copy_of_angry_scvmc12_00_16_21_029_00_16_25_280,copy_of_angry_scvmc12_00_16_21_029_00_16_25_280,4.7833,mình nói gì nghi gì cũng vậy để cho con dâu nó tôn trọng mình.,mình nói gì nghi gì cũng vậy để cho con dâu nó tôn trọng mình.,mình nói gì nghi gì cũng vậy để cho con dâu nó tôn trọng mình.,mình nói gì nghi gì cũng vậy để cho con dâu nó tôn trọng mình.,train
angry_copy_of_angry_scvmc15_00_09_41_333_00_09_43_733_seg1,angry_copy_of_angry_scvmc15_00_09_41_333_00_09_43_733_seg1,angry_copy_of_angry_scvmc15_00_09_41_333_00_09_43_733_seg1,anger,angry,anger,0,data/wavs16k/angry_copy_of_angry_scvmc15_00_09_41_333_00_09_43_733_seg1.wav,data/wavs16k/angry_copy_of_angry_scvmc15_00_09_41_333_00_09_43_733_seg1.wav,angry_copy_of_angry_scvmc15_00_09_41_333_00_09_43_733_seg1.wav,copy_of_angry_scvmc15_00_09_41_333_00_09_43_733,copy_of_angry_scvmc15_00_09_41_333_00_09_43_733,2.4614,tao phải uống là khó chịu bức chế lắm.,tao phải uống là khó chịu bức chế lắm.,tao phải uống là khó chịu bức chế lắm.,tao phải uống là khó chịu bức chế lắm.,train
angry_copy_of_angry_scvmc15_00_09_45_505_00_09_52_323_seg2,angry_copy_of_angry_scvmc15_00_09_45_505_00_09_52_323_seg2,angry_copy_of_angry_scvmc15_00_09_45_505_00_09_52_323_seg2,anger,angry,anger,0,data/wavs16k/angry_copy_of_angry_scvmc15_00_09_45_505_00_09_52_323_seg2.wav,data/wavs16k/angry_copy_of_angry_scvmc15_00_09_45_505_00_09_52_323_seg2.wav,angry_copy_of_angry_scvmc15_00_09_45_505_00_09_52_323_seg2.wav,copy_of_angry_scvmc15_00_09_45_505_00_09_52_323,copy_of_angry_scvmc15_00_09_45_505_00_09_52_323,10.4026,khó chịu ức chế không hiểu là bái hồn nhiên hay là cố tình không biết nữa rõ ràng tao với mẹ là bạn thân với nhau mà bà ấy nói những lời như thế.,khó chịu ức chế không hiểu là bái hồn nhiên hay là cố tình không biết nữa rõ ràng tao với mẹ là bạn thân với nhau mà bà ấy nói những lời như thế.,khó chịu ức chế không hiểu là bái hồn nhiên hay là cố tình không biết nữa rõ ràng tao với mẹ là bạn thân với nhau mà bà ấy nói những lời như thế.,khó chịu ức chế không hiểu là bái hồn nhiên hay là cố tình không biết nữa rõ ràng tao với mẹ là bạn thân với nhau mà bà ấy nói những lời như thế.,train
angry_copy_of_angry_scvmc16_00_28_56_600_00_29_03_334_seg2,angry_copy_of_angry_scvmc16_00_28_56_600_00_29_03_334_seg2,angry_copy_of_angry_scvmc16_00_28_56_600_00_29_03_334_seg2,anger,angry,anger,0,data/wavs16k/angry_copy_of_angry_scvmc16_00_28_56_600_00_29_03_334_seg2.wav,data/wavs16k/angry_copy_of_angry_scvmc16_00_28_56_600_00_29_03_334_seg2.wav,angry_copy_of_angry_scvmc16_00_28_56_600_00_29_03_334_seg2.wav,copy_of_angry_scvmc16_00_28_56_600_00_29_03_334,copy_of_angry_scvmc16_00_28_56_600_00_29_03_334,6.8035,nhưng con đang không hiểu vì sao bọn con đang sống với nhau hạnh phúc như thế này mà mẹ lại nghĩ đến chuyện ly hôn nhở chẳng lẽ mẹ mong chuyện đấy xảy ra lắm.,nhưng con đang không hiểu vì sao bọn con đang sống với nhau hạnh phúc như thế này mà mẹ lại nghĩ đến chuyện ly hôn nhở chẳng lẽ mẹ mong chuyện đấy xảy ra lắm.,nhưng con đang không hiểu vì sao bọn con đang sống với nhau hạnh phúc như thế này mà mẹ lại nghĩ đến chuyện ly hôn nhở chẳng lẽ mẹ mong chuyện đấy xảy ra lắm.,nhưng con đang không hiểu vì sao bọn con đang sống với nhau hạnh phúc như thế này mà mẹ lại nghĩ đến chuyện ly hôn nhở chẳng lẽ mẹ mong chuyện đấy xảy ra lắm.,train
angry_copy_of_angry_scvmc16_00_33_30_273_00_33_35_664_seg3,angry_copy_of_angry_scvmc16_00_33_30_273_00_33_35_664_seg3,angry_copy_of_angry_scvmc16_00_33_30_273_00_33_35_664_seg3,anger,angry,anger,0,data/wavs16k/angry_copy_of_angry_scvmc16_00_33_30_273_00_33_35_664_seg3.wav,data/wavs16k/angry_copy_of_angry_scvmc16_00_33_30_273_00_33_35_664_seg3.wav,angry_copy_of_angry_scvmc16_00_33_30_273_00_33_35_664_seg3.wav,copy_of_angry_scvmc16_00_33_30_273_00_33_35_664,copy_of_angry_scvmc16_00_33_30_273_00_33_35_664,8.5218,này tôi nói cho anh biết nhá tôi bay thì tôi sẽ tự trả tôi không bắt anh về trả nợ hộ tôi đâu anh không cần phải lo xót lên như thế.,này tôi nói cho anh biết nhá tôi bay thì tôi sẽ tự trả tôi không bắt anh về trả nợ hộ tôi đâu anh không cần phải lo xót lên như thế.,này tôi nói cho anh biết nhá tôi bay thì tôi sẽ tự trả tôi không bắt anh về trả nợ hộ tôi đâu anh không cần phải lo xót lên như thế.,này tôi nói cho anh biết nhá tôi bay thì tôi sẽ tự trả tôi không bắt anh về trả nợ hộ tôi đâu anh không cần phải lo xót lên như thế.,train
angry_copy_of_angry_scvmc17_00_25_00_160_00_25_07_845_seg2,angry_copy_of_angry_scvmc17_00_25_00_160_00_25_07_845_seg2,angry_copy_of_angry_scvmc17_00_25_00_160_00_25_07_845_seg2,anger,angry,anger,0,data/wavs16k/angry_copy_of_angry_scvmc17_00_25_00_160_00_25_07_845_seg2.wav,data/wavs16k/angry_copy_of_angry_scvmc17_00_25_00_160_00_25_07_845_seg2.wav,angry_copy_of_angry_scvmc17_00_25_00_160_00_25_07_845_seg2.wav,copy_of_angry_scvmc17_00_25_00_160_00_25_07_845,copy_of_angry_scvmc17_00_25_00_160_00_25_07_845,7.7555,- Xe anh lấy xe nào hả xe tôi mua để anh chở gia đình chứ không phải tôi mua để cho anh chở gái nhá anh mặc cháu gái thì tôi cắt hết.,- Xe anh lấy xe nào hả xe tôi mua để anh chở gia đình chứ không phải tôi mua để cho anh chở gái nhá anh mặc cháu gái thì tôi cắt hết.,- Xe anh lấy xe nào hả xe tôi mua để anh chở gia đình chứ không phải tôi mua để cho anh chở gái nhá anh mặc cháu gái thì tôi cắt hết.,- xe anh lấy xe nào hả xe tôi mua để anh chở gia đình chứ không phải tôi mua để cho anh chở gái nhá anh mặc cháu gái thì tôi cắt hết.,train
angry_copy_of_angry_scvmc20_00_21_28_509_00_21_35_181_seg1,angry_copy_of_angry_scvmc20_00_21_28_509_00_21_35_181_seg1,angry_copy_of_angry_scvmc20_00_21_28_509_00_21_35_181_seg1,anger,angry,anger,0,data/wavs16k/angry_copy_of_angry_scvmc20_00_21_28_509_00_21_35_181_seg1.wav,data/wavs16k/angry_copy_of_angry_scvmc20_00_21_28_509_00_21_35_181_seg1.wav,angry_copy_of_angry_scvmc20_00_21_28_509_00_21_35_181_seg1.wav,copy_of_angry_scvmc20_00_21_28_509_00_21_35_181,copy_of_angry_scvmc20_00_21_28_509_00_21_35_181,10.1239,ông mẹ mẹ nói hay thật đấy là đừng có đổ tiếng oan cho con như thế con không xúi bảy tới con trai của mẹ đâu mẹ làm ơn cho con được bình yên đi ạ.,ông mẹ mẹ nói hay thật đấy là đừng có đổ tiếng oan cho con như thế con không xúi bảy tới con trai của mẹ đâu mẹ làm ơn cho con được bình yên đi ạ.,ông mẹ mẹ nói hay thật đấy là đừng có đổ tiếng oan cho con như thế con không xúi bảy tới con trai của mẹ đâu mẹ làm ơn cho con được bình yên đi ạ.,ông mẹ mẹ nói hay thật đấy là đừng có đổ tiếng oan cho con như thế con không xúi bảy tới con trai của mẹ đâu mẹ làm ơn cho con được bình yên đi ạ.,train
angry_copy_of_angry_scvmc20_00_23_43_360_00_23_50_400_seg2,angry_copy_of_angry_scvmc20_00_23_43_360_00_23_50_400_seg2,angry_copy_of_angry_scvmc20_00_23_43_360_00_23_50_400_seg2,anger,angry,anger,0,data/wavs16k/angry_copy_of_angry_scvmc20_00_23_43_360_00_23_50_400_seg2.wav,data/wavs16k/angry_copy_of_angry_scvmc20_00_23_43_360_00_23_50_400_seg2.wav,angry_copy_of_angry_scvmc20_00_23_43_360_00_23_50_400_seg2.wav,copy_of_angry_scvmc20_00_23_43_360_00_23_50_400,copy_of_angry_scvmc20_00_23_43_360_00_23_50_400,7.1053,này thêm một lần nào nữa mẹ đây là hợp lý rồi anh hỏi em nếu trong suốt thời gian qua em bị nghém bị động thai không có mẹ ở đây anh chưa trở thể nào.,này thêm một lần nào nữa mẹ đây là hợp lý rồi anh hỏi em nếu trong suốt thời gian qua em bị nghém bị động thai không có mẹ ở đây anh chưa trở thể nào.,này thêm một lần nào nữa mẹ đây là hợp lý rồi anh hỏi em nếu trong suốt thời gian qua em bị nghém bị động thai không có mẹ ở đây anh chưa trở thể nào.,này thêm một lần nào nữa mẹ đây là hợp lý rồi anh hỏi em nếu trong suốt thời gian qua em bị nghém bị động thai không có mẹ ở đây anh chưa trở thể nào.,train
angry_copy_of_angry_scvmc20_00_31_55_120_00_31_58_467_seg5,angry_copy_of_angry_scvmc20_00_31_55_120_00_31_58_467_seg5,angry_copy_of_angry_scvmc20_00_31_55_120_00_31_58_467_seg5,anger,angry,anger,0,data/wavs16k/angry_copy_of_angry_scvmc20_00_31_55_120_00_31_58_467_seg5.wav,data/wavs16k/angry_copy_of_angry_scvmc20_00_31_55_120_00_31_58_467_seg5.wav,angry_copy_of_angry_scvmc20_00_31_55_120_00_31_58_467_seg5.wav,copy_of_angry_scvmc20_00_31_55_120_00_31_58_467,copy_of_angry_scvmc20_00_31_55_120_00_31_58_467,3.4134,nhưng cũng chỉ vì con quá bất hận con sợ ngạt thở đến nơi rồi.,nhưng cũng chỉ vì con quá bất hận con sợ ngạt thở đến nơi rồi.,nhưng cũng chỉ vì con quá bất hận con sợ ngạt thở đến nơi rồi.,nhưng cũng chỉ vì con quá bất hận con sợ ngạt thở đến nơi rồi.,train
angry_copy_of_angry_scvmc20_00_33_21_461_00_33_28_131_seg7,angry_copy_of_angry_scvmc20_00_33_21_461_00_33_28_131_seg7,angry_copy_of_angry_scvmc20_00_33_21_461_00_33_28_131_seg7,anger,angry,anger,0,data/wavs16k/angry_copy_of_angry_scvmc20_00_33_21_461_00_33_28_131_seg7.wav,data/wavs16k/angry_copy_of_angry_scvmc20_00_33_21_461_00_33_28_131_seg7.wav,angry_copy_of_angry_scvmc20_00_33_21_461_00_33_28_131_seg7.wav,copy_of_angry_scvmc20_00_33_21_461_00_33_28_131,copy_of_angry_scvmc20_00_33_21_461_00_33_28_131,8.7075,- Mày nói với tao thì tao đã nói với mày rồi bỏ cái trò viết nhật kỳ đấy đi thì không nghe có có bức xúc cái gì giận gì tức cái gì thì nói hết cho tao đây này.,- Mày nói với tao thì tao đã nói với mày rồi bỏ cái trò viết nhật kỳ đấy đi thì không nghe có có bức xúc cái gì giận gì tức cái gì thì nói hết cho tao đây này.,- Mày nói với tao thì tao đã nói với mày rồi bỏ cái trò viết nhật kỳ đấy đi thì không nghe có có bức xúc cái gì giận gì tức cái gì thì nói hết cho tao đây này.,- mày nói với tao thì tao đã nói với mày rồi bỏ cái trò viết nhật kỳ đấy đi thì không nghe có có bức xúc cái gì giận gì tức cái gì thì nói hết cho tao đây này.,train
angry_copy_of_angry_scvmc21_00_01_44_109_00_01_48_253_seg1,angry_copy_of_angry_scvmc21_00_01_44_109_00_01_48_253_seg1,angry_copy_of_angry_scvmc21_00_01_44_109_00_01_48_253_seg1,anger,angry,anger,0,data/wavs16k/angry_copy_of_angry_scvmc21_00_01_44_109_00_01_48_253_seg1.wav,data/wavs16k/angry_copy_of_angry_scvmc21_00_01_44_109_00_01_48_253_seg1.wav,angry_copy_of_angry_scvmc21_00_01_44_109_00_01_48_253_seg1.wav,copy_of_angry_scvmc21_00_01_44_109_00_01_48_253,copy_of_angry_scvmc21_00_01_44_109_00_01_48_253,4.6904,- a. - a. - a. - a. - a. - a. - a. - a. - a. - b. - b. - c.,- a. - a. - a. - a. - a. - a. - a. - a. - a. - b. - b. - c.,- a. - a. - a. - a. - a. - a. - a. - a. - a. - b. - b. - c.,- a. - a. - a. - a. - a. - a. - a. - a. - a. - b. - b. - c.,train
angry_copy_of_angry_scvmc22_00_02_18_993_00_02_25_981_seg2,angry_copy_of_angry_scvmc22_00_02_18_993_00_02_25_981_seg2,angry_copy_of_angry_scvmc22_00_02_18_993_00_02_25_981_seg2,anger,angry,anger,0,data/wavs16k/angry_copy_of_angry_scvmc22_00_02_18_993_00_02_25_981_seg2.wav,data/wavs16k/angry_copy_of_angry_scvmc22_00_02_18_993_00_02_25_981_seg2.wav,angry_copy_of_angry_scvmc22_00_02_18_993_00_02_25_981_seg2.wav,copy_of_angry_scvmc22_00_02_18_993_00_02_25_981,copy_of_angry_scvmc22_00_02_18_993_00_02_25_981,7.4304,Chị không thể hiểu nổi nó nghĩ cái gì nữa để rồi xem đàn ông nhá nó lo sôi trán trẻ nó vớt ra đấy thì ngồi mà khóc_than.,Chị không thể hiểu nổi nó nghĩ cái gì nữa để rồi xem đàn ông nhá nó lo sôi trán trẻ nó vớt ra đấy thì ngồi mà khóc_than.,Chị không thể hiểu nổi nó nghĩ cái gì nữa để rồi xem đàn ông nhá nó lo sôi trán trẻ nó vớt ra đấy thì ngồi mà khóc_than.,chị không thể hiểu nổi nó nghĩ cái gì nữa để rồi xem đàn ông nhá nó lo sôi trán trẻ nó vớt ra đấy thì ngồi mà khóc_than.,train
angry_copy_of_angry_scvmc23_00_01_54_587_00_02_00_010_seg4,angry_copy_of_angry_scvmc23_00_01_54_587_00_02_00_010_seg4,angry_copy_of_angry_scvmc23_00_01_54_587_00_02_00_010_seg4,anger,angry,anger,0,data/wavs16k/angry_copy_of_angry_scvmc23_00_01_54_587_00_02_00_010_seg4.wav,data/wavs16k/angry_copy_of_angry_scvmc23_00_01_54_587_00_02_00_010_seg4.wav,angry_copy_of_angry_scvmc23_00_01_54_587_00_02_00_010_seg4.wav,copy_of_angry_scvmc23_00_01_54_587_00_02_00_010,copy_of_angry_scvmc23_00_01_54_587_00_02_00_010,5.7586,Anh đi cốt đi cốt về mà giúp bà ấy mẹ anh đi cốt ra khỏi câu nói của tôi đi.,Anh đi cốt đi cốt về mà giúp bà ấy mẹ anh đi cốt ra khỏi câu nói của tôi đi.,Anh đi cốt đi cốt về mà giúp bà ấy mẹ anh đi cốt ra khỏi câu nói của tôi đi.,anh đi cốt đi cốt về mà giúp bà ấy mẹ anh đi cốt ra khỏi câu nói của tôi đi.,train
angry_copy_of_angry_scvmc25_00_23_10_627_00_23_15_129_seg3,angry_copy_of_angry_scvmc25_00_23_10_627_00_23_15_129_seg3,angry_copy_of_angry_scvmc25_00_23_10_627_00_23_15_129_seg3,anger,angry,anger,0,data/wavs16k/angry_copy_of_angry_scvmc25_00_23_10_627_00_23_15_129_seg3.wav,data/wavs16k/angry_copy_of_angry_scvmc25_00_23_10_627_00_23_15_129_seg3.wav,angry_copy_of_angry_scvmc25_00_23_10_627_00_23_15_129_seg3.wav,copy_of_angry_scvmc25_00_23_10_627_00_23_15_129,copy_of_angry_scvmc25_00_23_10_627_00_23_15_129,5.4335,chị làm như thế là chị bố do thắt trấu vào mặt bố mẹ chị không.,chị làm như thế là chị bố do thắt trấu vào mặt bố mẹ chị không.,chị làm như thế là chị bố do thắt trấu vào mặt bố mẹ chị không.,chị làm như thế là chị bố do thắt trấu vào mặt bố mẹ chị không.,train
angry_copy_of_angry_scvmc25_00_25_42_880_00_25_48_543_seg7,angry_copy_of_angry_scvmc25_00_25_42_880_00_25_48_543_seg7,angry_copy_of_angry_scvmc25_00_25_42_880_00_25_48_543_seg7,anger,angry,anger,0,data/wavs16k/angry_copy_of_angry_scvmc25_00_25_42_880_00_25_48_543_seg7.wav,data/wavs16k/angry_copy_of_angry_scvmc25_00_25_42_880_00_25_48_543_seg7.wav,angry_copy_of_angry_scvmc25_00_25_42_880_00_25_48_543_seg7.wav,copy_of_angry_scvmc25_00_25_42_880_00_25_48_543,copy_of_angry_scvmc25_00_25_42_880_00_25_48_543,5.7354,Em không phải là gia đình anh nhưng mà nó là cháu em mà đã là cháu ý thì nội ngoại gì em cũng quan tâm hết.,Em không phải là gia đình anh nhưng mà nó là cháu em mà đã là cháu ý thì nội ngoại gì em cũng quan tâm hết.,Em không phải là gia đình anh nhưng mà nó là cháu em mà đã là cháu ý thì nội ngoại gì em cũng quan tâm hết.,em không phải là gia đình anh nhưng mà nó là cháu em mà đã là cháu ý thì nội ngoại gì em cũng quan tâm hết.,train
angry_copy_of_angry_scvmc25_00_26_14_099_00_26_21_199_seg8,angry_copy_of_angry_scvmc25_00_26_14_099_00_26_21_199_seg8,angry_copy_of_angry_scvmc25_00_26_14_099_00_26_21_199_seg8,anger,angry,anger,0,data/wavs16k/angry_copy_of_angry_scvmc25_00_26_14_099_00_26_21_199_seg8.wav,data/wavs16k/angry_copy_of_angry_scvmc25_00_26_14_099_00_26_21_199_seg8.wav,angry_copy_of_angry_scvmc25_00_26_14_099_00_26_21_199_seg8.wav,copy_of_angry_scvmc25_00_26_14_099_00_26_21_199,copy_of_angry_scvmc25_00_26_14_099_00_26_21_199,7.8716,giấc mặt bẩn tươi ớn không lỡ mời thông ra lấy một bữa ăn lúc đóm dâu cưới xong thì lại phủi tay như là không quen biết.,giấc mặt bẩn tươi ớn không lỡ mời thông ra lấy một bữa ăn lúc đóm dâu cưới xong thì lại phủi tay như là không quen biết.,giấc mặt bẩn tươi ớn không lỡ mời thông ra lấy một bữa ăn lúc đóm dâu cưới xong thì lại phủi tay như là không quen biết.,giấc mặt bẩn tươi ớn không lỡ mời thông ra lấy một bữa ăn lúc đóm dâu cưới xong thì lại phủi tay như là không quen biết.,train
angry_copy_of_angry_scvmc28_00_34_44_377_00_34_51_363_seg1,angry_copy_of_angry_scvmc28_00_34_44_377_00_34_51_363_seg1,angry_copy_of_angry_scvmc28_00_34_44_377_00_34_51_363_seg1,anger,angry,anger,0,data/wavs16k/angry_copy_of_angry_scvmc28_00_34_44_377_00_34_51_363_seg1.wav,data/wavs16k/angry_copy_of_angry_scvmc28_00_34_44_377_00_34_51_363_seg1.wav,angry_copy_of_angry_scvmc28_00_34_44_377_00_34_51_363_seg1.wav,copy_of_angry_scvmc28_00_34_44_377_00_34_51_363,copy_of_angry_scvmc28_00_34_44_377_00_34_51_363,7.5465,ô hay anh nói thế mà nghe được à bà cho con bé xuống sân chơi thì được nhưng chỉ loanh quanh ở trong khu thôi mang nó ra ngoài đường làm gì.,ô hay anh nói thế mà nghe được à bà cho con bé xuống sân chơi thì được nhưng chỉ loanh quanh ở trong khu thôi mang nó ra ngoài đường làm gì.,ô hay anh nói thế mà nghe được à bà cho con bé xuống sân chơi thì được nhưng chỉ loanh quanh ở trong khu thôi mang nó ra ngoài đường làm gì.,ô hay anh nói thế mà nghe được à bà cho con bé xuống sân chơi thì được nhưng chỉ loanh quanh ở trong khu thôi mang nó ra ngoài đường làm gì.,train
angry_copy_of_angry_vndc1_00_06_55_467_00_07_01_511_seg1,angry_copy_of_angry_vndc1_00_06_55_467_00_07_01_511_seg1,angry_copy_of_angry_vndc1_00_06_55_467_00_07_01_511_seg1,anger,angry,anger,0,data/wavs16k/angry_copy_of_angry_vndc1_00_06_55_467_00_07_01_511_seg1.wav,data/wavs16k/angry_copy_of_angry_vndc1_00_06_55_467_00_07_01_511_seg1.wav,angry_copy_of_angry_vndc1_00_06_55_467_00_07_01_511_seg1.wav,copy_of_angry_vndc1_00_06_55_467_00_07_01_511,copy_of_angry_vndc1_00_06_55_467_00_07_01_511,6.0604,hứ lúc vợ mà không biết vợ nó thích cái gì để làm cỗ cúng nữa.,hứ lúc vợ mà không biết vợ nó thích cái gì để làm cỗ cúng nữa.,hứ lúc vợ mà không biết vợ nó thích cái gì để làm cỗ cúng nữa.,hứ lúc vợ mà không biết vợ nó thích cái gì để làm cỗ cúng nữa.,train
angry_copy_of_angry_vndc1_00_10_18_028_00_10_19_228_seg2,angry_copy_of_angry_vndc1_00_10_18_028_00_10_19_228_seg2,angry_copy_of_angry_vndc1_00_10_18_028_00_10_19_228_seg2,anger,angry,anger,0,data/wavs16k/angry_copy_of_angry_vndc1_00_10_18_028_00_10_19_228_seg2.wav,data/wavs16k/angry_copy_of_angry_vndc1_00_10_18_028_00_10_19_228_seg2.wav,angry_copy_of_angry_vndc1_00_10_18_028_00_10_19_228_seg2.wav,copy_of_angry_vndc1_00_10_18_028_00_10_19_228,copy_of_angry_vndc1_00_10_18_028_00_10_19_228,1.8809,dưa kinh của tà đồng.,dưa kinh của tà đồng.,dưa kinh của tà đồng.,dưa kinh của tà đồng.,train
angry_copy_of_angry_vndc1_00_20_10_506_00_20_16_834_seg6,angry_copy_of_angry_vndc1_00_20_10_506_00_20_16_834_seg6,angry_copy_of_angry_vndc1_00_20_10_506_00_20_16_834_seg6,anger,angry,anger,0,data/wavs16k/angry_copy_of_angry_vndc1_00_20_10_506_00_20_16_834_seg6.wav,data/wavs16k/angry_copy_of_angry_vndc1_00_20_10_506_00_20_16_834_seg6.wav,angry_copy_of_angry_vndc1_00_20_10_506_00_20_16_834_seg6.wav,copy_of_angry_vndc1_00_20_10_506_00_20_16_834,copy_of_angry_vndc1_00_20_10_506_00_20_16_834,6.8499,Tôi muốn chán nhờ tôi nói cho mọi miếng nhé anh không nuôi được thì để tôi nuôi.,Tôi muốn chán nhờ tôi nói cho mọi miếng nhé anh không nuôi được thì để tôi nuôi.,Tôi muốn chán nhờ tôi nói cho mọi miếng nhé anh không nuôi được thì để tôi nuôi.,tôi muốn chán nhờ tôi nói cho mọi miếng nhé anh không nuôi được thì để tôi nuôi.,train
angry_copy_of_anyconv_com_angry_clvb_00_42_48_642_00_42_51_123_seg16,angry_copy_of_anyconv_com_angry_clvb_00_42_48_642_00_42_51_123_seg16,angry_copy_of_anyconv_com_angry_clvb_00_42_48_642_00_42_51_123_seg16,anger,angry,anger,0,data/wavs16k/angry_copy_of_anyconv_com_angry_clvb_00_42_48_642_00_42_51_123_seg16.wav,data/wavs16k/angry_copy_of_anyconv_com_angry_clvb_00_42_48_642_00_42_51_123_seg16.wav,angry_copy_of_anyconv_com_angry_clvb_00_42_48_642_00_42_51_123_seg16.wav,copy_of_anyconv_com_angry_clvb_00_42_48_642_00_42_51_123,copy_of_anyconv_com_angry_clvb_00_42_48_642_00_42_51_123,2.6667,cô nói mày đi dê.,cô nói mày đi dê.,cô nói mày đi dê.,cô nói mày đi dê.,train
angry_copy_of_anyconv_com_angry_gdmvbtl1_00_35_07_260_00_35_13_567_seg2,angry_copy_of_anyconv_com_angry_gdmvbtl1_00_35_07_260_00_35_13_567_seg2,angry_copy_of_anyconv_com_angry_gdmvbtl1_00_35_07_260_00_35_13_567_seg2,anger,angry,anger,0,data/wavs16k/angry_copy_of_anyconv_com_angry_gdmvbtl1_00_35_07_260_00_35_13_567_seg2.wav,data/wavs16k/angry_copy_of_anyconv_com_angry_gdmvbtl1_00_35_07_260_00_35_13_567_seg2.wav,angry_copy_of_anyconv_com_angry_gdmvbtl1_00_35_07_260_00_35_13_567_seg2.wav,copy_of_anyconv_com_angry_gdmvbtl1_00_35_07_260_00_35_13_567,copy_of_anyconv_com_angry_gdmvbtl1_00_35_07_260_00_35_13_567,6.72,rồi cái vợ chồng phường chèo này lạ ấy thế còn thì đánh nhau ba lần cãi nhau năm lần.,rồi cái vợ chồng phường chèo này lạ ấy thế còn thì đánh nhau ba lần cãi nhau năm lần.,rồi cái vợ chồng phường chèo này lạ ấy thế còn thì đánh nhau ba lần cãi nhau năm lần.,rồi cái vợ chồng phường chèo này lạ ấy thế còn thì đánh nhau ba lần cãi nhau năm lần.,train
angry_copy_of_anyconv_com_angry_gdmvbtl2_00_33_22_981_00_33_25_143,angry_copy_of_anyconv_com_angry_gdmvbtl2_00_33_22_981_00_33_25_143,angry_copy_of_anyconv_com_angry_gdmvbtl2_00_33_22_981_00_33_25_143,anger,angry,anger,0,data/wavs16k/angry_copy_of_anyconv_com_angry_gdmvbtl2_00_33_22_981_00_33_25_143.wav,data/wavs16k/angry_copy_of_anyconv_com_angry_gdmvbtl2_00_33_22_981_00_33_25_143.wav,angry_copy_of_anyconv_com_angry_gdmvbtl2_00_33_22_981_00_33_25_143.wav,copy_of_anyconv_com_angry_gdmvbtl2_00_33_22_981_00_33_25_143,copy_of_anyconv_com_angry_gdmvbtl2_00_33_22_981_00_33_25_143,2.24,gọi càng thành về đây cho tôi ngay.,gọi càng thành về đây cho tôi ngay.,gọi càng thành về đây cho tôi ngay.,gọi càng thành về đây cho tôi ngay.,train
angry_copy_of_anyconv_com_angry_mb_00_48_01_823_00_48_07_004_seg1,angry_copy_of_anyconv_com_angry_mb_00_48_01_823_00_48_07_004_seg1,angry_copy_of_anyconv_com_angry_mb_00_48_01_823_00_48_07_004_seg1,anger,angry,anger,0,data/wavs16k/angry_copy_of_anyconv_com_angry_mb_00_48_01_823_00_48_07_004_seg1.wav,data/wavs16k/angry_copy_of_anyconv_com_angry_mb_00_48_01_823_00_48_07_004_seg1.wav,angry_copy_of_anyconv_com_angry_mb_00_48_01_823_00_48_07_004_seg1.wav,copy_of_anyconv_com_angry_mb_00_48_01_823_00_48_07_004,copy_of_anyconv_com_angry_mb_00_48_01_823_00_48_07_004,6.4319,Mày yêu ai là chuyện của tao mày thấy nó khổ á thế mày đi mày yêu nó.,Mày yêu ai là chuyện của tao mày thấy nó khổ á thế mày đi mày yêu nó.,Mày yêu ai là chuyện của tao mày thấy nó khổ á thế mày đi mày yêu nó.,mày yêu ai là chuyện của tao mày thấy nó khổ á thế mày đi mày yêu nó.,train
angry_copy_of_anyconv_com_angry_mb_00_48_08_066_00_48_10_228_seg2,angry_copy_of_anyconv_com_angry_mb_00_48_08_066_00_48_10_228_seg2,angry_copy_of_anyconv_com_angry_mb_00_48_08_066_00_48_10_228_seg2,anger,angry,anger,0,data/wavs16k/angry_copy_of_anyconv_com_angry_mb_00_48_08_066_00_48_10_228_seg2.wav,data/wavs16k/angry_copy_of_anyconv_com_angry_mb_00_48_08_066_00_48_10_228_seg2.wav,angry_copy_of_anyconv_com_angry_mb_00_48_08_066_00_48_10_228_seg2.wav,copy_of_anyconv_com_angry_mb_00_48_08_066_00_48_10_228,copy_of_anyconv_com_angry_mb_00_48_08_066_00_48_10_228,2.3917,tao tao nhìn thấy lại trong màn đó.,tao tao nhìn thấy lại trong màn đó.,tao tao nhìn thấy lại trong màn đó.,tao tao nhìn thấy lại trong màn đó.,train
angry_copy_of_anyconv_com_angry_npx1_00_02_27_000_00_02_31_640_seg1,angry_copy_of_anyconv_com_angry_npx1_00_02_27_000_00_02_31_640_seg1,angry_copy_of_anyconv_com_angry_npx1_00_02_27_000_00_02_31_640_seg1,anger,angry,anger,0,data/wavs16k/angry_copy_of_anyconv_com_angry_npx1_00_02_27_000_00_02_31_640_seg1.wav,data/wavs16k/angry_copy_of_anyconv_com_angry_npx1_00_02_27_000_00_02_31_640_seg1.wav,angry_copy_of_anyconv_com_angry_npx1_00_02_27_000_00_02_31_640_seg1.wav,copy_of_anyconv_com_angry_npx1_00_02_27_000_00_02_31_640,copy_of_anyconv_com_angry_npx1_00_02_27_000_00_02_31_640,4.672,ở đây không có chuyện bạn bè gì hết nhưng người không cùng một dòng máu không là cái gì cả.,ở đây không có chuyện bạn bè gì hết nhưng người không cùng một dòng máu không là cái gì cả.,ở đây không có chuyện bạn bè gì hết nhưng người không cùng một dòng máu không là cái gì cả.,ở đây không có chuyện bạn bè gì hết nhưng người không cùng một dòng máu không là cái gì cả.,train
angry_copy_of_anyconv_com_angry_npx1_00_02_32_646_00_02_36_781_seg2,angry_copy_of_anyconv_com_angry_npx1_00_02_32_646_00_02_36_781_seg2,angry_copy_of_anyconv_com_angry_npx1_00_02_32_646_00_02_36_781_seg2,anger,angry,anger,0,data/wavs16k/angry_copy_of_anyconv_com_angry_npx1_00_02_32_646_00_02_36_781_seg2.wav,data/wavs16k/angry_copy_of_anyconv_com_angry_npx1_00_02_32_646_00_02_36_781_seg2.wav,angry_copy_of_anyconv_com_angry_npx1_00_02_32_646_00_02_36_781_seg2.wav,copy_of_anyconv_com_angry_npx1_00_02_32_646_00_02_36_781,copy_of_anyconv_com_angry_npx1_00_02_32_646_00_02_36_781,5.1627,mày có mẹ mày chị gái mày con trai mày và tao hết thôi.,mày có mẹ mày chị gái mày con trai mày và tao hết thôi.,mày có mẹ mày chị gái mày con trai mày và tao hết thôi.,mày có mẹ mày chị gái mày con trai mày và tao hết thôi.,train
angry_copy_of_anyconv_com_angry_npx1_00_02_37_396_00_02_40_630_seg3,angry_copy_of_anyconv_com_angry_npx1_00_02_37_396_00_02_40_630_seg3,angry_copy_of_anyconv_com_angry_npx1_00_02_37_396_00_02_40_630_seg3,anger,angry,anger,0,data/wavs16k/angry_copy_of_anyconv_com_angry_npx1_00_02_37_396_00_02_40_630_seg3.wav,data/wavs16k/angry_copy_of_anyconv_com_angry_npx1_00_02_37_396_00_02_40_630_seg3.wav,angry_copy_of_anyconv_com_angry_npx1_00_02_37_396_00_02_40_630_seg3.wav,copy_of_anyconv_com_angry_npx1_00_02_37_396_00_02_40_630,copy_of_anyconv_com_angry_npx1_00_02_37_396_00_02_40_630,5.4187,Chỉ có những đứa tạo thế thôi còn tất cả những đứa khác sẵn sàng đâm sẽo lưng mạnh.,Chỉ có những đứa tạo thế thôi còn tất cả những đứa khác sẵn sàng đâm sẽo lưng mạnh.,Chỉ có những đứa tạo thế thôi còn tất cả những đứa khác sẵn sàng đâm sẽo lưng mạnh.,chỉ có những đứa tạo thế thôi còn tất cả những đứa khác sẵn sàng đâm sẽo lưng mạnh.,train
angry_copy_of_anyconv_com_angry_npx1_00_25_41_440_00_25_43_921_seg4,angry_copy_of_anyconv_com_angry_npx1_00_25_41_440_00_25_43_921_seg4,angry_copy_of_anyconv_com_angry_npx1_00_25_41_440_00_25_43_921_seg4,anger,angry,anger,0,data/wavs16k/angry_copy_of_anyconv_com_angry_npx1_00_25_41_440_00_25_43_921_seg4.wav,data/wavs16k/angry_copy_of_anyconv_com_angry_npx1_00_25_41_440_00_25_43_921_seg4.wav,angry_copy_of_anyconv_com_angry_npx1_00_25_41_440_00_25_43_921_seg4.wav,copy_of_anyconv_com_angry_npx1_00_25_41_440_00_25_43_921,copy_of_anyconv_com_angry_npx1_00_25_41_440_00_25_43_921,2.496,"Nếu không, nếu không thì chú hỏi mày nói thế thì ai tin.","Nếu không, nếu không thì chú hỏi mày nói thế thì ai tin.","Nếu không, nếu không thì chú hỏi mày nói thế thì ai tin.","nếu không, nếu không thì chú hỏi mày nói thế thì ai tin.",train
angry_copy_of_anyconv_com_angry_npx2_00_06_11_400_00_06_12_543_seg1,angry_copy_of_anyconv_com_angry_npx2_00_06_11_400_00_06_12_543_seg1,angry_copy_of_anyconv_com_angry_npx2_00_06_11_400_00_06_12_543_seg1,anger,angry,anger,0,data/wavs16k/angry_copy_of_anyconv_com_angry_npx2_00_06_11_400_00_06_12_543_seg1.wav,data/wavs16k/angry_copy_of_anyconv_com_angry_npx2_00_06_11_400_00_06_12_543_seg1.wav,angry_copy_of_anyconv_com_angry_npx2_00_06_11_400_00_06_12_543_seg1.wav,copy_of_anyconv_com_angry_npx2_00_06_11_400_00_06_12_543,copy_of_anyconv_com_angry_npx2_00_06_11_400_00_06_12_543,1.152,đó là hôn đảo.,đó là hôn đảo.,đó là hôn đảo.,đó là hôn đảo.,train
angry_copy_of_anyconv_com_fdosa_01_02_07_821_01_02_11_314_anger,angry_copy_of_anyconv_com_fdosa_01_02_07_821_01_02_11_314_anger,angry_copy_of_anyconv_com_fdosa_01_02_07_821_01_02_11_314_anger,anger,angry,anger,0,data/wavs16k/angry_copy_of_anyconv_com_fdosa_01_02_07_821_01_02_11_314_anger.wav,data/wavs16k/angry_copy_of_anyconv_com_fdosa_01_02_07_821_01_02_11_314_anger.wav,angry_copy_of_anyconv_com_fdosa_01_02_07_821_01_02_11_314_anger.wav,copy_of_anyconv_com_fdosa_01_02_07_821_01_02_11_314_anger,copy_of_anyconv_com_fdosa_01_02_07_821_01_02_11_314_anger,6.5016,Nhưng cũng có những điều như không phải tay mày sao mày cũng chết đi cho nó rành ra.,Nhưng cũng có những điều như không phải tay mày sao mày cũng chết đi cho nó rành ra.,Nhưng cũng có những điều như không phải tay mày sao mày cũng chết đi cho nó rành ra.,nhưng cũng có những điều như không phải tay mày sao mày cũng chết đi cho nó rành ra.,train
angry_copy_of_fdosa_00_24_53_479_00_24_54_997_anger,angry_copy_of_fdosa_00_24_53_479_00_24_54_997_anger,angry_copy_of_fdosa_00_24_53_479_00_24_54_997_anger,anger,angry,anger,0,data/wavs16k/angry_copy_of_fdosa_00_24_53_479_00_24_54_997_anger.wav,data/wavs16k/angry_copy_of_fdosa_00_24_53_479_00_24_54_997_anger.wav,angry_copy_of_fdosa_00_24_53_479_00_24_54_997_anger.wav,copy_of_fdosa_00_24_53_479_00_24_54_997_anger,copy_of_fdosa_00_24_53_479_00_24_54_997_anger,1.6394,nếu là tay máy.,nếu là tay máy.,nếu là tay máy.,nếu là tay máy.,train
angry_copy_of_fdosa_01_01_57_547_01_01_59_062_anger,angry_copy_of_fdosa_01_01_57_547_01_01_59_062_anger,angry_copy_of_fdosa_01_01_57_547_01_01_59_062_anger,anger,angry,anger,0,data/wavs16k/angry_copy_of_fdosa_01_01_57_547_01_01_59_062_anger.wav,data/wavs16k/angry_copy_of_fdosa_01_01_57_547_01_01_59_062_anger.wav,angry_copy_of_fdosa_01_01_57_547_01_01_59_062_anger.wav,copy_of_fdosa_01_01_57_547_01_01_59_062_anger,copy_of_fdosa_01_01_57_547_01_01_59_062_anger,1.4991,chứ không cần biết ông đang chơi trò gì.,chứ không cần biết ông đang chơi trò gì.,chứ không cần biết ông đang chơi trò gì.,chứ không cần biết ông đang chơi trò gì.,train
angry_copy_of_phim_xich_lo_1995_00_40_25_568_00_40_27_984_anger,angry_copy_of_phim_xich_lo_1995_00_40_25_568_00_40_27_984_anger,angry_copy_of_phim_xich_lo_1995_00_40_25_568_00_40_27_984_anger,anger,angry,anger,0,data/wavs16k/angry_copy_of_phim_xich_lo_1995_00_40_25_568_00_40_27_984_anger.wav,data/wavs16k/angry_copy_of_phim_xich_lo_1995_00_40_25_568_00_40_27_984_anger.wav,angry_copy_of_phim_xich_lo_1995_00_40_25_568_00_40_27_984_anger.wav,copy_of_phim_xich_lo_1995_00_40_25_568_00_40_27_984_anger,copy_of_phim_xich_lo_1995_00_40_25_568_00_40_27_984_anger,4.9691,mày tắm từ chối hả cái gì nó mua cái gì mày mua cái gì.,mày tắm từ chối hả cái gì nó mua cái gì mày mua cái gì.,mày tắm từ chối hả cái gì nó mua cái gì mày mua cái gì.,mày tắm từ chối hả cái gì nó mua cái gì mày mua cái gì.,train
angry_copy_of_phim_xich_lo_1995_00_57_55_724_00_57_57_156_anger,angry_copy_of_phim_xich_lo_1995_00_57_55_724_00_57_57_156_anger,angry_copy_of_phim_xich_lo_1995_00_57_55_724_00_57_57_156_anger,anger,angry,anger,0,data/wavs16k/angry_copy_of_phim_xich_lo_1995_00_57_55_724_00_57_57_156_anger.wav,data/wavs16k/angry_copy_of_phim_xich_lo_1995_00_57_55_724_00_57_57_156_anger.wav,angry_copy_of_phim_xich_lo_1995_00_57_55_724_00_57_57_156_anger.wav,copy_of_phim_xich_lo_1995_00_57_55_724_00_57_57_156_anger,copy_of_phim_xich_lo_1995_00_57_55_724_00_57_57_156_anger,3.6224,chọn nó đi xem thấy tụi con làm việc.,chọn nó đi xem thấy tụi con làm việc.,chọn nó đi xem thấy tụi con làm việc.,chọn nó đi xem thấy tụi con làm việc.,train
fear_copy_of_1dh_uoc_tao_bang_clipchamp,fear_copy_of_1dh_uoc_tao_bang_clipchamp,fear_copy_of_1dh_uoc_tao_bang_clipchamp,fear,fear,fear,1,data/wavs16k/fear_copy_of_1dh_uoc_tao_bang_clipchamp.wav,data/wavs16k/fear_copy_of_1dh_uoc_tao_bang_clipchamp.wav,fear_copy_of_1dh_uoc_tao_bang_clipchamp.wav,copy_of_1dh_uoc_tao_bang_clipchamp,copy_of_1dh_uoc_tao_bang_clipchamp,4.0868,ai tìm thấy nó bao hậu đó.,ai tìm thấy nó bao hậu đó.,ai tìm thấy nó bao hậu đó.,ai tìm thấy nó bao hậu đó.,train
fear_copy_of_5,fear_copy_of_5,fear_copy_of_5,fear,fear,fear,1,data/wavs16k/fear_copy_of_5.wav,data/wavs16k/fear_copy_of_5.wav,fear_copy_of_5.wav,copy_of_5,copy_of_5,3.5527,ai ở đâu thì ở quyền đó đi làm được quốc gia.,ai ở đâu thì ở quyền đó đi làm được quốc gia.,ai ở đâu thì ở quyền đó đi làm được quốc gia.,ai ở đâu thì ở quyền đó đi làm được quốc gia.,train
fear_copy_of_chung_cu_ma_am_phim_ma_rung_ron_xem_hoi_hop_00_39_18_924_00_39_25_011_seg2,fear_copy_of_chung_cu_ma_am_phim_ma_rung_ron_xem_hoi_hop_00_39_18_924_00_39_25_011_seg2,fear_copy_of_chung_cu_ma_am_phim_ma_rung_ron_xem_hoi_hop_00_39_18_924_00_39_25_011_seg2,fear,fear,fear,1,data/wavs16k/fear_copy_of_chung_cu_ma_am_phim_ma_rung_ron_xem_hoi_hop_00_39_18_924_00_39_25_011_seg2.wav,data/wavs16k/fear_copy_of_chung_cu_ma_am_phim_ma_rung_ron_xem_hoi_hop_00_39_18_924_00_39_25_011_seg2.wav,fear_copy_of_chung_cu_ma_am_phim_ma_rung_ron_xem_hoi_hop_00_39_18_924_00_39_25_011_seg2.wav,copy_of_chung_cu_ma_am_phim_ma_rung_ron_xem_hoi_hop_00_39_18_924_00_39_25_011,copy_of_chung_cu_ma_am_phim_ma_rung_ron_xem_hoi_hop_00_39_18_924_00_39_25_011,7.4072,tôi nghĩ rằng càng giúp mẹ mẹ ơi mà sao.,tôi nghĩ rằng càng giúp mẹ mẹ ơi mà sao.,tôi nghĩ rằng càng giúp mẹ mẹ ơi mà sao.,tôi nghĩ rằng càng giúp mẹ mẹ ơi mà sao.,train
fear_copy_of_chung_cu_ma_am_phim_ma_rung_ron_xem_hoi_hop_00_39_25_789_00_39_26_487_seg3,fear_copy_of_chung_cu_ma_am_phim_ma_rung_ron_xem_hoi_hop_00_39_25_789_00_39_26_487_seg3,fear_copy_of_chung_cu_ma_am_phim_ma_rung_ron_xem_hoi_hop_00_39_25_789_00_39_26_487_seg3,fear,fear,fear,1,data/wavs16k/fear_copy_of_chung_cu_ma_am_phim_ma_rung_ron_xem_hoi_hop_00_39_25_789_00_39_26_487_seg3.wav,data/wavs16k/fear_copy_of_chung_cu_ma_am_phim_ma_rung_ron_xem_hoi_hop_00_39_25_789_00_39_26_487_seg3.wav,fear_copy_of_chung_cu_ma_am_phim_ma_rung_ron_xem_hoi_hop_00_39_25_789_00_39_26_487_seg3.wav,copy_of_chung_cu_ma_am_phim_ma_rung_ron_xem_hoi_hop_00_39_25_789_00_39_26_487,copy_of_chung_cu_ma_am_phim_ma_rung_ron_xem_hoi_hop_00_39_25_789_00_39_26_487,2.0666,làm nhưng lại có chuyện gì vậy.,làm nhưng lại có chuyện gì vậy.,làm nhưng lại có chuyện gì vậy.,làm nhưng lại có chuyện gì vậy.,train
fear_copy_of_chung_cu_ma_am_phim_ma_rung_ron_xem_hoi_hop_00_45_37_096_00_45_38_930_seg4,fear_copy_of_chung_cu_ma_am_phim_ma_rung_ron_xem_hoi_hop_00_45_37_096_00_45_38_930_seg4,fear_copy_of_chung_cu_ma_am_phim_ma_rung_ron_xem_hoi_hop_00_45_37_096_00_45_38_930_seg4,fear,fear,fear,1,data/wavs16k/fear_copy_of_chung_cu_ma_am_phim_ma_rung_ron_xem_hoi_hop_00_45_37_096_00_45_38_930_seg4.wav,data/wavs16k/fear_copy_of_chung_cu_ma_am_phim_ma_rung_ron_xem_hoi_hop_00_45_37_096_00_45_38_930_seg4.wav,fear_copy_of_chung_cu_ma_am_phim_ma_rung_ron_xem_hoi_hop_00_45_37_096_00_45_38_930_seg4.wav,copy_of_chung_cu_ma_am_phim_ma_rung_ron_xem_hoi_hop_00_45_37_096_00_45_38_930,copy_of_chung_cu_ma_am_phim_ma_rung_ron_xem_hoi_hop_00_45_37_096_00_45_38_930,4.2261,cái này là em lỡ bỏng.,cái này là em lỡ bỏng.,cái này là em lỡ bỏng.,cái này là em lỡ bỏng.,train
fear_copy_of_copy_of_loi_thi_tham_6_8123_nu_21_50,fear_copy_of_copy_of_loi_thi_tham_6_8123_nu_21_50,fear_copy_of_copy_of_loi_thi_tham_6_8123_nu_21_50,fear,fear,fear,1,data/wavs16k/fear_copy_of_copy_of_loi_thi_tham_6_8123_nu_21_50.wav,data/wavs16k/fear_copy_of_copy_of_loi_thi_tham_6_8123_nu_21_50.wav,fear_copy_of_copy_of_loi_thi_tham_6_8123_nu_21_50.wav,copy_of_copy_of_loi_thi_tham_6_8123_nu_21_50,copy_of_copy_of_loi_thi_tham_6_8123_nu_21_50,10.1239,Tôi không nghe người khác nói làm gì không em lò cho em đâu là vì em lò cho sức khỏe của anh thôi nên sức khỏe của tôi làm sao.,Tôi không nghe người khác nói làm gì không em lò cho em đâu là vì em lò cho sức khỏe của anh thôi nên sức khỏe của tôi làm sao.,Tôi không nghe người khác nói làm gì không em lò cho em đâu là vì em lò cho sức khỏe của anh thôi nên sức khỏe của tôi làm sao.,tôi không nghe người khác nói làm gì không em lò cho em đâu là vì em lò cho sức khỏe của anh thôi nên sức khỏe của tôi làm sao.,train
fear_copy_of_copy_of_song_chung_voi_me_chong_20_17100_nam_21_50,fear_copy_of_copy_of_song_chung_voi_me_chong_20_17100_nam_21_50,fear_copy_of_copy_of_song_chung_voi_me_chong_20_17100_nam_21_50,fear,fear,fear,1,data/wavs16k/fear_copy_of_copy_of_song_chung_voi_me_chong_20_17100_nam_21_50.wav,data/wavs16k/fear_copy_of_copy_of_song_chung_voi_me_chong_20_17100_nam_21_50.wav,fear_copy_of_copy_of_song_chung_voi_me_chong_20_17100_nam_21_50.wav,copy_of_copy_of_song_chung_voi_me_chong_20_17100_nam_21_50,copy_of_copy_of_song_chung_voi_me_chong_20_17100_nam_21_50,18.112,Em xin lỗi anh xin lỗi vừa rồi đáng sai không nên nổi nóng với em nhưng mà em cũng không được phép to tiếng với cả mẹ chưa kể em nói ra những câu như thế bảo sao mẹ chả tức giận rồi đau tim.,Em xin lỗi anh xin lỗi vừa rồi đáng sai không nên nổi nóng với em nhưng mà em cũng không được phép to tiếng với cả mẹ chưa kể em nói ra những câu như thế bảo sao mẹ chả tức giận rồi đau tim.,Em xin lỗi anh xin lỗi vừa rồi đáng sai không nên nổi nóng với em nhưng mà em cũng không được phép to tiếng với cả mẹ chưa kể em nói ra những câu như thế bảo sao mẹ chả tức giận rồi đau tim.,em xin lỗi anh xin lỗi vừa rồi đáng sai không nên nổi nóng với em nhưng mà em cũng không được phép to tiếng với cả mẹ chưa kể em nói ra những câu như thế bảo sao mẹ chả tức giận rồi đau tim.,train
fear_copy_of_copy_of_song_chung_voi_me_chong_61_3771_nu_21_50,fear_copy_of_copy_of_song_chung_voi_me_chong_61_3771_nu_21_50,fear_copy_of_copy_of_song_chung_voi_me_chong_61_3771_nu_21_50,fear,fear,fear,1,data/wavs16k/fear_copy_of_copy_of_song_chung_voi_me_chong_61_3771_nu_21_50.wav,data/wavs16k/fear_copy_of_copy_of_song_chung_voi_me_chong_61_3771_nu_21_50.wav,fear_copy_of_copy_of_song_chung_voi_me_chong_61_3771_nu_21_50.wav,copy_of_copy_of_song_chung_voi_me_chong_61_3771_nu_21_50,copy_of_copy_of_song_chung_voi_me_chong_61_3771_nu_21_50,4.3947,"- Ôi, khiếp rung cả mình xộn thế bác có bị nặng không hả chị.","- Ôi, khiếp rung cả mình xộn thế bác có bị nặng không hả chị.","- Ôi, khiếp rung cả mình xộn thế bác có bị nặng không hả chị.","- ôi, khiếp rung cả mình xộn thế bác có bị nặng không hả chị.",train
fear_copy_of_copy_of_song_chung_voi_me_chong_69_4383_nam_50,fear_copy_of_copy_of_song_chung_voi_me_chong_69_4383_nam_50,fear_copy_of_copy_of_song_chung_voi_me_chong_69_4383_nam_50,fear,fear,fear,1,data/wavs16k/fear_copy_of_copy_of_song_chung_voi_me_chong_69_4383_nam_50.wav,data/wavs16k/fear_copy_of_copy_of_song_chung_voi_me_chong_69_4383_nam_50.wav,fear_copy_of_copy_of_song_chung_voi_me_chong_69_4383_nam_50.wav,copy_of_copy_of_song_chung_voi_me_chong_69_4383_nam_50,copy_of_copy_of_song_chung_voi_me_chong_69_4383_nam_50,6.9547,bố mẹ cũng hy vọng là như thế nhưng vừa rồi sau khi chẩn đoán các bác sĩ bảo là.,bố mẹ cũng hy vọng là như thế nhưng vừa rồi sau khi chẩn đoán các bác sĩ bảo là.,bố mẹ cũng hy vọng là như thế nhưng vừa rồi sau khi chẩn đoán các bác sĩ bảo là.,bố mẹ cũng hy vọng là như thế nhưng vừa rồi sau khi chẩn đoán các bác sĩ bảo là.,train
fear_copy_of_copy_of_song_chung_voi_me_chong_71_4953_nu_50,fear_copy_of_copy_of_song_chung_voi_me_chong_71_4953_nu_50,fear_copy_of_copy_of_song_chung_voi_me_chong_71_4953_nu_50,fear,fear,fear,1,data/wavs16k/fear_copy_of_copy_of_song_chung_voi_me_chong_71_4953_nu_50.wav,data/wavs16k/fear_copy_of_copy_of_song_chung_voi_me_chong_71_4953_nu_50.wav,fear_copy_of_copy_of_song_chung_voi_me_chong_71_4953_nu_50.wav,copy_of_copy_of_song_chung_voi_me_chong_71_4953_nu_50,copy_of_copy_of_song_chung_voi_me_chong_71_4953_nu_50,5.2694,- Trong cái chân hả cát trân ở không có phương án nào khao xài ở bố.,- Trong cái chân hả cát trân ở không có phương án nào khao xài ở bố.,- Trong cái chân hả cát trân ở không có phương án nào khao xài ở bố.,- trong cái chân hả cát trân ở không có phương án nào khao xài ở bố.,train
fear_copy_of_copy_of_song_chung_voi_me_chong_72_2110_nam_50,fear_copy_of_copy_of_song_chung_voi_me_chong_72_2110_nam_50,fear_copy_of_copy_of_song_chung_voi_me_chong_72_2110_nam_50,fear,fear,fear,1,data/wavs16k/fear_copy_of_copy_of_song_chung_voi_me_chong_72_2110_nam_50.wav,data/wavs16k/fear_copy_of_copy_of_song_chung_voi_me_chong_72_2110_nam_50.wav,fear_copy_of_copy_of_song_chung_voi_me_chong_72_2110_nam_50.wav,copy_of_copy_of_song_chung_voi_me_chong_72_2110_nam_50,copy_of_copy_of_song_chung_voi_me_chong_72_2110_nam_50,5.2481,Con đi nào thế này con làm sao thế này hả.,Con đi nào thế này con làm sao thế này hả.,Con đi nào thế này con làm sao thế này hả.,con đi nào thế này con làm sao thế này hả.,train
fear_copy_of_copy_of_ve_nha_i_con_30_1615_nam_21_50,fear_copy_of_copy_of_ve_nha_i_con_30_1615_nam_21_50,fear_copy_of_copy_of_ve_nha_i_con_30_1615_nam_21_50,fear,fear,fear,1,data/wavs16k/fear_copy_of_copy_of_ve_nha_i_con_30_1615_nam_21_50.wav,data/wavs16k/fear_copy_of_copy_of_ve_nha_i_con_30_1615_nam_21_50.wav,fear_copy_of_copy_of_ve_nha_i_con_30_1615_nam_21_50.wav,copy_of_copy_of_ve_nha_i_con_30_1615_nam_21_50,copy_of_copy_of_ve_nha_i_con_30_1615_nam_21_50,2.24,em nợ em có sao không.,em nợ em có sao không.,em nợ em có sao không.,em nợ em có sao không.,train
fear_copy_of_copy_of_ve_nha_i_con_48_4120_nu_21_50,fear_copy_of_copy_of_ve_nha_i_con_48_4120_nu_21_50,fear_copy_of_copy_of_ve_nha_i_con_48_4120_nu_21_50,fear,fear,fear,1,data/wavs16k/fear_copy_of_copy_of_ve_nha_i_con_48_4120_nu_21_50.wav,data/wavs16k/fear_copy_of_copy_of_ve_nha_i_con_48_4120_nu_21_50.wav,fear_copy_of_copy_of_ve_nha_i_con_48_4120_nu_21_50.wav,copy_of_copy_of_ve_nha_i_con_48_4120_nu_21_50,copy_of_copy_of_ve_nha_i_con_48_4120_nu_21_50,5.504,chị uyên gọi điện cho em bà anh ốm nên là em mang chào tới.,chị uyên gọi điện cho em bà anh ốm nên là em mang chào tới.,chị uyên gọi điện cho em bà anh ốm nên là em mang chào tới.,chị uyên gọi điện cho em bà anh ốm nên là em mang chào tới.,train
fear_copy_of_copy_of_ve_nha_i_con_67_7444_nu_50,fear_copy_of_copy_of_ve_nha_i_con_67_7444_nu_50,fear_copy_of_copy_of_ve_nha_i_con_67_7444_nu_50,fear,fear,fear,1,data/wavs16k/fear_copy_of_copy_of_ve_nha_i_con_67_7444_nu_50.wav,data/wavs16k/fear_copy_of_copy_of_ve_nha_i_con_67_7444_nu_50.wav,fear_copy_of_copy_of_ve_nha_i_con_67_7444_nu_50.wav,copy_of_copy_of_ve_nha_i_con_67_7444_nu_50,copy_of_copy_of_ve_nha_i_con_67_7444_nu_50,14.272,Em thì nhanh thì cũng cần nhanh đấy nhưng mà mình chỉ có một một đứa con trai chuyện hôn nhân là đại sự cả đời của nó đâu có cho quá quýt được anh anh hổng thấy em tìm con bé để em nói chuyện với nó.,Em thì nhanh thì cũng cần nhanh đấy nhưng mà mình chỉ có một một đứa con trai chuyện hôn nhân là đại sự cả đời của nó đâu có cho quá quýt được anh anh hổng thấy em tìm con bé để em nói chuyện với nó.,Em thì nhanh thì cũng cần nhanh đấy nhưng mà mình chỉ có một một đứa con trai chuyện hôn nhân là đại sự cả đời của nó đâu có cho quá quýt được anh anh hổng thấy em tìm con bé để em nói chuyện với nó.,em thì nhanh thì cũng cần nhanh đấy nhưng mà mình chỉ có một một đứa con trai chuyện hôn nhân là đại sự cả đời của nó đâu có cho quá quýt được anh anh hổng thấy em tìm con bé để em nói chuyện với nó.,train
fear_copy_of_copy_of_ve_nha_i_con_69_4900_nu_50,fear_copy_of_copy_of_ve_nha_i_con_69_4900_nu_50,fear_copy_of_copy_of_ve_nha_i_con_69_4900_nu_50,fear,fear,fear,1,data/wavs16k/fear_copy_of_copy_of_ve_nha_i_con_69_4900_nu_50.wav,data/wavs16k/fear_copy_of_copy_of_ve_nha_i_con_69_4900_nu_50.wav,fear_copy_of_copy_of_ve_nha_i_con_69_4900_nu_50.wav,copy_of_copy_of_ve_nha_i_con_69_4900_nu_50,copy_of_copy_of_ve_nha_i_con_69_4900_nu_50,5.504,anh ơi con mình á nó chịu mềm hơn là chưa cứng.,anh ơi con mình á nó chịu mềm hơn là chưa cứng.,anh ơi con mình á nó chịu mềm hơn là chưa cứng.,anh ơi con mình á nó chịu mềm hơn là chưa cứng.,train
fear_copy_of_copy_of_ve_nha_i_con_6_4549_nam_21_50,fear_copy_of_copy_of_ve_nha_i_con_6_4549_nam_21_50,fear_copy_of_copy_of_ve_nha_i_con_6_4549_nam_21_50,fear,fear,fear,1,data/wavs16k/fear_copy_of_copy_of_ve_nha_i_con_6_4549_nam_21_50.wav,data/wavs16k/fear_copy_of_copy_of_ve_nha_i_con_6_4549_nam_21_50.wav,fear_copy_of_copy_of_ve_nha_i_con_6_4549_nam_21_50.wav,copy_of_copy_of_ve_nha_i_con_6_4549_nam_21_50,copy_of_copy_of_ve_nha_i_con_6_4549_nam_21_50,6.1533,ta ghi đầy máu thế này máu hồi hộ hộ hộ hồi có mình hì thì còn chết mất.,ta ghi đầy máu thế này máu hồi hộ hộ hộ hồi có mình hì thì còn chết mất.,ta ghi đầy máu thế này máu hồi hộ hộ hộ hồi có mình hì thì còn chết mất.,ta ghi đầy máu thế này máu hồi hộ hộ hộ hồi có mình hì thì còn chết mất.,train
fear_copy_of_dsfvcxg_uoc_tao_bang_clipchamp,fear_copy_of_dsfvcxg_uoc_tao_bang_clipchamp,fear_copy_of_dsfvcxg_uoc_tao_bang_clipchamp,fear,fear,fear,1,data/wavs16k/fear_copy_of_dsfvcxg_uoc_tao_bang_clipchamp.wav,data/wavs16k/fear_copy_of_dsfvcxg_uoc_tao_bang_clipchamp.wav,fear_copy_of_dsfvcxg_uoc_tao_bang_clipchamp.wav,copy_of_dsfvcxg_uoc_tao_bang_clipchamp,copy_of_dsfvcxg_uoc_tao_bang_clipchamp,1.2771,hỏi ai bây giờ.,hỏi ai bây giờ.,hỏi ai bây giờ.,hỏi ai bây giờ.,train
fear_copy_of_fdosa_00_18_45_696_00_18_49_396_seg02,fear_copy_of_fdosa_00_18_45_696_00_18_49_396_seg02,fear_copy_of_fdosa_00_18_45_696_00_18_49_396_seg02,fear,fear,fear,1,data/wavs16k/fear_copy_of_fdosa_00_18_45_696_00_18_49_396_seg02.wav,data/wavs16k/fear_copy_of_fdosa_00_18_45_696_00_18_49_396_seg02.wav,fear_copy_of_fdosa_00_18_45_696_00_18_49_396_seg02.wav,copy_of_fdosa_00_18_45_696_00_18_49_396,copy_of_fdosa_00_18_45_696_00_18_49_396,4.4815,thôi rồi anh anh đừng hỏi được cho nó nghỉ ngơi.,thôi rồi anh anh đừng hỏi được cho nó nghỉ ngơi.,thôi rồi anh anh đừng hỏi được cho nó nghỉ ngơi.,thôi rồi anh anh đừng hỏi được cho nó nghỉ ngơi.,train
fear_copy_of_fdosa_00_23_31_696_00_23_33_977_seg03,fear_copy_of_fdosa_00_23_31_696_00_23_33_977_seg03,fear_copy_of_fdosa_00_23_31_696_00_23_33_977_seg03,fear,fear,fear,1,data/wavs16k/fear_copy_of_fdosa_00_23_31_696_00_23_33_977_seg03.wav,data/wavs16k/fear_copy_of_fdosa_00_23_31_696_00_23_33_977_seg03.wav,fear_copy_of_fdosa_00_23_31_696_00_23_33_977_seg03.wav,copy_of_fdosa_00_23_31_696_00_23_33_977,copy_of_fdosa_00_23_31_696_00_23_33_977,4.7833,tối nay con ngủ lại đấy để không mẹ.,tối nay con ngủ lại đấy để không mẹ.,tối nay con ngủ lại đấy để không mẹ.,tối nay con ngủ lại đấy để không mẹ.,train
fear_copy_of_fdosa_00_37_53_424_00_38_01_085_seg06,fear_copy_of_fdosa_00_37_53_424_00_38_01_085_seg06,fear_copy_of_fdosa_00_37_53_424_00_38_01_085_seg06,fear,fear,fear,1,data/wavs16k/fear_copy_of_fdosa_00_37_53_424_00_38_01_085_seg06.wav,data/wavs16k/fear_copy_of_fdosa_00_37_53_424_00_38_01_085_seg06.wav,fear_copy_of_fdosa_00_37_53_424_00_38_01_085_seg06.wav,copy_of_fdosa_00_37_53_424_00_38_01_085,copy_of_fdosa_00_37_53_424_00_38_01_085,11.4475,không phải là cái hồn đã chết nhập vào xác của ái mà nó làm cái hồn sống lạc vào cơ thể của ái để đuổi cái hồn lạc này thì phải tìm người sống đó.,không phải là cái hồn đã chết nhập vào xác của ái mà nó làm cái hồn sống lạc vào cơ thể của ái để đuổi cái hồn lạc này thì phải tìm người sống đó.,không phải là cái hồn đã chết nhập vào xác của ái mà nó làm cái hồn sống lạc vào cơ thể của ái để đuổi cái hồn lạc này thì phải tìm người sống đó.,không phải là cái hồn đã chết nhập vào xác của ái mà nó làm cái hồn sống lạc vào cơ thể của ái để đuổi cái hồn lạc này thì phải tìm người sống đó.,train
fear_copy_of_fdosa_00_41_05_060_00_41_08_980_seg11,fear_copy_of_fdosa_00_41_05_060_00_41_08_980_seg11,fear_copy_of_fdosa_00_41_05_060_00_41_08_980_seg11,fear,fear,fear,1,data/wavs16k/fear_copy_of_fdosa_00_41_05_060_00_41_08_980_seg11.wav,data/wavs16k/fear_copy_of_fdosa_00_41_05_060_00_41_08_980_seg11.wav,fear_copy_of_fdosa_00_41_05_060_00_41_08_980_seg11.wav,copy_of_fdosa_00_41_05_060_00_41_08_980,copy_of_fdosa_00_41_05_060_00_41_08_980,4.0635,Thật sự chị không biết mang tới làm gì nữa.,Thật sự chị không biết mang tới làm gì nữa.,Thật sự chị không biết mang tới làm gì nữa.,thật sự chị không biết mang tới làm gì nữa.,train
fear_copy_of_fdosa_00_49_31_631_00_49_36_455_seg13,fear_copy_of_fdosa_00_49_31_631_00_49_36_455_seg13,fear_copy_of_fdosa_00_49_31_631_00_49_36_455_seg13,fear,fear,fear,1,data/wavs16k/fear_copy_of_fdosa_00_49_31_631_00_49_36_455_seg13.wav,data/wavs16k/fear_copy_of_fdosa_00_49_31_631_00_49_36_455_seg13.wav,fear_copy_of_fdosa_00_49_31_631_00_49_36_455_seg13.wav,copy_of_fdosa_00_49_31_631_00_49_36_455,copy_of_fdosa_00_49_31_631_00_49_36_455,4.9923,sợ lắm sợ lắm sợ lắm sợ lắm sợ lắm sợ lắm sợ lắm sợ lắm sợ lắm sợ lắm sợ lắm sợ lắm sợ lắm sợ lắm sợ lắm sợ lắm sợ lắm sợ lắm sợ lắm sợ lắm sợ lắm sợ lắm sợ lắm sợ lắm sợ lắm sợ lắm sợ lắm sợ lắm sợ lắm sợ lắm sợ lắm sợ lắm sợ lắm sợ lắm sợ lắm sợ lắm sợ lắm sợ lắm sợ lắm sợ lắm sợ lắm sợ lắm sợ lắm sợ lắm sợ lắm sợ lắm sợ lắm sợ lắm sợ lắm sợ lắm sợ lắm sợ lắm sợ lắm sợ lắm sợ lắm sợ lắm sợ lắm sợ lắm sợ lắm sợ lắm sợ lắm sợ lắm sợ lắm sợ lắm sợ lắm sợ lắm sợ lắm sợ lắm sợ lắm sợ lắm sợ lắm sợ lắm sợ lắm sợ lắm sợ lắm sợ lắm sợ lắm sợ lắm sợ lắm sợ lắm sợ lắm sợ lắm sợ lắm sợ lắm sợ lắm sợ lắm sợ lắm sợ lắm lắm sợ lắm lắm sợ lắm lắm sợ lắm lắm lắm sợ lắm lắm lắm sợ lắm lắm lắm sợ lắm lắm lắm lắm lắm lắm lắm lắm lắm lắm lắm lắm lắm lắm lắm lắm lắm lắm lắm lắm lắm lắm lắm lắm lắm lắm lắm lắm lắm lắm lắm lắm lắm lắm lắm lắm lắm lắm lắm lắm lắm lắm lắm lắm lắm lắm lắm lắm lắm lắm lắm,sợ lắm sợ lắm sợ lắm sợ lắm sợ lắm sợ lắm sợ lắm sợ lắm sợ lắm sợ lắm sợ lắm sợ lắm sợ lắm sợ lắm sợ lắm sợ lắm sợ lắm sợ lắm sợ lắm sợ lắm sợ lắm sợ lắm sợ lắm sợ lắm sợ lắm sợ lắm sợ lắm sợ lắm sợ lắm sợ lắm sợ lắm sợ lắm sợ lắm sợ lắm sợ lắm sợ lắm sợ lắm sợ lắm sợ lắm sợ lắm sợ lắm sợ lắm sợ lắm sợ lắm sợ lắm sợ lắm sợ lắm sợ lắm sợ lắm sợ lắm sợ lắm sợ lắm sợ lắm sợ lắm sợ lắm sợ lắm sợ lắm sợ lắm sợ lắm sợ lắm sợ lắm sợ lắm sợ lắm sợ lắm sợ lắm sợ lắm sợ lắm sợ lắm sợ lắm sợ lắm sợ lắm sợ lắm sợ lắm sợ lắm sợ lắm sợ lắm sợ lắm sợ lắm sợ lắm sợ lắm sợ lắm sợ lắm sợ lắm sợ lắm sợ lắm sợ lắm sợ lắm sợ lắm lắm sợ lắm lắm sợ lắm lắm sợ lắm lắm lắm sợ lắm lắm lắm sợ lắm lắm lắm sợ lắm lắm lắm lắm lắm lắm lắm lắm lắm lắm lắm lắm lắm lắm lắm lắm lắm lắm lắm lắm lắm lắm lắm lắm lắm lắm lắm lắm lắm lắm lắm lắm lắm lắm lắm lắm lắm lắm lắm lắm lắm lắm lắm lắm lắm lắm lắm lắm lắm lắm lắm,sợ lắm sợ lắm sợ lắm sợ lắm sợ lắm sợ lắm sợ lắm sợ lắm sợ lắm sợ lắm sợ lắm sợ lắm sợ lắm sợ lắm sợ lắm sợ lắm sợ lắm sợ lắm sợ lắm sợ lắm sợ lắm sợ lắm sợ lắm sợ lắm sợ lắm sợ lắm sợ lắm sợ lắm sợ lắm sợ lắm sợ lắm sợ lắm sợ lắm sợ lắm sợ lắm sợ lắm sợ lắm sợ lắm sợ lắm sợ lắm sợ lắm sợ lắm sợ lắm sợ lắm sợ lắm sợ lắm sợ lắm sợ lắm sợ lắm sợ lắm sợ lắm sợ lắm sợ lắm sợ lắm sợ lắm sợ lắm sợ lắm sợ lắm sợ lắm sợ lắm sợ lắm sợ lắm sợ lắm sợ lắm sợ lắm sợ lắm sợ lắm sợ lắm sợ lắm sợ lắm sợ lắm sợ lắm sợ lắm sợ lắm sợ lắm sợ lắm sợ lắm sợ lắm sợ lắm sợ lắm sợ lắm sợ lắm sợ lắm sợ lắm sợ lắm sợ lắm sợ lắm sợ lắm lắm sợ lắm lắm sợ lắm lắm sợ lắm lắm lắm sợ lắm lắm lắm sợ lắm lắm lắm sợ lắm lắm lắm lắm lắm lắm lắm lắm lắm lắm lắm lắm lắm lắm lắm lắm lắm lắm lắm lắm lắm lắm lắm lắm lắm lắm lắm lắm lắm lắm lắm lắm lắm lắm lắm lắm lắm lắm lắm lắm lắm lắm lắm lắm lắm lắm lắm lắm lắm lắm lắm,sợ lắm sợ lắm sợ lắm sợ lắm sợ lắm sợ lắm sợ lắm sợ lắm sợ lắm sợ lắm sợ lắm sợ lắm sợ lắm sợ lắm sợ lắm sợ lắm sợ lắm sợ lắm sợ lắm sợ lắm sợ lắm sợ lắm sợ lắm sợ lắm sợ lắm sợ lắm sợ lắm sợ lắm sợ lắm sợ lắm sợ lắm sợ lắm sợ lắm sợ lắm sợ lắm sợ lắm sợ lắm sợ lắm sợ lắm sợ lắm sợ lắm sợ lắm sợ lắm sợ lắm sợ lắm sợ lắm sợ lắm sợ lắm sợ lắm sợ lắm sợ lắm sợ lắm sợ lắm sợ lắm sợ lắm sợ lắm sợ lắm sợ lắm sợ lắm sợ lắm sợ lắm sợ lắm sợ lắm sợ lắm sợ lắm sợ lắm sợ lắm sợ lắm sợ lắm sợ lắm sợ lắm sợ lắm sợ lắm sợ lắm sợ lắm sợ lắm sợ lắm sợ lắm sợ lắm sợ lắm sợ lắm sợ lắm sợ lắm sợ lắm sợ lắm sợ lắm sợ lắm sợ lắm lắm sợ lắm lắm sợ lắm lắm sợ lắm lắm lắm sợ lắm lắm lắm sợ lắm lắm lắm sợ lắm lắm lắm lắm lắm lắm lắm lắm lắm lắm lắm lắm lắm lắm lắm lắm lắm lắm lắm lắm lắm lắm lắm lắm lắm lắm lắm lắm lắm lắm lắm lắm lắm lắm lắm lắm lắm lắm lắm lắm lắm lắm lắm lắm lắm lắm lắm lắm lắm lắm lắm,train
fear_copy_of_fdosa_01_06_48_077_01_06_51_482_seg19,fear_copy_of_fdosa_01_06_48_077_01_06_51_482_seg19,fear_copy_of_fdosa_01_06_48_077_01_06_51_482_seg19,fear,fear,fear,1,data/wavs16k/fear_copy_of_fdosa_01_06_48_077_01_06_51_482_seg19.wav,data/wavs16k/fear_copy_of_fdosa_01_06_48_077_01_06_51_482_seg19.wav,fear_copy_of_fdosa_01_06_48_077_01_06_51_482_seg19.wav,copy_of_fdosa_01_06_48_077_01_06_51_482,copy_of_fdosa_01_06_48_077_01_06_51_482,8.1038,chép bệnh gì nhờ có phải là hồng hoàn để nhận vợ hai.,chép bệnh gì nhờ có phải là hồng hoàn để nhận vợ hai.,chép bệnh gì nhờ có phải là hồng hoàn để nhận vợ hai.,chép bệnh gì nhờ có phải là hồng hoàn để nhận vợ hai.,train
fear_copy_of_fdosa_01_11_32_038_01_11_34_080_seg22,fear_copy_of_fdosa_01_11_32_038_01_11_34_080_seg22,fear_copy_of_fdosa_01_11_32_038_01_11_34_080_seg22,fear,fear,fear,1,data/wavs16k/fear_copy_of_fdosa_01_11_32_038_01_11_34_080_seg22.wav,data/wavs16k/fear_copy_of_fdosa_01_11_32_038_01_11_34_080_seg22.wav,fear_copy_of_fdosa_01_11_32_038_01_11_34_080_seg22.wav,copy_of_fdosa_01_11_32_038_01_11_34_080,copy_of_fdosa_01_11_32_038_01_11_34_080,2.5543,cô nói là cô thấy già em mà.,cô nói là cô thấy già em mà.,cô nói là cô thấy già em mà.,cô nói là cô thấy già em mà.,train
fear_copy_of_fdosa_01_11_44_608_01_11_49_067_seg24,fear_copy_of_fdosa_01_11_44_608_01_11_49_067_seg24,fear_copy_of_fdosa_01_11_44_608_01_11_49_067_seg24,fear,fear,fear,1,data/wavs16k/fear_copy_of_fdosa_01_11_44_608_01_11_49_067_seg24.wav,data/wavs16k/fear_copy_of_fdosa_01_11_44_608_01_11_49_067_seg24.wav,fear_copy_of_fdosa_01_11_44_608_01_11_49_067_seg24.wav,copy_of_fdosa_01_11_44_608_01_11_49_067,copy_of_fdosa_01_11_44_608_01_11_49_067,4.644,có cháu giấc mơ ơi.,có cháu giấc mơ ơi.,có cháu giấc mơ ơi.,có cháu giấc mơ ơi.,train
fear_copy_of_fdosa_01_13_08_662_01_13_11_030_seg25,fear_copy_of_fdosa_01_13_08_662_01_13_11_030_seg25,fear_copy_of_fdosa_01_13_08_662_01_13_11_030_seg25,fear,fear,fear,1,data/wavs16k/fear_copy_of_fdosa_01_13_08_662_01_13_11_030_seg25.wav,data/wavs16k/fear_copy_of_fdosa_01_13_08_662_01_13_11_030_seg25.wav,fear_copy_of_fdosa_01_13_08_662_01_13_11_030_seg25.wav,copy_of_fdosa_01_13_08_662_01_13_11_030,copy_of_fdosa_01_13_08_662_01_13_11_030,3.4134,không có ai nhà hết á.,không có ai nhà hết á.,không có ai nhà hết á.,không có ai nhà hết á.,train
fear_copy_of_fdosa_01_13_46_343_01_13_48_077_seg26,fear_copy_of_fdosa_01_13_46_343_01_13_48_077_seg26,fear_copy_of_fdosa_01_13_46_343_01_13_48_077_seg26,fear,fear,fear,1,data/wavs16k/fear_copy_of_fdosa_01_13_46_343_01_13_48_077_seg26.wav,data/wavs16k/fear_copy_of_fdosa_01_13_46_343_01_13_48_077_seg26.wav,fear_copy_of_fdosa_01_13_46_343_01_13_48_077_seg26.wav,copy_of_fdosa_01_13_46_343_01_13_48_077,copy_of_fdosa_01_13_46_343_01_13_48_077,2.3917,tôi thấm áp hồi cô ơi.,tôi thấm áp hồi cô ơi.,tôi thấm áp hồi cô ơi.,tôi thấm áp hồi cô ơi.,train
fear_copy_of_fdosa_01_19_56_560_01_19_58_241_seg27,fear_copy_of_fdosa_01_19_56_560_01_19_58_241_seg27,fear_copy_of_fdosa_01_19_56_560_01_19_58_241_seg27,fear,fear,fear,1,data/wavs16k/fear_copy_of_fdosa_01_19_56_560_01_19_58_241_seg27.wav,data/wavs16k/fear_copy_of_fdosa_01_19_56_560_01_19_58_241_seg27.wav,fear_copy_of_fdosa_01_19_56_560_01_19_58_241_seg27.wav,copy_of_fdosa_01_19_56_560_01_19_58_241,copy_of_fdosa_01_19_56_560_01_19_58_241,2.3684,- Tôi không phải là một trong những người đầu_tiên được bầu làm chủ_tịch Hội_đồng xã.,- Tôi không phải là một trong những người đầu_tiên được bầu làm chủ_tịch Hội_đồng xã.,- Tôi không phải là một trong những người đầu_tiên được bầu làm chủ_tịch Hội_đồng xã.,- tôi không phải là một trong những người đầu_tiên được bầu làm chủ_tịch hội_đồng xã.,train
fear_copy_of_fdosa_01_25_25_576_01_25_28_513_seg28,fear_copy_of_fdosa_01_25_25_576_01_25_28_513_seg28,fear_copy_of_fdosa_01_25_25_576_01_25_28_513_seg28,fear,fear,fear,1,data/wavs16k/fear_copy_of_fdosa_01_25_25_576_01_25_28_513_seg28.wav,data/wavs16k/fear_copy_of_fdosa_01_25_25_576_01_25_28_513_seg28.wav,fear_copy_of_fdosa_01_25_25_576_01_25_28_513_seg28.wav,copy_of_fdosa_01_25_25_576_01_25_28_513,copy_of_fdosa_01_25_25_576_01_25_28_513,3.6688,chính tại ông đã giết chết ái rồi.,chính tại ông đã giết chết ái rồi.,chính tại ông đã giết chết ái rồi.,chính tại ông đã giết chết ái rồi.,train
fear_copy_of_npx_1_1_made_with_clipchamp,fear_copy_of_npx_1_1_made_with_clipchamp,fear_copy_of_npx_1_1_made_with_clipchamp,fear,fear,fear,1,data/wavs16k/fear_copy_of_npx_1_1_made_with_clipchamp.wav,data/wavs16k/fear_copy_of_npx_1_1_made_with_clipchamp.wav,fear_copy_of_npx_1_1_made_with_clipchamp.wav,copy_of_npx_1_1_made_with_clipchamp,copy_of_npx_1_1_made_with_clipchamp,2.0898,dạ tôi không biết ạ.,dạ tôi không biết ạ.,dạ tôi không biết ạ.,dạ tôi không biết ạ.,train
fear_copy_of_npx_2_1_made_with_clipchamp,fear_copy_of_npx_2_1_made_with_clipchamp,fear_copy_of_npx_2_1_made_with_clipchamp,fear,fear,fear,1,data/wavs16k/fear_copy_of_npx_2_1_made_with_clipchamp.wav,data/wavs16k/fear_copy_of_npx_2_1_made_with_clipchamp.wav,fear_copy_of_npx_2_1_made_with_clipchamp.wav,copy_of_npx_2_1_made_with_clipchamp,copy_of_npx_2_1_made_with_clipchamp,4.8298,Em thề với em không làm gì cả em mà nói sai bố mẹ mẹ em chết.,Em thề với em không làm gì cả em mà nói sai bố mẹ mẹ em chết.,Em thề với em không làm gì cả em mà nói sai bố mẹ mẹ em chết.,em thề với em không làm gì cả em mà nói sai bố mẹ mẹ em chết.,train
fear_copy_of_npx_2_2_made_with_clipchamp,fear_copy_of_npx_2_2_made_with_clipchamp,fear_copy_of_npx_2_2_made_with_clipchamp,fear,fear,fear,1,data/wavs16k/fear_copy_of_npx_2_2_made_with_clipchamp.wav,data/wavs16k/fear_copy_of_npx_2_2_made_with_clipchamp.wav,fear_copy_of_npx_2_2_made_with_clipchamp.wav,copy_of_npx_2_2_made_with_clipchamp,copy_of_npx_2_2_made_with_clipchamp,18.8314,anh không ạ dạ thưa anh em nào dám làm như thế dạ em biết anh cho nên không đời nào cũng dám làm như vậy dạ anh ơi chính nó gọi em tới sau đó đón đổi ý đuổi em về vì biết anh sắp tới dạ không tin anh cứ gọi điện cho nó ba mặt một lời dạ em không dám nói sai nổi câu đó.,anh không ạ dạ thưa anh em nào dám làm như thế dạ em biết anh cho nên không đời nào cũng dám làm như vậy dạ anh ơi chính nó gọi em tới sau đó đón đổi ý đuổi em về vì biết anh sắp tới dạ không tin anh cứ gọi điện cho nó ba mặt một lời dạ em không dám nói sai nổi câu đó.,anh không ạ dạ thưa anh em nào dám làm như thế dạ em biết anh cho nên không đời nào cũng dám làm như vậy dạ anh ơi chính nó gọi em tới sau đó đón đổi ý đuổi em về vì biết anh sắp tới dạ không tin anh cứ gọi điện cho nó ba mặt một lời dạ em không dám nói sai nổi câu đó.,anh không ạ dạ thưa anh em nào dám làm như thế dạ em biết anh cho nên không đời nào cũng dám làm như vậy dạ anh ơi chính nó gọi em tới sau đó đón đổi ý đuổi em về vì biết anh sắp tới dạ không tin anh cứ gọi điện cho nó ba mặt một lời dạ em không dám nói sai nổi câu đó.,train
fear_copy_of_npx_2_3_made_with_clipchamp,fear_copy_of_npx_2_3_made_with_clipchamp,fear_copy_of_npx_2_3_made_with_clipchamp,fear,fear,fear,1,data/wavs16k/fear_copy_of_npx_2_3_made_with_clipchamp.wav,data/wavs16k/fear_copy_of_npx_2_3_made_with_clipchamp.wav,fear_copy_of_npx_2_3_made_with_clipchamp.wav,copy_of_npx_2_3_made_with_clipchamp,copy_of_npx_2_3_made_with_clipchamp,9.6828,Em dạ dạ thưa anh em thề với anh em nói xa em bằng con chó dạ thưa anh nó xin tiền của em nhiều lần rồi mà không phải có một mình em đó.,Em dạ dạ thưa anh em thề với anh em nói xa em bằng con chó dạ thưa anh nó xin tiền của em nhiều lần rồi mà không phải có một mình em đó.,Em dạ dạ thưa anh em thề với anh em nói xa em bằng con chó dạ thưa anh nó xin tiền của em nhiều lần rồi mà không phải có một mình em đó.,em dạ dạ thưa anh em thề với anh em nói xa em bằng con chó dạ thưa anh nó xin tiền của em nhiều lần rồi mà không phải có một mình em đó.,train
fear_copy_of_npx_2_4_made_with_clipchamp,fear_copy_of_npx_2_4_made_with_clipchamp,fear_copy_of_npx_2_4_made_with_clipchamp,fear,fear,fear,1,data/wavs16k/fear_copy_of_npx_2_4_made_with_clipchamp.wav,data/wavs16k/fear_copy_of_npx_2_4_made_with_clipchamp.wav,fear_copy_of_npx_2_4_made_with_clipchamp.wav,copy_of_npx_2_4_made_with_clipchamp,copy_of_npx_2_4_made_with_clipchamp,5.0156,- Dạ thưa anh ừ hôm nay em có mặt ở đấy là vì nó gọi em đến để xin tiền em ạ.,- Dạ thưa anh ừ hôm nay em có mặt ở đấy là vì nó gọi em đến để xin tiền em ạ.,- Dạ thưa anh ừ hôm nay em có mặt ở đấy là vì nó gọi em đến để xin tiền em ạ.,- dạ thưa anh ừ hôm nay em có mặt ở đấy là vì nó gọi em đến để xin tiền em ạ.,train
fear_copy_of_video_chua_at_ten_uoc_tao_bang_clipchamp,fear_copy_of_video_chua_at_ten_uoc_tao_bang_clipchamp,fear_copy_of_video_chua_at_ten_uoc_tao_bang_clipchamp,fear,fear,fear,1,data/wavs16k/fear_copy_of_video_chua_at_ten_uoc_tao_bang_clipchamp.wav,data/wavs16k/fear_copy_of_video_chua_at_ten_uoc_tao_bang_clipchamp.wav,fear_copy_of_video_chua_at_ten_uoc_tao_bang_clipchamp.wav,copy_of_video_chua_at_ten_uoc_tao_bang_clipchamp,copy_of_video_chua_at_ten_uoc_tao_bang_clipchamp,4.3654,trời ơi lấy bị lấy rồi mày làm tao lo quá à đi đâu vậy hả.,trời ơi lấy bị lấy rồi mày làm tao lo quá à đi đâu vậy hả.,trời ơi lấy bị lấy rồi mày làm tao lo quá à đi đâu vậy hả.,trời ơi lấy bị lấy rồi mày làm tao lo quá à đi đâu vậy hả.,train
happiness_copy_of_1,happiness_copy_of_1,happiness_copy_of_1,happiness,happiness,happiness,2,data/wavs16k/happiness_copy_of_1.wav,data/wavs16k/happiness_copy_of_1.wav,happiness_copy_of_1.wav,copy_of_1,copy_of_1,9.497,- Chúc_mừng cháu bé. - Chúc_mừng cháu bé tốt lắm tốt lắm thôi và cảm ơn cháu mùi nha chào cháu.,- Chúc_mừng cháu bé. - Chúc_mừng cháu bé tốt lắm tốt lắm thôi và cảm ơn cháu mùi nha chào cháu.,- Chúc_mừng cháu bé. - Chúc_mừng cháu bé tốt lắm tốt lắm thôi và cảm ơn cháu mùi nha chào cháu.,- chúc_mừng cháu bé. - chúc_mừng cháu bé tốt lắm tốt lắm thôi và cảm ơn cháu mùi nha chào cháu.,train
happiness_copy_of_1_t5,happiness_copy_of_1_t5,happiness_copy_of_1_t5,happiness,happiness,happiness,2,data/wavs16k/happiness_copy_of_1_t5.wav,data/wavs16k/happiness_copy_of_1_t5.wav,happiness_copy_of_1_t5.wav,copy_of_1_t5,copy_of_1_t5,15.1163,con của bố mày là con trai hay con gái hả con nói nói nói nói nói nói nói nói nói nói nói nói nói nói nói nói nói nói nói nói nói nói nói nói nói nói nói nói nói nói nói nói nói nói nói nói nói nói nói nói nói nói nói nói nói nói nói nói nói nói nói nói nói nói nói nói nói nói nói nói nói nói nói nói nói nói nói nói nói nói nói nói nói nói nói nói nói nói nói nói nói nói nói nói nói nói nói nói nói nói nói nói nói nói nói nói nói nói nói nói nói nói nói nói nói nói nói nói nói nói nói nói nói nói nói nói nói nói nói nói nói nói nói nói nói nói nói nói nói nói nói nói nói nói nói nói nói nói nói nói nói nói nói nói nói nói nói nói nói nói nói nói nói nói nói nói nói nói nói nói nói nói nói nói nói nói nói nói nói nói nói nói nói nói nói nói nói nói nói nói nói nói nói nói nói nói nói nói nói nói nói nói nói nói nói nói nói nói nói nói nói nói nói nói nói nói nói nói nói nói nói nói nói nói nói nói nói nói nói nói nói nói nói nói nói nói nói nói nói nói nói nói nói nói nói nói nói nói nói nói nói nói nói nói nói nói nói nói nói nói nói nói nói nói nói nói nói nói nói nói nói nói nói nói nói nói nói nói nói nói nói nói nói nói nói nói nói nói nói nói nói nói nói nói nói nói nói nói nói nói nói nói nói nói nói nói nói nói nói nói nói nói nói nói nói nói nói nói nói nói nói nói nói nói nói nói nói nói nói nói nói nói nói nói nói nói nói nói nói nói nói nói nói nói nói nói nói nói nói nói nói nói nói nói nói nói nói nói nói nói nói nói nói nói nói nói nói nói nói nói nói nói nói nói nói nói nói nói nói nói nói nói nói nói nói nói nói nói nói nói nói nói nói nói nói nói nói nói nói nói nói nói nói nói nói nói nói nói nói nói nói nói nói nói nói nói nói nói nói nói nói nói nói nói nói nói nói nói nói nói nói nói nói nói nói nói nói nói nói nói nói nói nói nói nói nói nói nói nói nói nói nói nói nói nói nói nói nói nói nói,con của bố mày là con trai hay con gái hả con nói nói nói nói nói nói nói nói nói nói nói nói nói nói nói nói nói nói nói nói nói nói nói nói nói nói nói nói nói nói nói nói nói nói nói nói nói nói nói nói nói nói nói nói nói nói nói nói nói nói nói nói nói nói nói nói nói nói nói nói nói nói nói nói nói nói nói nói nói nói nói nói nói nói nói nói nói nói nói nói nói nói nói nói nói nói nói nói nói nói nói nói nói nói nói nói nói nói nói nói nói nói nói nói nói nói nói nói nói nói nói nói nói nói nói nói nói nói nói nói nói nói nói nói nói nói nói nói nói nói nói nói nói nói nói nói nói nói nói nói nói nói nói nói nói nói nói nói nói nói nói nói nói nói nói nói nói nói nói nói nói nói nói nói nói nói nói nói nói nói nói nói nói nói nói nói nói nói nói nói nói nói nói nói nói nói nói nói nói nói nói nói nói nói nói nói nói nói nói nói nói nói nói nói nói nói nói nói nói nói nói nói nói nói nói nói nói nói nói nói nói nói nói nói nói nói nói nói nói nói nói nói nói nói nói nói nói nói nói nói nói nói nói nói nói nói nói nói nói nói nói nói nói nói nói nói nói nói nói nói nói nói nói nói nói nói nói nói nói nói nói nói nói nói nói nói nói nói nói nói nói nói nói nói nói nói nói nói nói nói nói nói nói nói nói nói nói nói nói nói nói nói nói nói nói nói nói nói nói nói nói nói nói nói nói nói nói nói nói nói nói nói nói nói nói nói nói nói nói nói nói nói nói nói nói nói nói nói nói nói nói nói nói nói nói nói nói nói nói nói nói nói nói nói nói nói nói nói nói nói nói nói nói nói nói nói nói nói nói nói nói nói nói nói nói nói nói nói nói nói nói nói nói nói nói nói nói nói nói nói nói nói nói nói nói nói nói nói nói nói nói nói nói nói nói nói nói nói nói nói nói nói nói nói nói nói nói nói nói nói nói nói nói nói nói nói nói nói nói nói nói nói nói nói nói nói nói nói nói nói nói nói nói nói nói nói nói nói nói nói,con của bố mày là con trai hay con gái hả con nói nói nói nói nói nói nói nói nói nói nói nói nói nói nói nói nói nói nói nói nói nói nói nói nói nói nói nói nói nói nói nói nói nói nói nói nói nói nói nói nói nói nói nói nói nói nói nói nói nói nói nói nói nói nói nói nói nói nói nói nói nói nói nói nói nói nói nói nói nói nói nói nói nói nói nói nói nói nói nói nói nói nói nói nói nói nói nói nói nói nói nói nói nói nói nói nói nói nói nói nói nói nói nói nói nói nói nói nói nói nói nói nói nói nói nói nói nói nói nói nói nói nói nói nói nói nói nói nói nói nói nói nói nói nói nói nói nói nói nói nói nói nói nói nói nói nói nói nói nói nói nói nói nói nói nói nói nói nói nói nói nói nói nói nói nói nói nói nói nói nói nói nói nói nói nói nói nói nói nói nói nói nói nói nói nói nói nói nói nói nói nói nói nói nói nói nói nói nói nói nói nói nói nói nói nói nói nói nói nói nói nói nói nói nói nói nói nói nói nói nói nói nói nói nói nói nói nói nói nói nói nói nói nói nói nói nói nói nói nói nói nói nói nói nói nói nói nói nói nói nói nói nói nói nói nói nói nói nói nói nói nói nói nói nói nói nói nói nói nói nói nói nói nói nói nói nói nói nói nói nói nói nói nói nói nói nói nói nói nói nói nói nói nói nói nói nói nói nói nói nói nói nói nói nói nói nói nói nói nói nói nói nói nói nói nói nói nói nói nói nói nói nói nói nói nói nói nói nói nói nói nói nói nói nói nói nói nói nói nói nói nói nói nói nói nói nói nói nói nói nói nói nói nói nói nói nói nói nói nói nói nói nói nói nói nói nói nói nói nói nói nói nói nói nói nói nói nói nói nói nói nói nói nói nói nói nói nói nói nói nói nói nói nói nói nói nói nói nói nói nói nói nói nói nói nói nói nói nói nói nói nói nói nói nói nói nói nói nói nói nói nói nói nói nói nói nói nói nói nói nói nói nói nói nói nói nói nói nói nói nói nói nói nói nói nói nói nói nói nói,con của bố mày là con trai hay con gái hả con nói nói nói nói nói nói nói nói nói nói nói nói nói nói nói nói nói nói nói nói nói nói nói nói nói nói nói nói nói nói nói nói nói nói nói nói nói nói nói nói nói nói nói nói nói nói nói nói nói nói nói nói nói nói nói nói nói nói nói nói nói nói nói nói nói nói nói nói nói nói nói nói nói nói nói nói nói nói nói nói nói nói nói nói nói nói nói nói nói nói nói nói nói nói nói nói nói nói nói nói nói nói nói nói nói nói nói nói nói nói nói nói nói nói nói nói nói nói nói nói nói nói nói nói nói nói nói nói nói nói nói nói nói nói nói nói nói nói nói nói nói nói nói nói nói nói nói nói nói nói nói nói nói nói nói nói nói nói nói nói nói nói nói nói nói nói nói nói nói nói nói nói nói nói nói nói nói nói nói nói nói nói nói nói nói nói nói nói nói nói nói nói nói nói nói nói nói nói nói nói nói nói nói nói nói nói nói nói nói nói nói nói nói nói nói nói nói nói nói nói nói nói nói nói nói nói nói nói nói nói nói nói nói nói nói nói nói nói nói nói nói nói nói nói nói nói nói nói nói nói nói nói nói nói nói nói nói nói nói nói nói nói nói nói nói nói nói nói nói nói nói nói nói nói nói nói nói nói nói nói nói nói nói nói nói nói nói nói nói nói nói nói nói nói nói nói nói nói nói nói nói nói nói nói nói nói nói nói nói nói nói nói nói nói nói nói nói nói nói nói nói nói nói nói nói nói nói nói nói nói nói nói nói nói nói nói nói nói nói nói nói nói nói nói nói nói nói nói nói nói nói nói nói nói nói nói nói nói nói nói nói nói nói nói nói nói nói nói nói nói nói nói nói nói nói nói nói nói nói nói nói nói nói nói nói nói nói nói nói nói nói nói nói nói nói nói nói nói nói nói nói nói nói nói nói nói nói nói nói nói nói nói nói nói nói nói nói nói nói nói nói nói nói nói nói nói nói nói nói nói nói nói nói nói nói nói nói nói nói nói nói nói nói nói nói nói nói nói nói nói,train
happiness_copy_of_ccna_00_06_46_12_00_06_49_79,happiness_copy_of_ccna_00_06_46_12_00_06_49_79,happiness_copy_of_ccna_00_06_46_12_00_06_49_79,happiness,happiness,happiness,2,data/wavs16k/happiness_copy_of_ccna_00_06_46_12_00_06_49_79.wav,data/wavs16k/happiness_copy_of_ccna_00_06_46_12_00_06_49_79.wav,happiness_copy_of_ccna_00_06_46_12_00_06_49_79.wav,copy_of_ccna_00_06,copy_of_ccna_00_06,6.4,anh hạnh lắm lát xu cho em ơi không.,anh hạnh lắm lát xu cho em ơi không.,anh hạnh lắm lát xu cho em ơi không.,anh hạnh lắm lát xu cho em ơi không.,train
happiness_copy_of_ccna_00_09_21_32_00_09_24_67,happiness_copy_of_ccna_00_09_21_32_00_09_24_67,happiness_copy_of_ccna_00_09_21_32_00_09_24_67,happiness,happiness,happiness,2,data/wavs16k/happiness_copy_of_ccna_00_09_21_32_00_09_24_67.wav,data/wavs16k/happiness_copy_of_ccna_00_09_21_32_00_09_24_67.wav,happiness_copy_of_ccna_00_09_21_32_00_09_24_67.wav,copy_of_ccna_00_09,copy_of_ccna_00_09,5.12,cô đẹp của mẹ giữ gì một gia điệu mê quá nhưng mà không.,cô đẹp của mẹ giữ gì một gia điệu mê quá nhưng mà không.,cô đẹp của mẹ giữ gì một gia điệu mê quá nhưng mà không.,cô đẹp của mẹ giữ gì một gia điệu mê quá nhưng mà không.,train
happiness_copy_of_ccna_00_19_32_23_00_19_40_96,happiness_copy_of_ccna_00_19_32_23_00_19_40_96,happiness_copy_of_ccna_00_19_32_23_00_19_40_96,happiness,happiness,happiness,2,data/wavs16k/happiness_copy_of_ccna_00_19_32_23_00_19_40_96.wav,data/wavs16k/happiness_copy_of_ccna_00_19_32_23_00_19_40_96.wav,happiness_copy_of_ccna_00_19_32_23_00_19_40_96.wav,copy_of_ccna_00_19,copy_of_ccna_00_19,17.6,mấy nhân vật như này là cuối phim rất sớm nó nha ông biết tâm cuối của mình là lúc nào thôi.,mấy nhân vật như này là cuối phim rất sớm nó nha ông biết tâm cuối của mình là lúc nào thôi.,mấy nhân vật như này là cuối phim rất sớm nó nha ông biết tâm cuối của mình là lúc nào thôi.,mấy nhân vật như này là cuối phim rất sớm nó nha ông biết tâm cuối của mình là lúc nào thôi.,train
happiness_copy_of_happi_mddx,happiness_copy_of_happi_mddx,happiness_copy_of_happi_mddx,happiness,happiness,happiness,2,data/wavs16k/happiness_copy_of_happi_mddx.wav,data/wavs16k/happiness_copy_of_happi_mddx.wav,happiness_copy_of_happi_mddx.wav,copy_of_happi_mddx,copy_of_happi_mddx,9.497,- Chúc_mừng cháu bé. - Chúc_mừng cháu bé tốt lắm tốt lắm thôi và cảm ơn cháu mùi nha chào cháu.,- Chúc_mừng cháu bé. - Chúc_mừng cháu bé tốt lắm tốt lắm thôi và cảm ơn cháu mùi nha chào cháu.,- Chúc_mừng cháu bé. - Chúc_mừng cháu bé tốt lắm tốt lắm thôi và cảm ơn cháu mùi nha chào cháu.,- chúc_mừng cháu bé. - chúc_mừng cháu bé tốt lắm tốt lắm thôi và cảm ơn cháu mùi nha chào cháu.,train
happiness_copy_of_happiness_hvtt_1_20_00_00_39_996_00_00_46_802_seg2,happiness_copy_of_happiness_hvtt_1_20_00_00_39_996_00_00_46_802_seg2,happiness_copy_of_happiness_hvtt_1_20_00_00_39_996_00_00_46_802_seg2,happiness,happiness,happiness,2,data/wavs16k/happiness_copy_of_happiness_hvtt_1_20_00_00_39_996_00_00_46_802_seg2.wav,data/wavs16k/happiness_copy_of_happiness_hvtt_1_20_00_00_39_996_00_00_46_802_seg2.wav,happiness_copy_of_happiness_hvtt_1_20_00_00_39_996_00_00_46_802_seg2.wav,copy_of_happiness_hvtt_1_20_00_00_39_996_00_00_46_802,copy_of_happiness_hvtt_1_20_00_00_39_996_00_00_46_802,11.6054,hôm sau chúng con phải mang trả lại chuối như thế nó mới không áy náy thực ra mà nhận toán là sơn hào hải vị mà mang mấy cái thứ thường dần thế này á thì cũng hay áy náy đấy ạ.,hôm sau chúng con phải mang trả lại chuối như thế nó mới không áy náy thực ra mà nhận toán là sơn hào hải vị mà mang mấy cái thứ thường dần thế này á thì cũng hay áy náy đấy ạ.,hôm sau chúng con phải mang trả lại chuối như thế nó mới không áy náy thực ra mà nhận toán là sơn hào hải vị mà mang mấy cái thứ thường dần thế này á thì cũng hay áy náy đấy ạ.,hôm sau chúng con phải mang trả lại chuối như thế nó mới không áy náy thực ra mà nhận toán là sơn hào hải vị mà mang mấy cái thứ thường dần thế này á thì cũng hay áy náy đấy ạ.,train
happiness_copy_of_happiness_hvtt_1_20_00_00_46_838_00_00_55_509_seg3,happiness_copy_of_happiness_hvtt_1_20_00_00_46_838_00_00_55_509_seg3,happiness_copy_of_happiness_hvtt_1_20_00_00_46_838_00_00_55_509_seg3,happiness,happiness,happiness,2,data/wavs16k/happiness_copy_of_happiness_hvtt_1_20_00_00_46_838_00_00_55_509_seg3.wav,data/wavs16k/happiness_copy_of_happiness_hvtt_1_20_00_00_46_838_00_00_55_509_seg3.wav,happiness_copy_of_happiness_hvtt_1_20_00_00_46_838_00_00_55_509_seg3.wav,copy_of_happiness_hvtt_1_20_00_00_46_838_00_00_55_509,copy_of_happiness_hvtt_1_20_00_00_46_838_00_00_55_509,10.2614,cũng hơi áy náy đi ạ nhưng mà thôi của ít lòng nhiều cũng nhất cũng không có cái gì to tát đâu cô ạ đây mấy cái bánh khoai là con tự hấp.,cũng hơi áy náy đi ạ nhưng mà thôi của ít lòng nhiều cũng nhất cũng không có cái gì to tát đâu cô ạ đây mấy cái bánh khoai là con tự hấp.,cũng hơi áy náy đi ạ nhưng mà thôi của ít lòng nhiều cũng nhất cũng không có cái gì to tát đâu cô ạ đây mấy cái bánh khoai là con tự hấp.,cũng hơi áy náy đi ạ nhưng mà thôi của ít lòng nhiều cũng nhất cũng không có cái gì to tát đâu cô ạ đây mấy cái bánh khoai là con tự hấp.,train
happiness_copy_of_happiness_hvtt_1_20_00_02_14_559_00_02_20_467_seg4,happiness_copy_of_happiness_hvtt_1_20_00_02_14_559_00_02_20_467_seg4,happiness_copy_of_happiness_hvtt_1_20_00_02_14_559_00_02_20_467_seg4,happiness,happiness,happiness,2,data/wavs16k/happiness_copy_of_happiness_hvtt_1_20_00_02_14_559_00_02_20_467_seg4.wav,data/wavs16k/happiness_copy_of_happiness_hvtt_1_20_00_02_14_559_00_02_20_467_seg4.wav,happiness_copy_of_happiness_hvtt_1_20_00_02_14_559_00_02_20_467_seg4.wav,copy_of_happiness_hvtt_1_20_00_02_14_559_00_02_20_467,copy_of_happiness_hvtt_1_20_00_02_14_559_00_02_20_467,6.016,Đã bán được chưa đưa bao nhiêu tiền.,Đã bán được chưa đưa bao nhiêu tiền.,Đã bán được chưa đưa bao nhiêu tiền.,đã bán được chưa đưa bao nhiêu tiền.,train
happiness_copy_of_happiness_hvtt_1_21_00_02_23_698_00_02_27_958_seg06,happiness_copy_of_happiness_hvtt_1_21_00_02_23_698_00_02_27_958_seg06,happiness_copy_of_happiness_hvtt_1_21_00_02_23_698_00_02_27_958_seg06,happiness,happiness,happiness,2,data/wavs16k/happiness_copy_of_happiness_hvtt_1_21_00_02_23_698_00_02_27_958_seg06.wav,data/wavs16k/happiness_copy_of_happiness_hvtt_1_21_00_02_23_698_00_02_27_958_seg06.wav,happiness_copy_of_happiness_hvtt_1_21_00_02_23_698_00_02_27_958_seg06.wav,copy_of_happiness_hvtt_1_21_00_02_23_698_00_02_27_958,copy_of_happiness_hvtt_1_21_00_02_23_698_00_02_27_958,6.4214,ếch bạc mẫu nghi thiên hạ ấy ạ còn bước vào phòng của bà cứ như là bước vào hòa cung.,ếch bạc mẫu nghi thiên hạ ấy ạ còn bước vào phòng của bà cứ như là bước vào hòa cung.,ếch bạc mẫu nghi thiên hạ ấy ạ còn bước vào phòng của bà cứ như là bước vào hòa cung.,ếch bạc mẫu nghi thiên hạ ấy ạ còn bước vào phòng của bà cứ như là bước vào hòa cung.,train
happiness_copy_of_happiness_hvtt_1_21_00_06_46_823_00_06_53_182_seg09,happiness_copy_of_happiness_hvtt_1_21_00_06_46_823_00_06_53_182_seg09,happiness_copy_of_happiness_hvtt_1_21_00_06_46_823_00_06_53_182_seg09,happiness,happiness,happiness,2,data/wavs16k/happiness_copy_of_happiness_hvtt_1_21_00_06_46_823_00_06_53_182_seg09.wav,data/wavs16k/happiness_copy_of_happiness_hvtt_1_21_00_06_46_823_00_06_53_182_seg09.wav,happiness_copy_of_happiness_hvtt_1_21_00_06_46_823_00_06_53_182_seg09.wav,copy_of_happiness_hvtt_1_21_00_06_46_823_00_06_53_182,copy_of_happiness_hvtt_1_21_00_06_46_823_00_06_53_182,10.2187,không việc gì về bầy váy nhả cho nó mệt nhả má nhớ mẹ bảo mẹ thích đoán tây nghĩa là mẹ ủng hộ con đúng không đừng nhắc lại chuyện mà mình phải công ty làm nữa nhé.,không việc gì về bầy váy nhả cho nó mệt nhả má nhớ mẹ bảo mẹ thích đoán tây nghĩa là mẹ ủng hộ con đúng không đừng nhắc lại chuyện mà mình phải công ty làm nữa nhé.,không việc gì về bầy váy nhả cho nó mệt nhả má nhớ mẹ bảo mẹ thích đoán tây nghĩa là mẹ ủng hộ con đúng không đừng nhắc lại chuyện mà mình phải công ty làm nữa nhé.,không việc gì về bầy váy nhả cho nó mệt nhả má nhớ mẹ bảo mẹ thích đoán tây nghĩa là mẹ ủng hộ con đúng không đừng nhắc lại chuyện mà mình phải công ty làm nữa nhé.,train
happiness_copy_of_happiness_hvtt_1_23_00_00_32_003_00_00_36_559_seg2,happiness_copy_of_happiness_hvtt_1_23_00_00_32_003_00_00_36_559_seg2,happiness_copy_of_happiness_hvtt_1_23_00_00_32_003_00_00_36_559_seg2,happiness,happiness,happiness,2,data/wavs16k/happiness_copy_of_happiness_hvtt_1_23_00_00_32_003_00_00_36_559_seg2.wav,data/wavs16k/happiness_copy_of_happiness_hvtt_1_23_00_00_32_003_00_00_36_559_seg2.wav,happiness_copy_of_happiness_hvtt_1_23_00_00_32_003_00_00_36_559_seg2.wav,copy_of_happiness_hvtt_1_23_00_00_32_003_00_00_36_559,copy_of_happiness_hvtt_1_23_00_00_32_003_00_00_36_559,6.912,- Thưa người đẹp ca chi ạ gớm sắp đến lễ mừng thọ con thấy bà có vẻ vui vẻ phấn chấn hẳn đấy ạ.,- Thưa người đẹp ca chi ạ gớm sắp đến lễ mừng thọ con thấy bà có vẻ vui vẻ phấn chấn hẳn đấy ạ.,- Thưa người đẹp ca chi ạ gớm sắp đến lễ mừng thọ con thấy bà có vẻ vui vẻ phấn chấn hẳn đấy ạ.,- thưa người đẹp ca chi ạ gớm sắp đến lễ mừng thọ con thấy bà có vẻ vui vẻ phấn chấn hẳn đấy ạ.,train
happiness_copy_of_happiness_hvtt_1_24_00_00_29_157_00_00_36_897_seg1,happiness_copy_of_happiness_hvtt_1_24_00_00_29_157_00_00_36_897_seg1,happiness_copy_of_happiness_hvtt_1_24_00_00_29_157_00_00_36_897_seg1,happiness,happiness,happiness,2,data/wavs16k/happiness_copy_of_happiness_hvtt_1_24_00_00_29_157_00_00_36_897_seg1.wav,data/wavs16k/happiness_copy_of_happiness_hvtt_1_24_00_00_29_157_00_00_36_897_seg1.wav,happiness_copy_of_happiness_hvtt_1_24_00_00_29_157_00_00_36_897_seg1.wav,copy_of_happiness_hvtt_1_24_00_00_29_157_00_00_36_897,copy_of_happiness_hvtt_1_24_00_00_29_157_00_00_36_897,7.8294,có cái tình thương mẹ đẹp tay có đẹp quá cám ơn đẹp bố mẹ thì sao mẹ lại đẹp quá đẹp bố mẹ có.,có cái tình thương mẹ đẹp tay có đẹp quá cám ơn đẹp bố mẹ thì sao mẹ lại đẹp quá đẹp bố mẹ có.,có cái tình thương mẹ đẹp tay có đẹp quá cám ơn đẹp bố mẹ thì sao mẹ lại đẹp quá đẹp bố mẹ có.,có cái tình thương mẹ đẹp tay có đẹp quá cám ơn đẹp bố mẹ thì sao mẹ lại đẹp quá đẹp bố mẹ có.,train
happiness_copy_of_happiness_hvtt_1_24_00_00_38_409_00_00_45_745_seg2,happiness_copy_of_happiness_hvtt_1_24_00_00_38_409_00_00_45_745_seg2,happiness_copy_of_happiness_hvtt_1_24_00_00_38_409_00_00_45_745_seg2,happiness,happiness,happiness,2,data/wavs16k/happiness_copy_of_happiness_hvtt_1_24_00_00_38_409_00_00_45_745_seg2.wav,data/wavs16k/happiness_copy_of_happiness_hvtt_1_24_00_00_38_409_00_00_45_745_seg2.wav,happiness_copy_of_happiness_hvtt_1_24_00_00_38_409_00_00_45_745_seg2.wav,copy_of_happiness_hvtt_1_24_00_00_38_409_00_00_45_745,copy_of_happiness_hvtt_1_24_00_00_38_409_00_00_45_745,11.8827,một người thì sao mai lại đẹp quá cái bóng đẹp quá bó này ai cũng đẹp nhá đến nhà bạn nên lấy cái bó lê đẹp á khó khó khó khó khó khó khó khó khó khó khó khó khó khó khó khó khó khó khó khó khó khó khó khó khó khó khó khó khó khó khó khó khó khó khó khó khó khó khó khó khó khó khó khó khó khó khó khó khó khó khó khó khó khó khó khó khó khó khó khó khó khó khó khó khó khó khó khó khó khó khó khó khó khó khó khó khó khó khó khó khó khó khó khó khó khó khó khó khó khó khó khó khó khó khó khó khó khó khó khó khó khó khó khó khó khó khó khó khó khó khó khó khó khó khó khó khó khó khó khó khó khó khó khó khó khó khó khó khó khó khó khó khó khó khó khó khó khó khó khó khó khó khó khó khó khó khó khó khó khó khó khó khó khó khó khó khó khó khó khó khó khó khó khó khó khó khó khó khó khó khó khó khó khó khó khó khó khó khó khó khó khó khó khó khó khó khó khó khó khó khó khó khó khó khó khó khó khó khó khó khó khó khó khó khó khó khó khó khó khó khó khó khó khó khó khó khó khó khó khó khó khó,một người thì sao mai lại đẹp quá cái bóng đẹp quá bó này ai cũng đẹp nhá đến nhà bạn nên lấy cái bó lê đẹp á khó khó khó khó khó khó khó khó khó khó khó khó khó khó khó khó khó khó khó khó khó khó khó khó khó khó khó khó khó khó khó khó khó khó khó khó khó khó khó khó khó khó khó khó khó khó khó khó khó khó khó khó khó khó khó khó khó khó khó khó khó khó khó khó khó khó khó khó khó khó khó khó khó khó khó khó khó khó khó khó khó khó khó khó khó khó khó khó khó khó khó khó khó khó khó khó khó khó khó khó khó khó khó khó khó khó khó khó khó khó khó khó khó khó khó khó khó khó khó khó khó khó khó khó khó khó khó khó khó khó khó khó khó khó khó khó khó khó khó khó khó khó khó khó khó khó khó khó khó khó khó khó khó khó khó khó khó khó khó khó khó khó khó khó khó khó khó khó khó khó khó khó khó khó khó khó khó khó khó khó khó khó khó khó khó khó khó khó khó khó khó khó khó khó khó khó khó khó khó khó khó khó khó khó khó khó khó khó khó khó khó khó khó khó khó khó khó khó khó khó khó khó,một người thì sao mai lại đẹp quá cái bóng đẹp quá bó này ai cũng đẹp nhá đến nhà bạn nên lấy cái bó lê đẹp á khó khó khó khó khó khó khó khó khó khó khó khó khó khó khó khó khó khó khó khó khó khó khó khó khó khó khó khó khó khó khó khó khó khó khó khó khó khó khó khó khó khó khó khó khó khó khó khó khó khó khó khó khó khó khó khó khó khó khó khó khó khó khó khó khó khó khó khó khó khó khó khó khó khó khó khó khó khó khó khó khó khó khó khó khó khó khó khó khó khó khó khó khó khó khó khó khó khó khó khó khó khó khó khó khó khó khó khó khó khó khó khó khó khó khó khó khó khó khó khó khó khó khó khó khó khó khó khó khó khó khó khó khó khó khó khó khó khó khó khó khó khó khó khó khó khó khó khó khó khó khó khó khó khó khó khó khó khó khó khó khó khó khó khó khó khó khó khó khó khó khó khó khó khó khó khó khó khó khó khó khó khó khó khó khó khó khó khó khó khó khó khó khó khó khó khó khó khó khó khó khó khó khó khó khó khó khó khó khó khó khó khó khó khó khó khó khó khó khó khó khó khó,một người thì sao mai lại đẹp quá cái bóng đẹp quá bó này ai cũng đẹp nhá đến nhà bạn nên lấy cái bó lê đẹp á khó khó khó khó khó khó khó khó khó khó khó khó khó khó khó khó khó khó khó khó khó khó khó khó khó khó khó khó khó khó khó khó khó khó khó khó khó khó khó khó khó khó khó khó khó khó khó khó khó khó khó khó khó khó khó khó khó khó khó khó khó khó khó khó khó khó khó khó khó khó khó khó khó khó khó khó khó khó khó khó khó khó khó khó khó khó khó khó khó khó khó khó khó khó khó khó khó khó khó khó khó khó khó khó khó khó khó khó khó khó khó khó khó khó khó khó khó khó khó khó khó khó khó khó khó khó khó khó khó khó khó khó khó khó khó khó khó khó khó khó khó khó khó khó khó khó khó khó khó khó khó khó khó khó khó khó khó khó khó khó khó khó khó khó khó khó khó khó khó khó khó khó khó khó khó khó khó khó khó khó khó khó khó khó khó khó khó khó khó khó khó khó khó khó khó khó khó khó khó khó khó khó khó khó khó khó khó khó khó khó khó khó khó khó khó khó khó khó khó khó khó khó,train
happiness_copy_of_happiness_hvtt_1_24_00_02_31_805_00_02_39_509_seg3,happiness_copy_of_happiness_hvtt_1_24_00_02_31_805_00_02_39_509_seg3,happiness_copy_of_happiness_hvtt_1_24_00_02_31_805_00_02_39_509_seg3,happiness,happiness,happiness,2,data/wavs16k/happiness_copy_of_happiness_hvtt_1_24_00_02_31_805_00_02_39_509_seg3.wav,data/wavs16k/happiness_copy_of_happiness_hvtt_1_24_00_02_31_805_00_02_39_509_seg3.wav,happiness_copy_of_happiness_hvtt_1_24_00_02_31_805_00_02_39_509_seg3.wav,copy_of_happiness_hvtt_1_24_00_02_31_805_00_02_39_509,copy_of_happiness_hvtt_1_24_00_02_31_805_00_02_39_509,7.808,- Con là con nhận tắt con làm gì có nhiều thứ giá đầu kín lịch tiêu bạo ông cho con xem mười sáu chỗ nữa đấyông cho con xem mười sáu chỗ nữa đấy@@,- Con là con nhận tắt con làm gì có nhiều thứ giá đầu kín lịch tiêu bạo ông cho con xem mười sáu chỗ nữa đấyông cho con xem mười sáu chỗ nữa đấy@@,- Con là con nhận tắt con làm gì có nhiều thứ giá đầu kín lịch tiêu bạo ông cho con xem mười sáu chỗ nữa đấyông cho con xem mười sáu chỗ nữa đấy@@,- con là con nhận tắt con làm gì có nhiều thứ giá đầu kín lịch tiêu bạo ông cho con xem mười sáu chỗ nữa đấyông cho con xem mười sáu chỗ nữa đấy@@,train
happiness_copy_of_happiness_hvtt_1_24_00_02_41_947_00_02_47_147_seg4,happiness_copy_of_happiness_hvtt_1_24_00_02_41_947_00_02_47_147_seg4,happiness_copy_of_happiness_hvtt_1_24_00_02_41_947_00_02_47_147_seg4,happiness,happiness,happiness,2,data/wavs16k/happiness_copy_of_happiness_hvtt_1_24_00_02_41_947_00_02_47_147_seg4.wav,data/wavs16k/happiness_copy_of_happiness_hvtt_1_24_00_02_41_947_00_02_47_147_seg4.wav,happiness_copy_of_happiness_hvtt_1_24_00_02_41_947_00_02_47_147_seg4.wav,copy_of_happiness_hvtt_1_24_00_02_41_947_00_02_47_147,copy_of_happiness_hvtt_1_24_00_02_41_947_00_02_47_147,5.2907,Để con mở thêm cái dịch vụ không mong muốn cho những người đã khuất.,Để con mở thêm cái dịch vụ không mong muốn cho những người đã khuất.,Để con mở thêm cái dịch vụ không mong muốn cho những người đã khuất.,để con mở thêm cái dịch vụ không mong muốn cho những người đã khuất.,train
happiness_copy_of_happiness_hvtt_1_27_00_00_06_075_00_00_09_181_seg1,happiness_copy_of_happiness_hvtt_1_27_00_00_06_075_00_00_09_181_seg1,happiness_copy_of_happiness_hvtt_1_27_00_00_06_075_00_00_09_181_seg1,happiness,happiness,happiness,2,data/wavs16k/happiness_copy_of_happiness_hvtt_1_27_00_00_06_075_00_00_09_181_seg1.wav,data/wavs16k/happiness_copy_of_happiness_hvtt_1_27_00_00_06_075_00_00_09_181_seg1.wav,happiness_copy_of_happiness_hvtt_1_27_00_00_06_075_00_00_09_181_seg1.wav,copy_of_happiness_hvtt_1_27_00_00_06_075_00_00_09_181,copy_of_happiness_hvtt_1_27_00_00_06_075_00_00_09_181,4.2027,tớ có thiết mục quá lâu.,tớ có thiết mục quá lâu.,tớ có thiết mục quá lâu.,tớ có thiết mục quá lâu.,train
happiness_copy_of_happiness_hvtt_1_27_00_00_57_016_00_01_01_043_seg3,happiness_copy_of_happiness_hvtt_1_27_00_00_57_016_00_01_01_043_seg3,happiness_copy_of_happiness_hvtt_1_27_00_00_57_016_00_01_01_043_seg3,happiness,happiness,happiness,2,data/wavs16k/happiness_copy_of_happiness_hvtt_1_27_00_00_57_016_00_01_01_043_seg3.wav,data/wavs16k/happiness_copy_of_happiness_hvtt_1_27_00_00_57_016_00_01_01_043_seg3.wav,happiness_copy_of_happiness_hvtt_1_27_00_00_57_016_00_01_01_043_seg3.wav,copy_of_happiness_hvtt_1_27_00_00_57_016_00_01_01_043,copy_of_happiness_hvtt_1_27_00_00_57_016_00_01_01_043,5.888,chúng tôi coi là được ok coi như anh trai gái và đấy tôi đi bà nhé.,chúng tôi coi là được ok coi như anh trai gái và đấy tôi đi bà nhé.,chúng tôi coi là được ok coi như anh trai gái và đấy tôi đi bà nhé.,chúng tôi coi là được ok coi như anh trai gái và đấy tôi đi bà nhé.,train
happiness_copy_of_happiness_hvtt_1_27_00_03_18_158_00_03_27_767_seg5,happiness_copy_of_happiness_hvtt_1_27_00_03_18_158_00_03_27_767_seg5,happiness_copy_of_happiness_hvtt_1_27_00_03_18_158_00_03_27_767_seg5,happiness,happiness,happiness,2,data/wavs16k/happiness_copy_of_happiness_hvtt_1_27_00_03_18_158_00_03_27_767_seg5.wav,data/wavs16k/happiness_copy_of_happiness_hvtt_1_27_00_03_18_158_00_03_27_767_seg5.wav,happiness_copy_of_happiness_hvtt_1_27_00_03_18_158_00_03_27_767_seg5.wav,copy_of_happiness_hvtt_1_27_00_03_18_158_00_03_27_767,copy_of_happiness_hvtt_1_27_00_03_18_158_00_03_27_767,11.648,thì đây đấy bạn không phải lo bạn cứ vô tư mà xuống thuyền bởi vì nó dại mồm nhé chả may bạn có trượt chẳng ngã đập mặt xuống nước nó cũng tự nối.,thì đây đấy bạn không phải lo bạn cứ vô tư mà xuống thuyền bởi vì nó dại mồm nhé chả may bạn có trượt chẳng ngã đập mặt xuống nước nó cũng tự nối.,thì đây đấy bạn không phải lo bạn cứ vô tư mà xuống thuyền bởi vì nó dại mồm nhé chả may bạn có trượt chẳng ngã đập mặt xuống nước nó cũng tự nối.,thì đây đấy bạn không phải lo bạn cứ vô tư mà xuống thuyền bởi vì nó dại mồm nhé chả may bạn có trượt chẳng ngã đập mặt xuống nước nó cũng tự nối.,train
happiness_copy_of_happiness_hvtt_1_27_00_04_37_706_00_04_43_364_seg6,happiness_copy_of_happiness_hvtt_1_27_00_04_37_706_00_04_43_364_seg6,happiness_copy_of_happiness_hvtt_1_27_00_04_37_706_00_04_43_364_seg6,happiness,happiness,happiness,2,data/wavs16k/happiness_copy_of_happiness_hvtt_1_27_00_04_37_706_00_04_43_364_seg6.wav,data/wavs16k/happiness_copy_of_happiness_hvtt_1_27_00_04_37_706_00_04_43_364_seg6.wav,happiness_copy_of_happiness_hvtt_1_27_00_04_37_706_00_04_43_364_seg6.wav,copy_of_happiness_hvtt_1_27_00_04_37_706_00_04_43_364,copy_of_happiness_hvtt_1_27_00_04_37_706_00_04_43_364,8.2774,- Sinh này hứa như mà hiền như là xa ơi sao anh thấy cười thiên nhắc này cho hả hông cho cho cho tôi xem nào.,- Sinh này hứa như mà hiền như là xa ơi sao anh thấy cười thiên nhắc này cho hả hông cho cho cho tôi xem nào.,- Sinh này hứa như mà hiền như là xa ơi sao anh thấy cười thiên nhắc này cho hả hông cho cho cho tôi xem nào.,- sinh này hứa như mà hiền như là xa ơi sao anh thấy cười thiên nhắc này cho hả hông cho cho cho tôi xem nào.,train
happiness_copy_of_happiness_hvtt_2_1_00_00_10_444_00_00_15_557_seg1,happiness_copy_of_happiness_hvtt_2_1_00_00_10_444_00_00_15_557_seg1,happiness_copy_of_happiness_hvtt_2_1_00_00_10_444_00_00_15_557_seg1,happiness,happiness,happiness,2,data/wavs16k/happiness_copy_of_happiness_hvtt_2_1_00_00_10_444_00_00_15_557_seg1.wav,data/wavs16k/happiness_copy_of_happiness_hvtt_2_1_00_00_10_444_00_00_15_557_seg1.wav,happiness_copy_of_happiness_hvtt_2_1_00_00_10_444_00_00_15_557_seg1.wav,copy_of_happiness_hvtt_2_1_00_00_10_444_00_00_15_557,copy_of_happiness_hvtt_2_1_00_00_10_444_00_00_15_557,5.7387,- - - - - - - - - - - - - - - - - - - - - - - - - - - - - - - - - - - -,- - - - - - - - - - - - - - - - - - - - - - - - - - - - - - - - - - - -,- - - - - - - - - - - - - - - - - - - - - - - - - - - - - - - - - - - -,- - - - - - - - - - - - - - - - - - - - - - - - - - - - - - - - - - - -,train
happiness_copy_of_happiness_hvtt_2_1_00_00_25_391_00_00_35_613_seg2,happiness_copy_of_happiness_hvtt_2_1_00_00_25_391_00_00_35_613_seg2,happiness_copy_of_happiness_hvtt_2_1_00_00_25_391_00_00_35_613_seg2,happiness,happiness,happiness,2,data/wavs16k/happiness_copy_of_happiness_hvtt_2_1_00_00_25_391_00_00_35_613_seg2.wav,data/wavs16k/happiness_copy_of_happiness_hvtt_2_1_00_00_25_391_00_00_35_613_seg2.wav,happiness_copy_of_happiness_hvtt_2_1_00_00_25_391_00_00_35_613_seg2.wav,copy_of_happiness_hvtt_2_1_00_00_25_391_00_00_35_613,copy_of_happiness_hvtt_2_1_00_00_25_391_00_00_35_613,10.816,cây phòng này bà để dành tặng cho cháu dâu trưởng của bà đấy bà chuẩn bị từ rất lâu rồi để bà đeo thử cho cháu nhé.,cây phòng này bà để dành tặng cho cháu dâu trưởng của bà đấy bà chuẩn bị từ rất lâu rồi để bà đeo thử cho cháu nhé.,cây phòng này bà để dành tặng cho cháu dâu trưởng của bà đấy bà chuẩn bị từ rất lâu rồi để bà đeo thử cho cháu nhé.,cây phòng này bà để dành tặng cho cháu dâu trưởng của bà đấy bà chuẩn bị từ rất lâu rồi để bà đeo thử cho cháu nhé.,train
happiness_copy_of_happiness_hvtt_2_1_00_01_16_101_00_01_23_596_seg3,happiness_copy_of_happiness_hvtt_2_1_00_01_16_101_00_01_23_596_seg3,happiness_copy_of_happiness_hvtt_2_1_00_01_16_101_00_01_23_596_seg3,happiness,happiness,happiness,2,data/wavs16k/happiness_copy_of_happiness_hvtt_2_1_00_01_16_101_00_01_23_596_seg3.wav,data/wavs16k/happiness_copy_of_happiness_hvtt_2_1_00_01_16_101_00_01_23_596_seg3.wav,happiness_copy_of_happiness_hvtt_2_1_00_01_16_101_00_01_23_596_seg3.wav,copy_of_happiness_hvtt_2_1_00_01_16_101_00_01_23_596,copy_of_happiness_hvtt_2_1_00_01_16_101_00_01_23_596,8.192,Anh về lấy đồ sỏi đi luôn có vẻ bà còn sốt ruột hơn cả cháu rồi đấy nhá.,Anh về lấy đồ sỏi đi luôn có vẻ bà còn sốt ruột hơn cả cháu rồi đấy nhá.,Anh về lấy đồ sỏi đi luôn có vẻ bà còn sốt ruột hơn cả cháu rồi đấy nhá.,anh về lấy đồ sỏi đi luôn có vẻ bà còn sốt ruột hơn cả cháu rồi đấy nhá.,train
happiness_copy_of_happiness_hvtt_2_1_00_01_23_824_00_01_28_713_seg4,happiness_copy_of_happiness_hvtt_2_1_00_01_23_824_00_01_28_713_seg4,happiness_copy_of_happiness_hvtt_2_1_00_01_23_824_00_01_28_713_seg4,happiness,happiness,happiness,2,data/wavs16k/happiness_copy_of_happiness_hvtt_2_1_00_01_23_824_00_01_28_713_seg4.wav,data/wavs16k/happiness_copy_of_happiness_hvtt_2_1_00_01_23_824_00_01_28_713_seg4.wav,happiness_copy_of_happiness_hvtt_2_1_00_01_23_824_00_01_28_713_seg4.wav,copy_of_happiness_hvtt_2_1_00_01_23_824_00_01_28_713,copy_of_happiness_hvtt_2_1_00_01_23_824_00_01_28_713,8.2774,có vẻ bà còn sốt ruột hơn cả cháu rồi đấy nhá bà đang thử đồ cưới cho cháu dâu trưởng của bà.,có vẻ bà còn sốt ruột hơn cả cháu rồi đấy nhá bà đang thử đồ cưới cho cháu dâu trưởng của bà.,có vẻ bà còn sốt ruột hơn cả cháu rồi đấy nhá bà đang thử đồ cưới cho cháu dâu trưởng của bà.,có vẻ bà còn sốt ruột hơn cả cháu rồi đấy nhá bà đang thử đồ cưới cho cháu dâu trưởng của bà.,train
happiness_copy_of_happiness_hvtt_2_1_00_03_01_637_00_03_06_367_seg5,happiness_copy_of_happiness_hvtt_2_1_00_03_01_637_00_03_06_367_seg5,happiness_copy_of_happiness_hvtt_2_1_00_03_01_637_00_03_06_367_seg5,happiness,happiness,happiness,2,data/wavs16k/happiness_copy_of_happiness_hvtt_2_1_00_03_01_637_00_03_06_367_seg5.wav,data/wavs16k/happiness_copy_of_happiness_hvtt_2_1_00_03_01_637_00_03_06_367_seg5.wav,happiness_copy_of_happiness_hvtt_2_1_00_03_01_637_00_03_06_367_seg5.wav,copy_of_happiness_hvtt_2_1_00_03_01_637_00_03_06_367,copy_of_happiness_hvtt_2_1_00_03_01_637_00_03_06_367,5.2267,đồng thời vui vẻ.,đồng thời vui vẻ.,đồng thời vui vẻ.,đồng thời vui vẻ.,train
happiness_copy_of_happiness_hvtt_2_2_00_00_34_549_00_00_40_475_seg1,happiness_copy_of_happiness_hvtt_2_2_00_00_34_549_00_00_40_475_seg1,happiness_copy_of_happiness_hvtt_2_2_00_00_34_549_00_00_40_475_seg1,happiness,happiness,happiness,2,data/wavs16k/happiness_copy_of_happiness_hvtt_2_2_00_00_34_549_00_00_40_475_seg1.wav,data/wavs16k/happiness_copy_of_happiness_hvtt_2_2_00_00_34_549_00_00_40_475_seg1.wav,happiness_copy_of_happiness_hvtt_2_2_00_00_34_549_00_00_40_475_seg1.wav,copy_of_happiness_hvtt_2_2_00_00_34_549_00_00_40_475,copy_of_happiness_hvtt_2_2_00_00_34_549_00_00_40_475,10.624,ố đéc thế à ngà non hơi bị ngon ấy bởi ờ cứ tưởng cháu nói đùa cho bà vui lòng thế mà cháu cũng biết nấu canh láo nháo.,ố đéc thế à ngà non hơi bị ngon ấy bởi ờ cứ tưởng cháu nói đùa cho bà vui lòng thế mà cháu cũng biết nấu canh láo nháo.,ố đéc thế à ngà non hơi bị ngon ấy bởi ờ cứ tưởng cháu nói đùa cho bà vui lòng thế mà cháu cũng biết nấu canh láo nháo.,ố đéc thế à ngà non hơi bị ngon ấy bởi ờ cứ tưởng cháu nói đùa cho bà vui lòng thế mà cháu cũng biết nấu canh láo nháo.,train
happiness_copy_of_happiness_hvtt_2_2_00_00_59_504_00_01_01_375_seg2,happiness_copy_of_happiness_hvtt_2_2_00_00_59_504_00_01_01_375_seg2,happiness_copy_of_happiness_hvtt_2_2_00_00_59_504_00_01_01_375_seg2,happiness,happiness,happiness,2,data/wavs16k/happiness_copy_of_happiness_hvtt_2_2_00_00_59_504_00_01_01_375_seg2.wav,data/wavs16k/happiness_copy_of_happiness_hvtt_2_2_00_00_59_504_00_01_01_375_seg2.wav,happiness_copy_of_happiness_hvtt_2_2_00_00_59_504_00_01_01_375_seg2.wav,copy_of_happiness_hvtt_2_2_00_00_59_504_00_01_01_375,copy_of_happiness_hvtt_2_2_00_00_59_504_00_01_01_375,6.592,Bà hơn cả con trai cả cháu trai cả con dâu của bà rồi bà cháu con ra gì ở rồi.,Bà hơn cả con trai cả cháu trai cả con dâu của bà rồi bà cháu con ra gì ở rồi.,Bà hơn cả con trai cả cháu trai cả con dâu của bà rồi bà cháu con ra gì ở rồi.,bà hơn cả con trai cả cháu trai cả con dâu của bà rồi bà cháu con ra gì ở rồi.,train
happiness_copy_of_happiness_hvtt_2_2_00_01_15_908_00_01_21_310_seg3,happiness_copy_of_happiness_hvtt_2_2_00_01_15_908_00_01_21_310_seg3,happiness_copy_of_happiness_hvtt_2_2_00_01_15_908_00_01_21_310_seg3,happiness,happiness,happiness,2,data/wavs16k/happiness_copy_of_happiness_hvtt_2_2_00_01_15_908_00_01_21_310_seg3.wav,data/wavs16k/happiness_copy_of_happiness_hvtt_2_2_00_01_15_908_00_01_21_310_seg3.wav,happiness_copy_of_happiness_hvtt_2_2_00_01_15_908_00_01_21_310_seg3.wav,copy_of_happiness_hvtt_2_2_00_01_15_908_00_01_21_310,copy_of_happiness_hvtt_2_2_00_01_15_908_00_01_21_310,6.4854,có ngon không ạ ừ ngọt lắm khi nào nấu canh báo giờ cũng ngon nhất đấy.,có ngon không ạ ừ ngọt lắm khi nào nấu canh báo giờ cũng ngon nhất đấy.,có ngon không ạ ừ ngọt lắm khi nào nấu canh báo giờ cũng ngon nhất đấy.,có ngon không ạ ừ ngọt lắm khi nào nấu canh báo giờ cũng ngon nhất đấy.,train
happiness_copy_of_happiness_hvtt_2_2_00_02_10_437_00_02_16_570_seg4,happiness_copy_of_happiness_hvtt_2_2_00_02_10_437_00_02_16_570_seg4,happiness_copy_of_happiness_hvtt_2_2_00_02_10_437_00_02_16_570_seg4,happiness,happiness,happiness,2,data/wavs16k/happiness_copy_of_happiness_hvtt_2_2_00_02_10_437_00_02_16_570_seg4.wav,data/wavs16k/happiness_copy_of_happiness_hvtt_2_2_00_02_10_437_00_02_16_570_seg4.wav,happiness_copy_of_happiness_hvtt_2_2_00_02_10_437_00_02_16_570_seg4.wav,copy_of_happiness_hvtt_2_2_00_02_10_437_00_02_16_570,copy_of_happiness_hvtt_2_2_00_02_10_437_00_02_16_570,8.9387,bà có quỷ đen để bà lấy cho nhớ bé ơi bây giờ mẹ ăn đi đã lát bà sẽ lấy cho cháu sau nhá.,bà có quỷ đen để bà lấy cho nhớ bé ơi bây giờ mẹ ăn đi đã lát bà sẽ lấy cho cháu sau nhá.,bà có quỷ đen để bà lấy cho nhớ bé ơi bây giờ mẹ ăn đi đã lát bà sẽ lấy cho cháu sau nhá.,bà có quỷ đen để bà lấy cho nhớ bé ơi bây giờ mẹ ăn đi đã lát bà sẽ lấy cho cháu sau nhá.,train
happiness_copy_of_happiness_hvtt_2_2_00_02_28_059_00_02_33_081_seg5,happiness_copy_of_happiness_hvtt_2_2_00_02_28_059_00_02_33_081_seg5,happiness_copy_of_happiness_hvtt_2_2_00_02_28_059_00_02_33_081_seg5,happiness,happiness,happiness,2,data/wavs16k/happiness_copy_of_happiness_hvtt_2_2_00_02_28_059_00_02_33_081_seg5.wav,data/wavs16k/happiness_copy_of_happiness_hvtt_2_2_00_02_28_059_00_02_33_081_seg5.wav,happiness_copy_of_happiness_hvtt_2_2_00_02_28_059_00_02_33_081_seg5.wav,copy_of_happiness_hvtt_2_2_00_02_28_059_00_02_33_081,copy_of_happiness_hvtt_2_2_00_02_28_059_00_02_33_081,5.952,- Em đi luôn đi thôi bây giờ ba hết ba bất cứ em đi rồi cháu đưa bạn ý.,- Em đi luôn đi thôi bây giờ ba hết ba bất cứ em đi rồi cháu đưa bạn ý.,- Em đi luôn đi thôi bây giờ ba hết ba bất cứ em đi rồi cháu đưa bạn ý.,- em đi luôn đi thôi bây giờ ba hết ba bất cứ em đi rồi cháu đưa bạn ý.,train
happiness_copy_of_happiness_hvtt_2_2_00_03_35_879_00_03_41_955_seg6,happiness_copy_of_happiness_hvtt_2_2_00_03_35_879_00_03_41_955_seg6,happiness_copy_of_happiness_hvtt_2_2_00_03_35_879_00_03_41_955_seg6,happiness,happiness,happiness,2,data/wavs16k/happiness_copy_of_happiness_hvtt_2_2_00_03_35_879_00_03_41_955_seg6.wav,data/wavs16k/happiness_copy_of_happiness_hvtt_2_2_00_03_35_879_00_03_41_955_seg6.wav,happiness_copy_of_happiness_hvtt_2_2_00_03_35_879_00_03_41_955_seg6.wav,copy_of_happiness_hvtt_2_2_00_03_35_879_00_03_41_955,copy_of_happiness_hvtt_2_2_00_03_35_879_00_03_41_955,7.3814,"Cháu ơi, cháu hỏi một câu gì cháu mà lấy được tỉ phú cháu không quên gì đâu.","Cháu ơi, cháu hỏi một câu gì cháu mà lấy được tỉ phú cháu không quên gì đâu.","Cháu ơi, cháu hỏi một câu gì cháu mà lấy được tỉ phú cháu không quên gì đâu.","cháu ơi, cháu hỏi một câu gì cháu mà lấy được tỉ phú cháu không quên gì đâu.",train
happiness_copy_of_phim_chieu_rap_toi_thay_hoa_vang_tren_co_xanh_2015_full_hd_00_43_22_886_00_43_36_503_seg08,happiness_copy_of_phim_chieu_rap_toi_thay_hoa_vang_tren_co_xanh_2015_full_hd_00_43_22_886_00_43_36_503_seg08,happiness_copy_of_phim_chieu_rap_toi_thay_hoa_vang_tren_co_xanh_2015_full_hd_00_43_22_886_00_43_36_503_seg08,happiness,happiness,happiness,2,data/wavs16k/happiness_copy_of_phim_chieu_rap_toi_thay_hoa_vang_tren_co_xanh_2015_full_hd_00_43_22_886_00_43_36_503_seg08.wav,data/wavs16k/happiness_copy_of_phim_chieu_rap_toi_thay_hoa_vang_tren_co_xanh_2015_full_hd_00_43_22_886_00_43_36_503_seg08.wav,happiness_copy_of_phim_chieu_rap_toi_thay_hoa_vang_tren_co_xanh_2015_full_hd_00_43_22_886_00_43_36_503_seg08.wav,copy_of_phim_chieu_rap_toi_thay_hoa_vang_tren_co_xanh_2015_full_hd_00_43_22_886_00_43_36_503,copy_of_phim_chieu_rap_toi_thay_hoa_vang_tren_co_xanh_2015_full_hd_00_43_22_886_00_43_36_503,15.8825,còn sắp nhờ đây đón cô lên thành phố rồi đó chứ khá bác dạ đan con đâu thì dĩ nhiên tìm được ba con thì má không có chịu về chứ ngày đầu qua là bã tìm thấy ổng của trên bệnh viện thành phố bác sĩ khám xong mới mới phát hiện ra là ổng chỉ bị bệnh đến chứ không phải phong cử gì đâu.,còn sắp nhờ đây đón cô lên thành phố rồi đó chứ khá bác dạ đan con đâu thì dĩ nhiên tìm được ba con thì má không có chịu về chứ ngày đầu qua là bã tìm thấy ổng của trên bệnh viện thành phố bác sĩ khám xong mới mới phát hiện ra là ổng chỉ bị bệnh đến chứ không phải phong cử gì đâu.,còn sắp nhờ đây đón cô lên thành phố rồi đó chứ khá bác dạ đan con đâu thì dĩ nhiên tìm được ba con thì má không có chịu về chứ ngày đầu qua là bã tìm thấy ổng của trên bệnh viện thành phố bác sĩ khám xong mới mới phát hiện ra là ổng chỉ bị bệnh đến chứ không phải phong cử gì đâu.,còn sắp nhờ đây đón cô lên thành phố rồi đó chứ khá bác dạ đan con đâu thì dĩ nhiên tìm được ba con thì má không có chịu về chứ ngày đầu qua là bã tìm thấy ổng của trên bệnh viện thành phố bác sĩ khám xong mới mới phát hiện ra là ổng chỉ bị bệnh đến chứ không phải phong cử gì đâu.,train
happiness_copy_of_phim_chieu_rap_toi_thay_hoa_vang_tren_co_xanh_2015_full_hd_00_43_37_783_00_43_47_949_seg09,happiness_copy_of_phim_chieu_rap_toi_thay_hoa_vang_tren_co_xanh_2015_full_hd_00_43_37_783_00_43_47_949_seg09,happiness_copy_of_phim_chieu_rap_toi_thay_hoa_vang_tren_co_xanh_2015_full_hd_00_43_37_783_00_43_47_949_seg09,happiness,happiness,happiness,2,data/wavs16k/happiness_copy_of_phim_chieu_rap_toi_thay_hoa_vang_tren_co_xanh_2015_full_hd_00_43_37_783_00_43_47_949_seg09.wav,data/wavs16k/happiness_copy_of_phim_chieu_rap_toi_thay_hoa_vang_tren_co_xanh_2015_full_hd_00_43_37_783_00_43_47_949_seg09.wav,happiness_copy_of_phim_chieu_rap_toi_thay_hoa_vang_tren_co_xanh_2015_full_hd_00_43_37_783_00_43_47_949_seg09.wav,copy_of_phim_chieu_rap_toi_thay_hoa_vang_tren_co_xanh_2015_full_hd_00_43_37_783_00_43_47_949,copy_of_phim_chieu_rap_toi_thay_hoa_vang_tren_co_xanh_2015_full_hd_00_43_37_783_00_43_47_949,11.9815,quỳ gì đâu má còn còn nói á để má còn sắp xếp được chỗ ở ổn định ở trên đó thì sẽ về đó con luôn nhưng ai yên trôi ai chiếm mánh mẫn mẫn quá thiệt hơn thằng sắt đồ đe dưới ba má ai đó.,quỳ gì đâu má còn còn nói á để má còn sắp xếp được chỗ ở ổn định ở trên đó thì sẽ về đó con luôn nhưng ai yên trôi ai chiếm mánh mẫn mẫn quá thiệt hơn thằng sắt đồ đe dưới ba má ai đó.,quỳ gì đâu má còn còn nói á để má còn sắp xếp được chỗ ở ổn định ở trên đó thì sẽ về đó con luôn nhưng ai yên trôi ai chiếm mánh mẫn mẫn quá thiệt hơn thằng sắt đồ đe dưới ba má ai đó.,quỳ gì đâu má còn còn nói á để má còn sắp xếp được chỗ ở ổn định ở trên đó thì sẽ về đó con luôn nhưng ai yên trôi ai chiếm mánh mẫn mẫn quá thiệt hơn thằng sắt đồ đe dưới ba má ai đó.,train
happiness_copy_of_phim_chieu_rap_toi_thay_hoa_vang_tren_co_xanh_2015_full_hd_00_48_11_426_00_48_18_706_seg13,happiness_copy_of_phim_chieu_rap_toi_thay_hoa_vang_tren_co_xanh_2015_full_hd_00_48_11_426_00_48_18_706_seg13,happiness_copy_of_phim_chieu_rap_toi_thay_hoa_vang_tren_co_xanh_2015_full_hd_00_48_11_426_00_48_18_706_seg13,happiness,happiness,happiness,2,data/wavs16k/happiness_copy_of_phim_chieu_rap_toi_thay_hoa_vang_tren_co_xanh_2015_full_hd_00_48_11_426_00_48_18_706_seg13.wav,data/wavs16k/happiness_copy_of_phim_chieu_rap_toi_thay_hoa_vang_tren_co_xanh_2015_full_hd_00_48_11_426_00_48_18_706_seg13.wav,happiness_copy_of_phim_chieu_rap_toi_thay_hoa_vang_tren_co_xanh_2015_full_hd_00_48_11_426_00_48_18_706_seg13.wav,copy_of_phim_chieu_rap_toi_thay_hoa_vang_tren_co_xanh_2015_full_hd_00_48_11_426_00_48_18_706,copy_of_phim_chieu_rap_toi_thay_hoa_vang_tren_co_xanh_2015_full_hd_00_48_11_426_00_48_18_706,12.6084,mình hiện tượng bắt được nhiều chuồng cho cô cậu lắm á ăn đa nhạc chưa hết anh hai không có cánh cam nhem lượm cho anh gót lớn hả áp cho tay nghe nó kêu u u.,mình hiện tượng bắt được nhiều chuồng cho cô cậu lắm á ăn đa nhạc chưa hết anh hai không có cánh cam nhem lượm cho anh gót lớn hả áp cho tay nghe nó kêu u u.,mình hiện tượng bắt được nhiều chuồng cho cô cậu lắm á ăn đa nhạc chưa hết anh hai không có cánh cam nhem lượm cho anh gót lớn hả áp cho tay nghe nó kêu u u.,mình hiện tượng bắt được nhiều chuồng cho cô cậu lắm á ăn đa nhạc chưa hết anh hai không có cánh cam nhem lượm cho anh gót lớn hả áp cho tay nghe nó kêu u u.,train
happiness_copy_of_phim_chieu_rap_toi_thay_hoa_vang_tren_co_xanh_2015_full_hd_00_56_15_829_00_56_24_206_seg15,happiness_copy_of_phim_chieu_rap_toi_thay_hoa_vang_tren_co_xanh_2015_full_hd_00_56_15_829_00_56_24_206_seg15,happiness_copy_of_phim_chieu_rap_toi_thay_hoa_vang_tren_co_xanh_2015_full_hd_00_56_15_829_00_56_24_206_seg15,happiness,happiness,happiness,2,data/wavs16k/happiness_copy_of_phim_chieu_rap_toi_thay_hoa_vang_tren_co_xanh_2015_full_hd_00_56_15_829_00_56_24_206_seg15.wav,data/wavs16k/happiness_copy_of_phim_chieu_rap_toi_thay_hoa_vang_tren_co_xanh_2015_full_hd_00_56_15_829_00_56_24_206_seg15.wav,happiness_copy_of_phim_chieu_rap_toi_thay_hoa_vang_tren_co_xanh_2015_full_hd_00_56_15_829_00_56_24_206_seg15.wav,copy_of_phim_chieu_rap_toi_thay_hoa_vang_tren_co_xanh_2015_full_hd_00_56_15_829_00_56_24_206,copy_of_phim_chieu_rap_toi_thay_hoa_vang_tren_co_xanh_2015_full_hd_00_56_15_829_00_56_24_206,12.8639,đúng là dạng rồi thằng xơ nói khó ăn cắp miếng dạng của ba nói cho tao coi một lần nhưng mà miếng dạng của nó nhỏ xíu hả dây miếng dài này nhiều tiền lắm hai anh hai nhiều nhiều nhiều dữ lắm ngục triệu không nhằm nhòi gì phải nhiều hơn chứ.,đúng là dạng rồi thằng xơ nói khó ăn cắp miếng dạng của ba nói cho tao coi một lần nhưng mà miếng dạng của nó nhỏ xíu hả dây miếng dài này nhiều tiền lắm hai anh hai nhiều nhiều nhiều dữ lắm ngục triệu không nhằm nhòi gì phải nhiều hơn chứ.,đúng là dạng rồi thằng xơ nói khó ăn cắp miếng dạng của ba nói cho tao coi một lần nhưng mà miếng dạng của nó nhỏ xíu hả dây miếng dài này nhiều tiền lắm hai anh hai nhiều nhiều nhiều dữ lắm ngục triệu không nhằm nhòi gì phải nhiều hơn chứ.,đúng là dạng rồi thằng xơ nói khó ăn cắp miếng dạng của ba nói cho tao coi một lần nhưng mà miếng dạng của nó nhỏ xíu hả dây miếng dài này nhiều tiền lắm hai anh hai nhiều nhiều nhiều dữ lắm ngục triệu không nhằm nhòi gì phải nhiều hơn chứ.,train
neutral_copy_of_sods_t2_1,neutral_copy_of_sods_t2_1,neutral_copy_of_sods_t2_1,neutral,neutral,neutral,4,data/wavs16k/neutral_copy_of_sods_t2_1.wav,data/wavs16k/neutral_copy_of_sods_t2_1.wav,neutral_copy_of_sods_t2_1.wav,copy_of_sods_t2_1,copy_of_sods_t2_1,11.5636,ở thành phố người ta không coi chuyện đó hệ trọng như ở nhà quê với lại em đã có giấy từ mặt cắt đứt mọi quan hệ với hai thảm đỏ để cho cháu ý đây có.,ở thành phố người ta không coi chuyện đó hệ trọng như ở nhà quê với lại em đã có giấy từ mặt cắt đứt mọi quan hệ với hai thảm đỏ để cho cháu ý đây có.,ở thành phố người ta không coi chuyện đó hệ trọng như ở nhà quê với lại em đã có giấy từ mặt cắt đứt mọi quan hệ với hai thảm đỏ để cho cháu ý đây có.,ở thành phố người ta không coi chuyện đó hệ trọng như ở nhà quê với lại em đã có giấy từ mặt cắt đứt mọi quan hệ với hai thảm đỏ để cho cháu ý đây có.,train
neutral_copy_of_sods_t2_2,neutral_copy_of_sods_t2_2,neutral_copy_of_sods_t2_2,neutral,neutral,neutral,4,data/wavs16k/neutral_copy_of_sods_t2_2.wav,data/wavs16k/neutral_copy_of_sods_t2_2.wav,neutral_copy_of_sods_t2_2.wav,copy_of_sods_t2_2,copy_of_sods_t2_2,8.9397,các em ạ lớp chính a của chúng ta được vinh dự đón bạn phạm quang núi từ thành phố hoa phượng đỏ về sơ tán.,các em ạ lớp chính a của chúng ta được vinh dự đón bạn phạm quang núi từ thành phố hoa phượng đỏ về sơ tán.,các em ạ lớp chính a của chúng ta được vinh dự đón bạn phạm quang núi từ thành phố hoa phượng đỏ về sơ tán.,các em ạ lớp chính a của chúng ta được vinh dự đón bạn phạm quang núi từ thành phố hoa phượng đỏ về sơ tán.,train
neutral_copy_of_sods_t2_4,neutral_copy_of_sods_t2_4,neutral_copy_of_sods_t2_4,neutral,neutral,neutral,4,data/wavs16k/neutral_copy_of_sods_t2_4.wav,data/wavs16k/neutral_copy_of_sods_t2_4.wav,neutral_copy_of_sods_t2_4.wav,copy_of_sods_t2_4,copy_of_sods_t2_4,7.3608,Em có phải làm khạm hôm nay khác em có phải làm hai bài toán nữa năm giờ hơn em thổi.,Em có phải làm khạm hôm nay khác em có phải làm hai bài toán nữa năm giờ hơn em thổi.,Em có phải làm khạm hôm nay khác em có phải làm hai bài toán nữa năm giờ hơn em thổi.,em có phải làm khạm hôm nay khác em có phải làm hai bài toán nữa năm giờ hơn em thổi.,train
neutral_copy_of_sods_t3_1,neutral_copy_of_sods_t3_1,neutral_copy_of_sods_t3_1,neutral,neutral,neutral,4,data/wavs16k/neutral_copy_of_sods_t3_1.wav,data/wavs16k/neutral_copy_of_sods_t3_1.wav,neutral_copy_of_sods_t3_1.wav,copy_of_sods_t3_1,copy_of_sods_t3_1,10.0078,cũng là nhờ cơ quan cùng anh em nội ngoại nên mẹ các cháu được mổ yên mở đẹp.,cũng là nhờ cơ quan cùng anh em nội ngoại nên mẹ các cháu được mổ yên mở đẹp.,cũng là nhờ cơ quan cùng anh em nội ngoại nên mẹ các cháu được mổ yên mở đẹp.,cũng là nhờ cơ quan cùng anh em nội ngoại nên mẹ các cháu được mổ yên mở đẹp.,train
neutral_copy_of_sods_t3_3,neutral_copy_of_sods_t3_3,neutral_copy_of_sods_t3_3,neutral,neutral,neutral,4,data/wavs16k/neutral_copy_of_sods_t3_3.wav,data/wavs16k/neutral_copy_of_sods_t3_3.wav,neutral_copy_of_sods_t3_3.wav,copy_of_sods_t3_3,copy_of_sods_t3_3,6.3623,Cháu sồng cháu biển gắng học đi thi tỉnh danh núi để lại có học bổng.,Cháu sồng cháu biển gắng học đi thi tỉnh danh núi để lại có học bổng.,Cháu sồng cháu biển gắng học đi thi tỉnh danh núi để lại có học bổng.,cháu sồng cháu biển gắng học đi thi tỉnh danh núi để lại có học bổng.,train
neutral_copy_of_sods_t3_4,neutral_copy_of_sods_t3_4,neutral_copy_of_sods_t3_4,neutral,neutral,neutral,4,data/wavs16k/neutral_copy_of_sods_t3_4.wav,data/wavs16k/neutral_copy_of_sods_t3_4.wav,neutral_copy_of_sods_t3_4.wav,copy_of_sods_t3_4,copy_of_sods_t3_4,9.7292,song thời chiến đây là một khu vực quan trọng cậu không được ở trong ga mà chỉ khi nào có tàu chở đến cậu mới được.,song thời chiến đây là một khu vực quan trọng cậu không được ở trong ga mà chỉ khi nào có tàu chở đến cậu mới được.,song thời chiến đây là một khu vực quan trọng cậu không được ở trong ga mà chỉ khi nào có tàu chở đến cậu mới được.,song thời chiến đây là một khu vực quan trọng cậu không được ở trong ga mà chỉ khi nào có tàu chở đến cậu mới được.,train
neutral_copy_of_sods_t3_5,neutral_copy_of_sods_t3_5,neutral_copy_of_sods_t3_5,neutral,neutral,neutral,4,data/wavs16k/neutral_copy_of_sods_t3_5.wav,data/wavs16k/neutral_copy_of_sods_t3_5.wav,neutral_copy_of_sods_t3_5.wav,copy_of_sods_t3_5,copy_of_sods_t3_5,5.5496,thì cháu cảm ơn bác lắm bác ơi hãy bác cho cháu ở đây giúp đỡ bác.,thì cháu cảm ơn bác lắm bác ơi hãy bác cho cháu ở đây giúp đỡ bác.,thì cháu cảm ơn bác lắm bác ơi hãy bác cho cháu ở đây giúp đỡ bác.,thì cháu cảm ơn bác lắm bác ơi hãy bác cho cháu ở đây giúp đỡ bác.,train
neutral_copy_of_sods_t3_7,neutral_copy_of_sods_t3_7,neutral_copy_of_sods_t3_7,neutral,neutral,neutral,4,data/wavs16k/neutral_copy_of_sods_t3_7.wav,data/wavs16k/neutral_copy_of_sods_t3_7.wav,neutral_copy_of_sods_t3_7.wav,copy_of_sods_t3_7,copy_of_sods_t3_7,4.8994,- Đã có thư của anh xông đấy anh ý bảo đã đến nơi tập trung rồi.,- Đã có thư của anh xông đấy anh ý bảo đã đến nơi tập trung rồi.,- Đã có thư của anh xông đấy anh ý bảo đã đến nơi tập trung rồi.,- đã có thư của anh xông đấy anh ý bảo đã đến nơi tập trung rồi.,train
neutral_copy_of_sods_t3_9,neutral_copy_of_sods_t3_9,neutral_copy_of_sods_t3_9,neutral,neutral,neutral,4,data/wavs16k/neutral_copy_of_sods_t3_9.wav,data/wavs16k/neutral_copy_of_sods_t3_9.wav,neutral_copy_of_sods_t3_9.wav,copy_of_sods_t3_9,copy_of_sods_t3_9,9.4506,sáng nay cậu đi đột xuất vội không kịp ăn mu bánh chưng cho cậu rồi phần anh cả đây anh an đi.,sáng nay cậu đi đột xuất vội không kịp ăn mu bánh chưng cho cậu rồi phần anh cả đây anh an đi.,sáng nay cậu đi đột xuất vội không kịp ăn mu bánh chưng cho cậu rồi phần anh cả đây anh an đi.,sáng nay cậu đi đột xuất vội không kịp ăn mu bánh chưng cho cậu rồi phần anh cả đây anh an đi.,train
neutral_copy_of_sods_t4_01,neutral_copy_of_sods_t4_01,neutral_copy_of_sods_t4_01,neutral,neutral,neutral,4,data/wavs16k/neutral_copy_of_sods_t4_01.wav,data/wavs16k/neutral_copy_of_sods_t4_01.wav,neutral_copy_of_sods_t4_01.wav,copy_of_sods_t4_01,copy_of_sods_t4_01,9.4273,bố cậu chưa bao giờ xin việc cho cậu cả mà khi việc tuyển công nhân chúng tôi đã dừng từ tháng trước rồi mà nếu cậu có nhu cầu ý thì về nói với bố cậu là chờ đến sáng.,bố cậu chưa bao giờ xin việc cho cậu cả mà khi việc tuyển công nhân chúng tôi đã dừng từ tháng trước rồi mà nếu cậu có nhu cầu ý thì về nói với bố cậu là chờ đến sáng.,bố cậu chưa bao giờ xin việc cho cậu cả mà khi việc tuyển công nhân chúng tôi đã dừng từ tháng trước rồi mà nếu cậu có nhu cầu ý thì về nói với bố cậu là chờ đến sáng.,bố cậu chưa bao giờ xin việc cho cậu cả mà khi việc tuyển công nhân chúng tôi đã dừng từ tháng trước rồi mà nếu cậu có nhu cầu ý thì về nói với bố cậu là chờ đến sáng.,train
neutral_copy_of_sods_t4_02,neutral_copy_of_sods_t4_02,neutral_copy_of_sods_t4_02,neutral,neutral,neutral,4,data/wavs16k/neutral_copy_of_sods_t4_02.wav,data/wavs16k/neutral_copy_of_sods_t4_02.wav,neutral_copy_of_sods_t4_02.wav,copy_of_sods_t4_02,copy_of_sods_t4_02,6.6409,chưa gì không có nhu cầu đã bảo đói thì ăn không đói thì thôi.,chưa gì không có nhu cầu đã bảo đói thì ăn không đói thì thôi.,chưa gì không có nhu cầu đã bảo đói thì ăn không đói thì thôi.,chưa gì không có nhu cầu đã bảo đói thì ăn không đói thì thôi.,train
neutral_copy_of_sods_t4_04,neutral_copy_of_sods_t4_04,neutral_copy_of_sods_t4_04,neutral,neutral,neutral,4,data/wavs16k/neutral_copy_of_sods_t4_04.wav,data/wavs16k/neutral_copy_of_sods_t4_04.wav,neutral_copy_of_sods_t4_04.wav,copy_of_sods_t4_04,copy_of_sods_t4_04,8.8933,- Cho buồng tắm kia vào mà rửa giáy nếu cần tắm có phích nước sôi lấy mà tắm.,- Cho buồng tắm kia vào mà rửa giáy nếu cần tắm có phích nước sôi lấy mà tắm.,- Cho buồng tắm kia vào mà rửa giáy nếu cần tắm có phích nước sôi lấy mà tắm.,- cho buồng tắm kia vào mà rửa giáy nếu cần tắm có phích nước sôi lấy mà tắm.,train
neutral_copy_of_sods_t4_05,neutral_copy_of_sods_t4_05,neutral_copy_of_sods_t4_05,neutral,neutral,neutral,4,data/wavs16k/neutral_copy_of_sods_t4_05.wav,data/wavs16k/neutral_copy_of_sods_t4_05.wav,neutral_copy_of_sods_t4_05.wav,copy_of_sods_t4_05,copy_of_sods_t4_05,6.0837,không tắm thì cũng phải thay quần áo đi trời lạnh thế này mà quần áo ướt là cảm đấy.,không tắm thì cũng phải thay quần áo đi trời lạnh thế này mà quần áo ướt là cảm đấy.,không tắm thì cũng phải thay quần áo đi trời lạnh thế này mà quần áo ướt là cảm đấy.,không tắm thì cũng phải thay quần áo đi trời lạnh thế này mà quần áo ướt là cảm đấy.,train
neutral_copy_of_sods_t4_09,neutral_copy_of_sods_t4_09,neutral_copy_of_sods_t4_09,neutral,neutral,neutral,4,data/wavs16k/neutral_copy_of_sods_t4_09.wav,data/wavs16k/neutral_copy_of_sods_t4_09.wav,neutral_copy_of_sods_t4_09.wav,copy_of_sods_t4_09,copy_of_sods_t4_09,5.2245,- Bác cho bác ạ ờ núi đe vào đây em mới có bác mỹ minh chưng con.,- Bác cho bác ạ ờ núi đe vào đây em mới có bác mỹ minh chưng con.,- Bác cho bác ạ ờ núi đe vào đây em mới có bác mỹ minh chưng con.,- bác cho bác ạ ờ núi đe vào đây em mới có bác mỹ minh chưng con.,train
neutral_copy_of_sods_t4_10,neutral_copy_of_sods_t4_10,neutral_copy_of_sods_t4_10,neutral,neutral,neutral,4,data/wavs16k/neutral_copy_of_sods_t4_10.wav,data/wavs16k/neutral_copy_of_sods_t4_10.wav,neutral_copy_of_sods_t4_10.wav,copy_of_sods_t4_10,copy_of_sods_t4_10,8.6611,chúng tôi cũng ái ngại cho hoàn cảnh của cậu lắm hôm ủng hài tôi có sang chúc tết tôi có đặt vấn đề với ông ấy.,chúng tôi cũng ái ngại cho hoàn cảnh của cậu lắm hôm ủng hài tôi có sang chúc tết tôi có đặt vấn đề với ông ấy.,chúng tôi cũng ái ngại cho hoàn cảnh của cậu lắm hôm ủng hài tôi có sang chúc tết tôi có đặt vấn đề với ông ấy.,chúng tôi cũng ái ngại cho hoàn cảnh của cậu lắm hôm ủng hài tôi có sang chúc tết tôi có đặt vấn đề với ông ấy.,train
neutral_copy_of_sods_t4_12,neutral_copy_of_sods_t4_12,neutral_copy_of_sods_t4_12,neutral,neutral,neutral,4,data/wavs16k/neutral_copy_of_sods_t4_12.wav,data/wavs16k/neutral_copy_of_sods_t4_12.wav,neutral_copy_of_sods_t4_12.wav,copy_of_sods_t4_12,copy_of_sods_t4_12,4.2493,Cháu chỉ mong có việc làm làm ở đâu cũng được ạ.,Cháu chỉ mong có việc làm làm ở đâu cũng được ạ.,Cháu chỉ mong có việc làm làm ở đâu cũng được ạ.,cháu chỉ mong có việc làm làm ở đâu cũng được ạ.,train
neutral_copy_of_sods_t4_13,neutral_copy_of_sods_t4_13,neutral_copy_of_sods_t4_13,neutral,neutral,neutral,4,data/wavs16k/neutral_copy_of_sods_t4_13.wav,data/wavs16k/neutral_copy_of_sods_t4_13.wav,neutral_copy_of_sods_t4_13.wav,copy_of_sods_t4_13,copy_of_sods_t4_13,8.0109,ununk chả biết nữa nhưng tính anh đã làm cái gì là làm bằng được thôi ta đi nè.,ununk chả biết nữa nhưng tính anh đã làm cái gì là làm bằng được thôi ta đi nè.,ununk chả biết nữa nhưng tính anh đã làm cái gì là làm bằng được thôi ta đi nè.,ununk chả biết nữa nhưng tính anh đã làm cái gì là làm bằng được thôi ta đi nè.,train
neutral_copy_of_sods_t4_14,neutral_copy_of_sods_t4_14,neutral_copy_of_sods_t4_14,neutral,neutral,neutral,4,data/wavs16k/neutral_copy_of_sods_t4_14.wav,data/wavs16k/neutral_copy_of_sods_t4_14.wav,neutral_copy_of_sods_t4_14.wav,copy_of_sods_t4_14,copy_of_sods_t4_14,9.3809,hay là chuyện khoai mới trồng giữa kỳ phủ thôi đi bảo hai thằng nhỏ nhanh chân lên rồi tôi với cậu chuyển lá về cho chúng cho khoai rồi đi về.,hay là chuyện khoai mới trồng giữa kỳ phủ thôi đi bảo hai thằng nhỏ nhanh chân lên rồi tôi với cậu chuyển lá về cho chúng cho khoai rồi đi về.,hay là chuyện khoai mới trồng giữa kỳ phủ thôi đi bảo hai thằng nhỏ nhanh chân lên rồi tôi với cậu chuyển lá về cho chúng cho khoai rồi đi về.,hay là chuyện khoai mới trồng giữa kỳ phủ thôi đi bảo hai thằng nhỏ nhanh chân lên rồi tôi với cậu chuyển lá về cho chúng cho khoai rồi đi về.,train
neutral_copy_of_sods_t4_15,neutral_copy_of_sods_t4_15,neutral_copy_of_sods_t4_15,neutral,neutral,neutral,4,data/wavs16k/neutral_copy_of_sods_t4_15.wav,data/wavs16k/neutral_copy_of_sods_t4_15.wav,neutral_copy_of_sods_t4_15.wav,copy_of_sods_t4_15,copy_of_sods_t4_15,11.9351,làm cho cậu ấy thì coi như cứu được một con người các đồng chí không cần phải nói nữa chúng tôi đã nói nhận là nhận có điều cũng cần phải có thời gian.,làm cho cậu ấy thì coi như cứu được một con người các đồng chí không cần phải nói nữa chúng tôi đã nói nhận là nhận có điều cũng cần phải có thời gian.,làm cho cậu ấy thì coi như cứu được một con người các đồng chí không cần phải nói nữa chúng tôi đã nói nhận là nhận có điều cũng cần phải có thời gian.,làm cho cậu ấy thì coi như cứu được một con người các đồng chí không cần phải nói nữa chúng tôi đã nói nhận là nhận có điều cũng cần phải có thời gian.,train
neutral_copy_of_sods_t4_16,neutral_copy_of_sods_t4_16,neutral_copy_of_sods_t4_16,neutral,neutral,neutral,4,data/wavs16k/neutral_copy_of_sods_t4_16.wav,data/wavs16k/neutral_copy_of_sods_t4_16.wav,neutral_copy_of_sods_t4_16.wav,copy_of_sods_t4_16,copy_of_sods_t4_16,14.0713,điều cũng cần phải có thời gian ở chỗ các anh mà có phong trào văn nghệ báo tường thì cậu này sẽ phát huy được rất nhiều tác dụng tờ báo mà mọi người đang xem kia hầu hết là do cậu ấy sáng tác làm thơ cũng hay mà vẽ cũng được.,điều cũng cần phải có thời gian ở chỗ các anh mà có phong trào văn nghệ báo tường thì cậu này sẽ phát huy được rất nhiều tác dụng tờ báo mà mọi người đang xem kia hầu hết là do cậu ấy sáng tác làm thơ cũng hay mà vẽ cũng được.,điều cũng cần phải có thời gian ở chỗ các anh mà có phong trào văn nghệ báo tường thì cậu này sẽ phát huy được rất nhiều tác dụng tờ báo mà mọi người đang xem kia hầu hết là do cậu ấy sáng tác làm thơ cũng hay mà vẽ cũng được.,điều cũng cần phải có thời gian ở chỗ các anh mà có phong trào văn nghệ báo tường thì cậu này sẽ phát huy được rất nhiều tác dụng tờ báo mà mọi người đang xem kia hầu hết là do cậu ấy sáng tác làm thơ cũng hay mà vẽ cũng được.,train
neutral_copy_of_sods_t4_17,neutral_copy_of_sods_t4_17,neutral_copy_of_sods_t4_17,neutral,neutral,neutral,4,data/wavs16k/neutral_copy_of_sods_t4_17.wav,data/wavs16k/neutral_copy_of_sods_t4_17.wav,neutral_copy_of_sods_t4_17.wav,copy_of_sods_t4_17,copy_of_sods_t4_17,3.0419,Chú cháu là người hệt phong gốc ạ.,Chú cháu là người hệt phong gốc ạ.,Chú cháu là người hệt phong gốc ạ.,chú cháu là người hệt phong gốc ạ.,train
neutral_copy_of_sods_t4_18,neutral_copy_of_sods_t4_18,neutral_copy_of_sods_t4_18,neutral,neutral,neutral,4,data/wavs16k/neutral_copy_of_sods_t4_18.wav,data/wavs16k/neutral_copy_of_sods_t4_18.wav,neutral_copy_of_sods_t4_18.wav,copy_of_sods_t4_18,copy_of_sods_t4_18,10.4954,chọn rắc rửa gì cũng được yến tâm có văn hoá có sức khoẻ như em nhà máy sẽ bố trí một công việc thích hợp.,chọn rắc rửa gì cũng được yến tâm có văn hoá có sức khoẻ như em nhà máy sẽ bố trí một công việc thích hợp.,chọn rắc rửa gì cũng được yến tâm có văn hoá có sức khoẻ như em nhà máy sẽ bố trí một công việc thích hợp.,chọn rắc rửa gì cũng được yến tâm có văn hoá có sức khoẻ như em nhà máy sẽ bố trí một công việc thích hợp.,train
neutral_copy_of_sods_t4_19,neutral_copy_of_sods_t4_19,neutral_copy_of_sods_t4_19,neutral,neutral,neutral,4,data/wavs16k/neutral_copy_of_sods_t4_19.wav,data/wavs16k/neutral_copy_of_sods_t4_19.wav,neutral_copy_of_sods_t4_19.wav,copy_of_sods_t4_19,copy_of_sods_t4_19,6.9893,vâng ạ thay mặt em núi và các em được nhà máy quan tâm chúng tôi cảm ơn các đồng chí.,vâng ạ thay mặt em núi và các em được nhà máy quan tâm chúng tôi cảm ơn các đồng chí.,vâng ạ thay mặt em núi và các em được nhà máy quan tâm chúng tôi cảm ơn các đồng chí.,vâng ạ thay mặt em núi và các em được nhà máy quan tâm chúng tôi cảm ơn các đồng chí.,train
neutral_copy_of_sods_t4_21,neutral_copy_of_sods_t4_21,neutral_copy_of_sods_t4_21,neutral,neutral,neutral,4,data/wavs16k/neutral_copy_of_sods_t4_21.wav,data/wavs16k/neutral_copy_of_sods_t4_21.wav,neutral_copy_of_sods_t4_21.wav,copy_of_sods_t4_21,copy_of_sods_t4_21,5.6425,không biết là cậu núi có về kịp không cào cơm lại muội mất.,không biết là cậu núi có về kịp không cào cơm lại muội mất.,không biết là cậu núi có về kịp không cào cơm lại muội mất.,không biết là cậu núi có về kịp không cào cơm lại muội mất.,train
neutral_copy_of_sods_t4_22,neutral_copy_of_sods_t4_22,neutral_copy_of_sods_t4_22,neutral,neutral,neutral,4,data/wavs16k/neutral_copy_of_sods_t4_22.wav,data/wavs16k/neutral_copy_of_sods_t4_22.wav,neutral_copy_of_sods_t4_22.wav,copy_of_sods_t4_22,copy_of_sods_t4_22,13.1193,Cháu không cần phải để ý cháu mà có hành động gì là cháu dại đấy sâm vô tích đạo vô tang mình nói có người ta bảo không nhất là người ta lại là bố mình liệu cháu ăn nói ra làm sao.,Cháu không cần phải để ý cháu mà có hành động gì là cháu dại đấy sâm vô tích đạo vô tang mình nói có người ta bảo không nhất là người ta lại là bố mình liệu cháu ăn nói ra làm sao.,Cháu không cần phải để ý cháu mà có hành động gì là cháu dại đấy sâm vô tích đạo vô tang mình nói có người ta bảo không nhất là người ta lại là bố mình liệu cháu ăn nói ra làm sao.,cháu không cần phải để ý cháu mà có hành động gì là cháu dại đấy sâm vô tích đạo vô tang mình nói có người ta bảo không nhất là người ta lại là bố mình liệu cháu ăn nói ra làm sao.,train
neutral_copy_of_sods_t4_24,neutral_copy_of_sods_t4_24,neutral_copy_of_sods_t4_24,neutral,neutral,neutral,4,data/wavs16k/neutral_copy_of_sods_t4_24.wav,data/wavs16k/neutral_copy_of_sods_t4_24.wav,neutral_copy_of_sods_t4_24.wav,copy_of_sods_t4_24,copy_of_sods_t4_24,5.4799,Bác nói để cho cháu biết chứ cái trỏ của ông ấy mà rồi cũng lo sôi trán trẻ nhanh thôi.,Bác nói để cho cháu biết chứ cái trỏ của ông ấy mà rồi cũng lo sôi trán trẻ nhanh thôi.,Bác nói để cho cháu biết chứ cái trỏ của ông ấy mà rồi cũng lo sôi trán trẻ nhanh thôi.,bác nói để cho cháu biết chứ cái trỏ của ông ấy mà rồi cũng lo sôi trán trẻ nhanh thôi.,train
neutral_copy_of_sods_t4_25,neutral_copy_of_sods_t4_25,neutral_copy_of_sods_t4_25,neutral,neutral,neutral,4,data/wavs16k/neutral_copy_of_sods_t4_25.wav,data/wavs16k/neutral_copy_of_sods_t4_25.wav,neutral_copy_of_sods_t4_25.wav,copy_of_sods_t4_25,copy_of_sods_t4_25,6.3159,Nếu nhanh thì vài tuần chậm cũng vài ba tháng thể ra mới chỉ là một lời hứa thế cấp nào hứa.,Nếu nhanh thì vài tuần chậm cũng vài ba tháng thể ra mới chỉ là một lời hứa thế cấp nào hứa.,Nếu nhanh thì vài tuần chậm cũng vài ba tháng thể ra mới chỉ là một lời hứa thế cấp nào hứa.,nếu nhanh thì vài tuần chậm cũng vài ba tháng thể ra mới chỉ là một lời hứa thế cấp nào hứa.,train
neutral_copy_of_sods_t4_26,neutral_copy_of_sods_t4_26,neutral_copy_of_sods_t4_26,neutral,neutral,neutral,4,data/wavs16k/neutral_copy_of_sods_t4_26.wav,data/wavs16k/neutral_copy_of_sods_t4_26.wav,neutral_copy_of_sods_t4_26.wav,copy_of_sods_t4_26,copy_of_sods_t4_26,8.6611,Cậu cậu lấy chỉ vàng của em con cho mụ ấy em con còn phải nhờ cậu nuôi ăn nuôi học chưa làm ra tài sản.,Cậu cậu lấy chỉ vàng của em con cho mụ ấy em con còn phải nhờ cậu nuôi ăn nuôi học chưa làm ra tài sản.,Cậu cậu lấy chỉ vàng của em con cho mụ ấy em con còn phải nhờ cậu nuôi ăn nuôi học chưa làm ra tài sản.,cậu cậu lấy chỉ vàng của em con cho mụ ấy em con còn phải nhờ cậu nuôi ăn nuôi học chưa làm ra tài sản.,train
neutral_copy_of_sods_t4_29,neutral_copy_of_sods_t4_29,neutral_copy_of_sods_t4_29,neutral,neutral,neutral,4,data/wavs16k/neutral_copy_of_sods_t4_29.wav,data/wavs16k/neutral_copy_of_sods_t4_29.wav,neutral_copy_of_sods_t4_29.wav,copy_of_sods_t4_29,copy_of_sods_t4_29,4.4351,Nhưng đến khi ảnh cái cậu phạm quang núi ấy vẫn không được gia đình chấp nhận.,Nhưng đến khi ảnh cái cậu phạm quang núi ấy vẫn không được gia đình chấp nhận.,Nhưng đến khi ảnh cái cậu phạm quang núi ấy vẫn không được gia đình chấp nhận.,nhưng đến khi ảnh cái cậu phạm quang núi ấy vẫn không được gia đình chấp nhận.,train
neutral_copy_of_sods_t4_30,neutral_copy_of_sods_t4_30,neutral_copy_of_sods_t4_30,neutral,neutral,neutral,4,data/wavs16k/neutral_copy_of_sods_t4_30.wav,data/wavs16k/neutral_copy_of_sods_t4_30.wav,neutral_copy_of_sods_t4_30.wav,copy_of_sods_t4_30,copy_of_sods_t4_30,9.2416,bố dự án sao lại phải xác minh chả là lá đơn có liên quan đến ông bố cho nên em chờ anh cho ý kiến thêm là vì thế.,bố dự án sao lại phải xác minh chả là lá đơn có liên quan đến ông bố cho nên em chờ anh cho ý kiến thêm là vì thế.,bố dự án sao lại phải xác minh chả là lá đơn có liên quan đến ông bố cho nên em chờ anh cho ý kiến thêm là vì thế.,bố dự án sao lại phải xác minh chả là lá đơn có liên quan đến ông bố cho nên em chờ anh cho ý kiến thêm là vì thế.,train
neutral_copy_of_sods_tap1_1,neutral_copy_of_sods_tap1_1,neutral_copy_of_sods_tap1_1,neutral,neutral,neutral,4,data/wavs16k/neutral_copy_of_sods_tap1_1.wav,data/wavs16k/neutral_copy_of_sods_tap1_1.wav,neutral_copy_of_sods_tap1_1.wav,copy_of_sods_tap1_1,copy_of_sods_tap1_1,12.4691,chủ nhật sau tôi lấy vợ cưới khách sạn lục khải thông tôi lo mọi việc khoản ngân khố cậu đảm đường cho.,chủ nhật sau tôi lấy vợ cưới khách sạn lục khải thông tôi lo mọi việc khoản ngân khố cậu đảm đường cho.,chủ nhật sau tôi lấy vợ cưới khách sạn lục khải thông tôi lo mọi việc khoản ngân khố cậu đảm đường cho.,chủ nhật sau tôi lấy vợ cưới khách sạn lục khải thông tôi lo mọi việc khoản ngân khố cậu đảm đường cho.,train
neutral_copy_of_sods_tap1_3,neutral_copy_of_sods_tap1_3,neutral_copy_of_sods_tap1_3,neutral,neutral,neutral,4,data/wavs16k/neutral_copy_of_sods_tap1_3.wav,data/wavs16k/neutral_copy_of_sods_tap1_3.wav,neutral_copy_of_sods_tap1_3.wav,copy_of_sods_tap1_3,copy_of_sods_tap1_3,4.6673,- Ta xướng khi còn khỉ gió đi với tây tây nghi về với ta ta ngờ.,- Ta xướng khi còn khỉ gió đi với tây tây nghi về với ta ta ngờ.,- Ta xướng khi còn khỉ gió đi với tây tây nghi về với ta ta ngờ.,- ta xướng khi còn khỉ gió đi với tây tây nghi về với ta ta ngờ.,train
neutral_copy_of_sods_tap1_4,neutral_copy_of_sods_tap1_4,neutral_copy_of_sods_tap1_4,neutral,neutral,neutral,4,data/wavs16k/neutral_copy_of_sods_tap1_4.wav,data/wavs16k/neutral_copy_of_sods_tap1_4.wav,neutral_copy_of_sods_tap1_4.wav,copy_of_sods_tap1_4,copy_of_sods_tap1_4,6.8035,cứ cho là nhà nước tha thứ cho cái tội làm thông phán cai ký hai đời.,cứ cho là nhà nước tha thứ cho cái tội làm thông phán cai ký hai đời.,cứ cho là nhà nước tha thứ cho cái tội làm thông phán cai ký hai đời.,cứ cho là nhà nước tha thứ cho cái tội làm thông phán cai ký hai đời.,train
neutral_copy_of_sods_tap1_5,neutral_copy_of_sods_tap1_5,neutral_copy_of_sods_tap1_5,neutral,neutral,neutral,4,data/wavs16k/neutral_copy_of_sods_tap1_5.wav,data/wavs16k/neutral_copy_of_sods_tap1_5.wav,neutral_copy_of_sods_tap1_5.wav,copy_of_sods_tap1_5,copy_of_sods_tap1_5,10.5187,ngài tôi nói cho các ông các bà nghe nhá hôm trước tôi đã đọc được bản cam đoan là dứt khoát cắt đứt mối quan hệ cha con với lũ con theo dặc.,ngài tôi nói cho các ông các bà nghe nhá hôm trước tôi đã đọc được bản cam đoan là dứt khoát cắt đứt mối quan hệ cha con với lũ con theo dặc.,ngài tôi nói cho các ông các bà nghe nhá hôm trước tôi đã đọc được bản cam đoan là dứt khoát cắt đứt mối quan hệ cha con với lũ con theo dặc.,ngài tôi nói cho các ông các bà nghe nhá hôm trước tôi đã đọc được bản cam đoan là dứt khoát cắt đứt mối quan hệ cha con với lũ con theo dặc.,train
neutral_copy_of_sods_tap1_7,neutral_copy_of_sods_tap1_7,neutral_copy_of_sods_tap1_7,neutral,neutral,neutral,4,data/wavs16k/neutral_copy_of_sods_tap1_7.wav,data/wavs16k/neutral_copy_of_sods_tap1_7.wav,neutral_copy_of_sods_tap1_7.wav,copy_of_sods_tap1_7,copy_of_sods_tap1_7,11.0527,- Em vâng lời cậu nài này này này ngày mai chủ nhật dọn dẹp đồ đạc chuyển ba đứa trẻ sang phòng khách.,- Em vâng lời cậu nài này này này ngày mai chủ nhật dọn dẹp đồ đạc chuyển ba đứa trẻ sang phòng khách.,- Em vâng lời cậu nài này này này ngày mai chủ nhật dọn dẹp đồ đạc chuyển ba đứa trẻ sang phòng khách.,- em vâng lời cậu nài này này này ngày mai chủ nhật dọn dẹp đồ đạc chuyển ba đứa trẻ sang phòng khách.,train
sadness_copy_of_43_nu_feartap5_1,sadness_copy_of_43_nu_feartap5_1,sadness_copy_of_43_nu_feartap5_1,sadness,sadness,sadness,3,data/wavs16k/sadness_copy_of_43_nu_feartap5_1.wav,data/wavs16k/sadness_copy_of_43_nu_feartap5_1.wav,sadness_copy_of_43_nu_feartap5_1.wav,copy_of_43_nu_feartap5_1,copy_of_43_nu_feartap5_1,12.06,mẹ yêu cơm khi nhờ mình mới làm sao để anh hay là mình chuyển diện nên.,mẹ yêu cơm khi nhờ mình mới làm sao để anh hay là mình chuyển diện nên.,mẹ yêu cơm khi nhờ mình mới làm sao để anh hay là mình chuyển diện nên.,mẹ yêu cơm khi nhờ mình mới làm sao để anh hay là mình chuyển diện nên.,train
sadness_copy_of_cua_lai_vo_bau_2019_full_hd_moi_2023_chieu_rap_00_15_50_626_00_15_58_276_seg1,sadness_copy_of_cua_lai_vo_bau_2019_full_hd_moi_2023_chieu_rap_00_15_50_626_00_15_58_276_seg1,sadness_copy_of_cua_lai_vo_bau_2019_full_hd_moi_2023_chieu_rap_00_15_50_626_00_15_58_276_seg1,sadness,sadness,sadness,3,data/wavs16k/sadness_copy_of_cua_lai_vo_bau_2019_full_hd_moi_2023_chieu_rap_00_15_50_626_00_15_58_276_seg1.wav,data/wavs16k/sadness_copy_of_cua_lai_vo_bau_2019_full_hd_moi_2023_chieu_rap_00_15_50_626_00_15_58_276_seg1.wav,sadness_copy_of_cua_lai_vo_bau_2019_full_hd_moi_2023_chieu_rap_00_15_50_626_00_15_58_276_seg1.wav,copy_of_cua_lai_vo_bau_2019_full_hd_moi_2023_chieu_rap_00_15_50_626_00_15_58_276,copy_of_cua_lai_vo_bau_2019_full_hd_moi_2023_chieu_rap_00_15_50_626_00_15_58_276,7.6626,ông đã hoài dậy bây giờ ông kiêm cách gì đi chứ ngồi đó ông đã hoài dậy.,ông đã hoài dậy bây giờ ông kiêm cách gì đi chứ ngồi đó ông đã hoài dậy.,ông đã hoài dậy bây giờ ông kiêm cách gì đi chứ ngồi đó ông đã hoài dậy.,ông đã hoài dậy bây giờ ông kiêm cách gì đi chứ ngồi đó ông đã hoài dậy.,train
sadness_copy_of_cua_lai_vo_bau_2019_full_hd_moi_2023_chieu_rap_00_18_10_403_00_18_21_820_seg2,sadness_copy_of_cua_lai_vo_bau_2019_full_hd_moi_2023_chieu_rap_00_18_10_403_00_18_21_820_seg2,sadness_copy_of_cua_lai_vo_bau_2019_full_hd_moi_2023_chieu_rap_00_18_10_403_00_18_21_820_seg2,sadness,sadness,sadness,3,data/wavs16k/sadness_copy_of_cua_lai_vo_bau_2019_full_hd_moi_2023_chieu_rap_00_18_10_403_00_18_21_820_seg2.wav,data/wavs16k/sadness_copy_of_cua_lai_vo_bau_2019_full_hd_moi_2023_chieu_rap_00_18_10_403_00_18_21_820_seg2.wav,sadness_copy_of_cua_lai_vo_bau_2019_full_hd_moi_2023_chieu_rap_00_18_10_403_00_18_21_820_seg2.wav,copy_of_cua_lai_vo_bau_2019_full_hd_moi_2023_chieu_rap_00_18_10_403_00_18_21_820,copy_of_cua_lai_vo_bau_2019_full_hd_moi_2023_chieu_rap_00_18_10_403_00_18_21_820,11.4243,trời ơi linh ơi là linh sao mày kỳ cục vậy hả trời ơi mày đang ở với thằng thoại thì nó là con của thằng thoại với con của ai.,trời ơi linh ơi là linh sao mày kỳ cục vậy hả trời ơi mày đang ở với thằng thoại thì nó là con của thằng thoại với con của ai.,trời ơi linh ơi là linh sao mày kỳ cục vậy hả trời ơi mày đang ở với thằng thoại thì nó là con của thằng thoại với con của ai.,trời ơi linh ơi là linh sao mày kỳ cục vậy hả trời ơi mày đang ở với thằng thoại thì nó là con của thằng thoại với con của ai.,train
sadness_copy_of_cua_lai_vo_bau_2019_full_hd_moi_2023_chieu_rap_00_21_40_946_00_21_47_245_seg5,sadness_copy_of_cua_lai_vo_bau_2019_full_hd_moi_2023_chieu_rap_00_21_40_946_00_21_47_245_seg5,sadness_copy_of_cua_lai_vo_bau_2019_full_hd_moi_2023_chieu_rap_00_21_40_946_00_21_47_245_seg5,sadness,sadness,sadness,3,data/wavs16k/sadness_copy_of_cua_lai_vo_bau_2019_full_hd_moi_2023_chieu_rap_00_21_40_946_00_21_47_245_seg5.wav,data/wavs16k/sadness_copy_of_cua_lai_vo_bau_2019_full_hd_moi_2023_chieu_rap_00_21_40_946_00_21_47_245_seg5.wav,sadness_copy_of_cua_lai_vo_bau_2019_full_hd_moi_2023_chieu_rap_00_21_40_946_00_21_47_245_seg5.wav,copy_of_cua_lai_vo_bau_2019_full_hd_moi_2023_chieu_rap_00_21_40_946_00_21_47_245,copy_of_cua_lai_vo_bau_2019_full_hd_moi_2023_chieu_rap_00_21_40_946_00_21_47_245,6.2694,Ai cũng được mà chạy sau lại là mày mày là bạn thôi mà.,Ai cũng được mà chạy sau lại là mày mày là bạn thôi mà.,Ai cũng được mà chạy sau lại là mày mày là bạn thôi mà.,ai cũng được mà chạy sau lại là mày mày là bạn thôi mà.,train
sadness_copy_of_cua_lai_vo_bau_2019_full_hd_moi_2023_chieu_rap_00_21_47_567_00_21_54_476_seg6,sadness_copy_of_cua_lai_vo_bau_2019_full_hd_moi_2023_chieu_rap_00_21_47_567_00_21_54_476_seg6,sadness_copy_of_cua_lai_vo_bau_2019_full_hd_moi_2023_chieu_rap_00_21_47_567_00_21_54_476_seg6,sadness,sadness,sadness,3,data/wavs16k/sadness_copy_of_cua_lai_vo_bau_2019_full_hd_moi_2023_chieu_rap_00_21_47_567_00_21_54_476_seg6.wav,data/wavs16k/sadness_copy_of_cua_lai_vo_bau_2019_full_hd_moi_2023_chieu_rap_00_21_47_567_00_21_54_476_seg6.wav,sadness_copy_of_cua_lai_vo_bau_2019_full_hd_moi_2023_chieu_rap_00_21_47_567_00_21_54_476_seg6.wav,copy_of_cua_lai_vo_bau_2019_full_hd_moi_2023_chieu_rap_00_21_47_567_00_21_54_476,copy_of_cua_lai_vo_bau_2019_full_hd_moi_2023_chieu_rap_00_21_47_567_00_21_54_476,6.9196,Tôi xin lỗi ta không muốn biết mình ta chỉ biết là ta có lỗi với mày.,Tôi xin lỗi ta không muốn biết mình ta chỉ biết là ta có lỗi với mày.,Tôi xin lỗi ta không muốn biết mình ta chỉ biết là ta có lỗi với mày.,tôi xin lỗi ta không muốn biết mình ta chỉ biết là ta có lỗi với mày.,train
sadness_copy_of_sadness_ctnh_2_00_06_37_028_00_06_43_760_seg3,sadness_copy_of_sadness_ctnh_2_00_06_37_028_00_06_43_760_seg3,sadness_copy_of_sadness_ctnh_2_00_06_37_028_00_06_43_760_seg3,sadness,sadness,sadness,3,data/wavs16k/sadness_copy_of_sadness_ctnh_2_00_06_37_028_00_06_43_760_seg3.wav,data/wavs16k/sadness_copy_of_sadness_ctnh_2_00_06_37_028_00_06_43_760_seg3.wav,sadness_copy_of_sadness_ctnh_2_00_06_37_028_00_06_43_760_seg3.wav,copy_of_sadness_ctnh_2_00_06_37_028_00_06_43_760,copy_of_sadness_ctnh_2_00_06_37_028_00_06_43_760,6.7338,Anh không phải mấy cô mấy cô mấy chú nghĩ sao mà để cho anh ngọc anh đi một mình vậy ít nhất không phải có người nào đi cùng với anh mà là có người nào đi cùng với anh.,Anh không phải mấy cô mấy cô mấy chú nghĩ sao mà để cho anh ngọc anh đi một mình vậy ít nhất không phải có người nào đi cùng với anh mà là có người nào đi cùng với anh.,Anh không phải mấy cô mấy cô mấy chú nghĩ sao mà để cho anh ngọc anh đi một mình vậy ít nhất không phải có người nào đi cùng với anh mà là có người nào đi cùng với anh.,anh không phải mấy cô mấy cô mấy chú nghĩ sao mà để cho anh ngọc anh đi một mình vậy ít nhất không phải có người nào đi cùng với anh mà là có người nào đi cùng với anh.,train
sadness_copy_of_sadness_ctnh_3_00_42_05_345_00_42_20_911_seg4,sadness_copy_of_sadness_ctnh_3_00_42_05_345_00_42_20_911_seg4,sadness_copy_of_sadness_ctnh_3_00_42_05_345_00_42_20_911_seg4,sadness,sadness,sadness,3,data/wavs16k/sadness_copy_of_sadness_ctnh_3_00_42_05_345_00_42_20_911_seg4.wav,data/wavs16k/sadness_copy_of_sadness_ctnh_3_00_42_05_345_00_42_20_911_seg4.wav,sadness_copy_of_sadness_ctnh_3_00_42_05_345_00_42_20_911_seg4.wav,copy_of_sadness_ctnh_3_00_42_05_345_00_42_20_911,copy_of_sadness_ctnh_3_00_42_05_345_00_42_20_911,15.5574,ông ấy ước là em sẽ biến mất bố mà có thể nói con trai của mình như vậy không nhiều lần em quyết định hỏi ống tại sao lại đối xử với em như vậy.,ông ấy ước là em sẽ biến mất bố mà có thể nói con trai của mình như vậy không nhiều lần em quyết định hỏi ống tại sao lại đối xử với em như vậy.,ông ấy ước là em sẽ biến mất bố mà có thể nói con trai của mình như vậy không nhiều lần em quyết định hỏi ống tại sao lại đối xử với em như vậy.,ông ấy ước là em sẽ biến mất bố mà có thể nói con trai của mình như vậy không nhiều lần em quyết định hỏi ống tại sao lại đối xử với em như vậy.,train
sadness_copy_of_sadness_ctnh_3_00_42_41_648_00_42_50_864_seg5,sadness_copy_of_sadness_ctnh_3_00_42_41_648_00_42_50_864_seg5,sadness_copy_of_sadness_ctnh_3_00_42_41_648_00_42_50_864_seg5,sadness,sadness,sadness,3,data/wavs16k/sadness_copy_of_sadness_ctnh_3_00_42_41_648_00_42_50_864_seg5.wav,data/wavs16k/sadness_copy_of_sadness_ctnh_3_00_42_41_648_00_42_50_864_seg5.wav,sadness_copy_of_sadness_ctnh_3_00_42_41_648_00_42_50_864_seg5.wav,copy_of_sadness_ctnh_3_00_42_41_648_00_42_50_864,copy_of_sadness_ctnh_3_00_42_41_648_00_42_50_864,9.2184,đêm giggs tên đụng đạp cho em cũng là dư trông bác của ông em chỉ là đồ dư thừa đủ đáng để bỏ đi thôi.,đêm giggs tên đụng đạp cho em cũng là dư trông bác của ông em chỉ là đồ dư thừa đủ đáng để bỏ đi thôi.,đêm giggs tên đụng đạp cho em cũng là dư trông bác của ông em chỉ là đồ dư thừa đủ đáng để bỏ đi thôi.,đêm giggs tên đụng đạp cho em cũng là dư trông bác của ông em chỉ là đồ dư thừa đủ đáng để bỏ đi thôi.,train
sadness_copy_of_sadness_ctnh_3_00_43_34_021_00_43_42_205_seg6,sadness_copy_of_sadness_ctnh_3_00_43_34_021_00_43_42_205_seg6,sadness_copy_of_sadness_ctnh_3_00_43_34_021_00_43_42_205_seg6,sadness,sadness,sadness,3,data/wavs16k/sadness_copy_of_sadness_ctnh_3_00_43_34_021_00_43_42_205_seg6.wav,data/wavs16k/sadness_copy_of_sadness_ctnh_3_00_43_34_021_00_43_42_205_seg6.wav,sadness_copy_of_sadness_ctnh_3_00_43_34_021_00_43_42_205_seg6.wav,copy_of_sadness_ctnh_3_00_43_34_021_00_43_42_205,copy_of_sadness_ctnh_3_00_43_34_021_00_43_42_205,8.1734,mẹ quá em sợ em sẽ quên bấc mắt của mẹ.,mẹ quá em sợ em sẽ quên bấc mắt của mẹ.,mẹ quá em sợ em sẽ quên bấc mắt của mẹ.,mẹ quá em sợ em sẽ quên bấc mắt của mẹ.,train
sadness_copy_of_sadness_mcc_00_56_18_111_00_56_23_167_seg4,sadness_copy_of_sadness_mcc_00_56_18_111_00_56_23_167_seg4,sadness_copy_of_sadness_mcc_00_56_18_111_00_56_23_167_seg4,sadness,sadness,sadness,3,data/wavs16k/sadness_copy_of_sadness_mcc_00_56_18_111_00_56_23_167_seg4.wav,data/wavs16k/sadness_copy_of_sadness_mcc_00_56_18_111_00_56_23_167_seg4.wav,sadness_copy_of_sadness_mcc_00_56_18_111_00_56_23_167_seg4.wav,copy_of_sadness_mcc_00_56_18_111_00_56_23_167,copy_of_sadness_mcc_00_56_18_111_00_56_23_167,5.0388,như thế chỉ còn bốn tám cậu long vừa trúng phi pháo nằm kia kìa.,như thế chỉ còn bốn tám cậu long vừa trúng phi pháo nằm kia kìa.,như thế chỉ còn bốn tám cậu long vừa trúng phi pháo nằm kia kìa.,như thế chỉ còn bốn tám cậu long vừa trúng phi pháo nằm kia kìa.,train
sadness_copy_of_sadness_mcc_01_08_57_678_01_09_04_703_seg9,sadness_copy_of_sadness_mcc_01_08_57_678_01_09_04_703_seg9,sadness_copy_of_sadness_mcc_01_08_57_678_01_09_04_703_seg9,sadness,sadness,sadness,3,data/wavs16k/sadness_copy_of_sadness_mcc_01_08_57_678_01_09_04_703_seg9.wav,data/wavs16k/sadness_copy_of_sadness_mcc_01_08_57_678_01_09_04_703_seg9.wav,sadness_copy_of_sadness_mcc_01_08_57_678_01_09_04_703_seg9.wav,copy_of_sadness_mcc_01_08_57_678_01_09_04_703,copy_of_sadness_mcc_01_08_57_678_01_09_04_703,7.0357,làm sao đến lượt trên sở chỉ huy thương binh còn nằm la liệt mấy ôm rồi tuyệt cứ gia đình đau àààààààààà@@,làm sao đến lượt trên sở chỉ huy thương binh còn nằm la liệt mấy ôm rồi tuyệt cứ gia đình đau àààààààààà@@,làm sao đến lượt trên sở chỉ huy thương binh còn nằm la liệt mấy ôm rồi tuyệt cứ gia đình đau àààààààààà@@,làm sao đến lượt trên sở chỉ huy thương binh còn nằm la liệt mấy ôm rồi tuyệt cứ gia đình đau àààààààààà@@,train
sadness_copy_of_sadness_mcc_cut1_00_00_00_000_00_00_07_772_seg1,sadness_copy_of_sadness_mcc_cut1_00_00_00_000_00_00_07_772_seg1,sadness_copy_of_sadness_mcc_cut1_00_00_00_000_00_00_07_772_seg1,sadness,sadness,sadness,3,data/wavs16k/sadness_copy_of_sadness_mcc_cut1_00_00_00_000_00_00_07_772_seg1.wav,data/wavs16k/sadness_copy_of_sadness_mcc_cut1_00_00_00_000_00_00_07_772_seg1.wav,sadness_copy_of_sadness_mcc_cut1_00_00_00_000_00_00_07_772_seg1.wav,copy_of_sadness_mcc_cut1_00_00_00_000_00_00_07_772,copy_of_sadness_mcc_cut1_00_00_00_000_00_00_07_772,7.7787,- Họ gây nhau từng đến mặt con sao không thể tách cho nhau cứ cố chớp thuê này chỉ có bạn trẻ là thiệt thòi.,- Họ gây nhau từng đến mặt con sao không thể tách cho nhau cứ cố chớp thuê này chỉ có bạn trẻ là thiệt thòi.,- Họ gây nhau từng đến mặt con sao không thể tách cho nhau cứ cố chớp thuê này chỉ có bạn trẻ là thiệt thòi.,- họ gây nhau từng đến mặt con sao không thể tách cho nhau cứ cố chớp thuê này chỉ có bạn trẻ là thiệt thòi.,train
sadness_copy_of_sadness_mcc_cut1_00_00_17_289_00_00_23_041_seg3,sadness_copy_of_sadness_mcc_cut1_00_00_17_289_00_00_23_041_seg3,sadness_copy_of_sadness_mcc_cut1_00_00_17_289_00_00_23_041_seg3,sadness,sadness,sadness,3,data/wavs16k/sadness_copy_of_sadness_mcc_cut1_00_00_17_289_00_00_23_041_seg3.wav,data/wavs16k/sadness_copy_of_sadness_mcc_cut1_00_00_17_289_00_00_23_041_seg3.wav,sadness_copy_of_sadness_mcc_cut1_00_00_17_289_00_00_23_041_seg3.wav,copy_of_sadness_mcc_cut1_00_00_17_289_00_00_23_041,copy_of_sadness_mcc_cut1_00_00_17_289_00_00_23_041,6.9893,Còn cháu lòng nữa cháu sẽ nghĩ gì khi biết tin bố mẹ kéo nhau ra toà thế này.,Còn cháu lòng nữa cháu sẽ nghĩ gì khi biết tin bố mẹ kéo nhau ra toà thế này.,Còn cháu lòng nữa cháu sẽ nghĩ gì khi biết tin bố mẹ kéo nhau ra toà thế này.,còn cháu lòng nữa cháu sẽ nghĩ gì khi biết tin bố mẹ kéo nhau ra toà thế này.,train
sadness_copy_of_sadness_nctb_00_12_03_284_00_12_08_364_seg2,sadness_copy_of_sadness_nctb_00_12_03_284_00_12_08_364_seg2,sadness_copy_of_sadness_nctb_00_12_03_284_00_12_08_364_seg2,sadness,sadness,sadness,3,data/wavs16k/sadness_copy_of_sadness_nctb_00_12_03_284_00_12_08_364_seg2.wav,data/wavs16k/sadness_copy_of_sadness_nctb_00_12_03_284_00_12_08_364_seg2.wav,sadness_copy_of_sadness_nctb_00_12_03_284_00_12_08_364_seg2.wav,copy_of_sadness_nctb_00_12_03_284_00_12_08_364,copy_of_sadness_nctb_00_12_03_284_00_12_08_364,5.0852,Con sắp đi tù con cung cấp sao được.,Con sắp đi tù con cung cấp sao được.,Con sắp đi tù con cung cấp sao được.,con sắp đi tù con cung cấp sao được.,train
sadness_copy_of_sadness_nctb_00_12_22_362_00_12_34_141_seg3,sadness_copy_of_sadness_nctb_00_12_22_362_00_12_34_141_seg3,sadness_copy_of_sadness_nctb_00_12_22_362_00_12_34_141_seg3,sadness,sadness,sadness,3,data/wavs16k/sadness_copy_of_sadness_nctb_00_12_22_362_00_12_34_141_seg3.wav,data/wavs16k/sadness_copy_of_sadness_nctb_00_12_22_362_00_12_34_141_seg3.wav,sadness_copy_of_sadness_nctb_00_12_22_362_00_12_34_141_seg3.wav,copy_of_sadness_nctb_00_12_22_362_00_12_34_141,copy_of_sadness_nctb_00_12_22_362_00_12_34_141,11.7957,Bà chỉ biết là cung cấp tất cả thông tin theo yêu cầu hy vọng sẽ được xem xét từ sự thành khẩn của mình.,Bà chỉ biết là cung cấp tất cả thông tin theo yêu cầu hy vọng sẽ được xem xét từ sự thành khẩn của mình.,Bà chỉ biết là cung cấp tất cả thông tin theo yêu cầu hy vọng sẽ được xem xét từ sự thành khẩn của mình.,bà chỉ biết là cung cấp tất cả thông tin theo yêu cầu hy vọng sẽ được xem xét từ sự thành khẩn của mình.,train
sadness_copy_of_sadness_nctb_00_26_27_312_00_26_43_920_seg4,sadness_copy_of_sadness_nctb_00_26_27_312_00_26_43_920_seg4,sadness_copy_of_sadness_nctb_00_26_27_312_00_26_43_920_seg4,sadness,sadness,sadness,3,data/wavs16k/sadness_copy_of_sadness_nctb_00_26_27_312_00_26_43_920_seg4.wav,data/wavs16k/sadness_copy_of_sadness_nctb_00_26_27_312_00_26_43_920_seg4.wav,sadness_copy_of_sadness_nctb_00_26_27_312_00_26_43_920_seg4.wav,copy_of_sadness_nctb_00_26_27_312_00_26_43_920,copy_of_sadness_nctb_00_26_27_312_00_26_43_920,16.6255,anh chỉ hèn nhát anh không dám nói ra sự thực và vũ tai nạn còn ngoài ra tất cả những giây phút anh được ở bên em đều là những giây phút mà anh cảm thấy vô cùng hạnh phúc không hề có chút gượng ép giả tạo nào trong đó.,anh chỉ hèn nhát anh không dám nói ra sự thực và vũ tai nạn còn ngoài ra tất cả những giây phút anh được ở bên em đều là những giây phút mà anh cảm thấy vô cùng hạnh phúc không hề có chút gượng ép giả tạo nào trong đó.,anh chỉ hèn nhát anh không dám nói ra sự thực và vũ tai nạn còn ngoài ra tất cả những giây phút anh được ở bên em đều là những giây phút mà anh cảm thấy vô cùng hạnh phúc không hề có chút gượng ép giả tạo nào trong đó.,anh chỉ hèn nhát anh không dám nói ra sự thực và vũ tai nạn còn ngoài ra tất cả những giây phút anh được ở bên em đều là những giây phút mà anh cảm thấy vô cùng hạnh phúc không hề có chút gượng ép giả tạo nào trong đó.,train
sadness_copy_of_sadness_nctb_00_28_50_055_00_29_02_011_seg5,sadness_copy_of_sadness_nctb_00_28_50_055_00_29_02_011_seg5,sadness_copy_of_sadness_nctb_00_28_50_055_00_29_02_011_seg5,sadness,sadness,sadness,3,data/wavs16k/sadness_copy_of_sadness_nctb_00_28_50_055_00_29_02_011_seg5.wav,data/wavs16k/sadness_copy_of_sadness_nctb_00_28_50_055_00_29_02_011_seg5.wav,sadness_copy_of_sadness_nctb_00_28_50_055_00_29_02_011_seg5.wav,copy_of_sadness_nctb_00_28_50_055_00_29_02_011,copy_of_sadness_nctb_00_28_50_055_00_29_02_011,11.9583,Tôi biết thằng kha và con du thật là không phải với con hạnh với gia đình chị tôi chẳng biết nói gì hơn ngoài lời xin lỗi dạ.,Tôi biết thằng kha và con du thật là không phải với con hạnh với gia đình chị tôi chẳng biết nói gì hơn ngoài lời xin lỗi dạ.,Tôi biết thằng kha và con du thật là không phải với con hạnh với gia đình chị tôi chẳng biết nói gì hơn ngoài lời xin lỗi dạ.,tôi biết thằng kha và con du thật là không phải với con hạnh với gia đình chị tôi chẳng biết nói gì hơn ngoài lời xin lỗi dạ.,train
sadness_copy_of_sadness_nctb_00_45_00_997_00_45_06_642_seg10,sadness_copy_of_sadness_nctb_00_45_00_997_00_45_06_642_seg10,sadness_copy_of_sadness_nctb_00_45_00_997_00_45_06_642_seg10,sadness,sadness,sadness,3,data/wavs16k/sadness_copy_of_sadness_nctb_00_45_00_997_00_45_06_642_seg10.wav,data/wavs16k/sadness_copy_of_sadness_nctb_00_45_00_997_00_45_06_642_seg10.wav,sadness_copy_of_sadness_nctb_00_45_00_997_00_45_06_642_seg10.wav,copy_of_sadness_nctb_00_45_00_997_00_45_06_642,copy_of_sadness_nctb_00_45_00_997_00_45_06_642,5.6425,hò quá à tôi giỗ miết mà nó hông có chịu nín không biết khóc tới chừng nào đây.,hò quá à tôi giỗ miết mà nó hông có chịu nín không biết khóc tới chừng nào đây.,hò quá à tôi giỗ miết mà nó hông có chịu nín không biết khóc tới chừng nào đây.,hò quá à tôi giỗ miết mà nó hông có chịu nín không biết khóc tới chừng nào đây.,train
sadness_copy_of_sadness_nctb_00_53_14_458_00_53_20_046_seg11,sadness_copy_of_sadness_nctb_00_53_14_458_00_53_20_046_seg11,sadness_copy_of_sadness_nctb_00_53_14_458_00_53_20_046_seg11,sadness,sadness,sadness,3,data/wavs16k/sadness_copy_of_sadness_nctb_00_53_14_458_00_53_20_046_seg11.wav,data/wavs16k/sadness_copy_of_sadness_nctb_00_53_14_458_00_53_20_046_seg11.wav,sadness_copy_of_sadness_nctb_00_53_14_458_00_53_20_046_seg11.wav,copy_of_sadness_nctb_00_53_14_458_00_53_20_046,copy_of_sadness_nctb_00_53_14_458_00_53_20_046,5.5961,"- Dạ, giờ con tính sao đi qua năn nỉ nữa đi con đi đi con.","- Dạ, giờ con tính sao đi qua năn nỉ nữa đi con đi đi con.","- Dạ, giờ con tính sao đi qua năn nỉ nữa đi con đi đi con.","- dạ, giờ con tính sao đi qua năn nỉ nữa đi con đi đi con.",train
sadness_copy_of_sadness_nctb_01_07_44_967_01_07_49_899_seg15,sadness_copy_of_sadness_nctb_01_07_44_967_01_07_49_899_seg15,sadness_copy_of_sadness_nctb_01_07_44_967_01_07_49_899_seg15,sadness,sadness,sadness,3,data/wavs16k/sadness_copy_of_sadness_nctb_01_07_44_967_01_07_49_899_seg15.wav,data/wavs16k/sadness_copy_of_sadness_nctb_01_07_44_967_01_07_49_899_seg15.wav,sadness_copy_of_sadness_nctb_01_07_44_967_01_07_49_899_seg15.wav,copy_of_sadness_nctb_01_07_44_967_01_07_49_899,copy_of_sadness_nctb_01_07_44_967_01_07_49_899,4.9227,"- "" Trong cuộc_sống, có nhiều việc lắm con à với lại không chỉ có một kỳ đà cản mũi thôi đâu.","- "" Trong cuộc_sống, có nhiều việc lắm con à với lại không chỉ có một kỳ đà cản mũi thôi đâu.","- "" Trong cuộc_sống, có nhiều việc lắm con à với lại không chỉ có một kỳ đà cản mũi thôi đâu.","- "" trong cuộc_sống, có nhiều việc lắm con à với lại không chỉ có một kỳ đà cản mũi thôi đâu.",train
sadness_copy_of_sadness_nctb_01_14_29_640_01_14_35_428_seg13,sadness_copy_of_sadness_nctb_01_14_29_640_01_14_35_428_seg13,sadness_copy_of_sadness_nctb_01_14_29_640_01_14_35_428_seg13,sadness,sadness,sadness,3,data/wavs16k/sadness_copy_of_sadness_nctb_01_14_29_640_01_14_35_428_seg13.wav,data/wavs16k/sadness_copy_of_sadness_nctb_01_14_29_640_01_14_35_428_seg13.wav,sadness_copy_of_sadness_nctb_01_14_29_640_01_14_35_428_seg13.wav,copy_of_sadness_nctb_01_14_29_640_01_14_35_428,copy_of_sadness_nctb_01_14_29_640_01_14_35_428,5.7818,ảnh hưởng chăm sóc con vì có ham chơi nữa chứ anh sẽ cố gắng cải tạo bé dậy sớm.,ảnh hưởng chăm sóc con vì có ham chơi nữa chứ anh sẽ cố gắng cải tạo bé dậy sớm.,ảnh hưởng chăm sóc con vì có ham chơi nữa chứ anh sẽ cố gắng cải tạo bé dậy sớm.,ảnh hưởng chăm sóc con vì có ham chơi nữa chứ anh sẽ cố gắng cải tạo bé dậy sớm.,train
sadness_copy_of_sadness_tiktok12_00_00_00_000_00_00_11_058_seg1_vocals,sadness_copy_of_sadness_tiktok12_00_00_00_000_00_00_11_058_seg1_vocals,sadness_copy_of_sadness_tiktok12_00_00_00_000_00_00_11_058_seg1_vocals,sadness,sadness,sadness,3,data/wavs16k/sadness_copy_of_sadness_tiktok12_00_00_00_000_00_00_11_058_seg1_vocals.wav,data/wavs16k/sadness_copy_of_sadness_tiktok12_00_00_00_000_00_00_11_058_seg1_vocals.wav,sadness_copy_of_sadness_tiktok12_00_00_00_000_00_00_11_058_seg1_vocals.wav,copy_of_sadness_tiktok12_00_00_00_000_00_00_11_058_seg1_vocals,copy_of_sadness_tiktok12_00_00_00_000_00_00_11_058_seg1_vocals,11.0759,nhóm vệ sinh được phúc bằng ngày thường mua bánh kem như bà cho con đều níu mùi chơi để con hồi nhờ con bằng bánh kem nguyên với thần để sớm lại cho con nữa.,nhóm vệ sinh được phúc bằng ngày thường mua bánh kem như bà cho con đều níu mùi chơi để con hồi nhờ con bằng bánh kem nguyên với thần để sớm lại cho con nữa.,nhóm vệ sinh được phúc bằng ngày thường mua bánh kem như bà cho con đều níu mùi chơi để con hồi nhờ con bằng bánh kem nguyên với thần để sớm lại cho con nữa.,nhóm vệ sinh được phúc bằng ngày thường mua bánh kem như bà cho con đều níu mùi chơi để con hồi nhờ con bằng bánh kem nguyên với thần để sớm lại cho con nữa.,train
sadness_copy_of_sadness_tiktok12_00_00_14_110_00_00_26_696_seg2_vocals,sadness_copy_of_sadness_tiktok12_00_00_14_110_00_00_26_696_seg2_vocals,sadness_copy_of_sadness_tiktok12_00_00_14_110_00_00_26_696_seg2_vocals,sadness,sadness,sadness,3,data/wavs16k/sadness_copy_of_sadness_tiktok12_00_00_14_110_00_00_26_696_seg2_vocals.wav,data/wavs16k/sadness_copy_of_sadness_tiktok12_00_00_14_110_00_00_26_696_seg2_vocals.wav,sadness_copy_of_sadness_tiktok12_00_00_14_110_00_00_26_696_seg2_vocals.wav,copy_of_sadness_tiktok12_00_00_14_110_00_00_26_696_seg2_vocals,copy_of_sadness_tiktok12_00_00_14_110_00_00_26_696_seg2_vocals,18.4367,nguyễn ái thần sớm mở cho con nữa hoặc mẹ báo huy mất với căn bệnh ung thư phần qua quá trình bệnh thì cũng có chạy đoàn này chạy đột kia rồi bệnh nó nặng quá nó đã qua cái giai đoạn cuối rồi hết rửa được.,nguyễn ái thần sớm mở cho con nữa hoặc mẹ báo huy mất với căn bệnh ung thư phần qua quá trình bệnh thì cũng có chạy đoàn này chạy đột kia rồi bệnh nó nặng quá nó đã qua cái giai đoạn cuối rồi hết rửa được.,nguyễn ái thần sớm mở cho con nữa hoặc mẹ báo huy mất với căn bệnh ung thư phần qua quá trình bệnh thì cũng có chạy đoàn này chạy đột kia rồi bệnh nó nặng quá nó đã qua cái giai đoạn cuối rồi hết rửa được.,nguyễn ái thần sớm mở cho con nữa hoặc mẹ báo huy mất với căn bệnh ung thư phần qua quá trình bệnh thì cũng có chạy đoàn này chạy đột kia rồi bệnh nó nặng quá nó đã qua cái giai đoạn cuối rồi hết rửa được.,train
sadness_copy_of_sadness_tiktok12_00_00_29_967_00_00_39_676_seg3_vocals,sadness_copy_of_sadness_tiktok12_00_00_29_967_00_00_39_676_seg3_vocals,sadness_copy_of_sadness_tiktok12_00_00_29_967_00_00_39_676_seg3_vocals,sadness,sadness,sadness,3,data/wavs16k/sadness_copy_of_sadness_tiktok12_00_00_29_967_00_00_39_676_seg3_vocals.wav,data/wavs16k/sadness_copy_of_sadness_tiktok12_00_00_29_967_00_00_39_676_seg3_vocals.wav,sadness_copy_of_sadness_tiktok12_00_00_29_967_00_00_39_676_seg3_vocals.wav,copy_of_sadness_tiktok12_00_00_29_967_00_00_39_676_seg3_vocals,copy_of_sadness_tiktok12_00_00_29_967_00_00_39_676_seg3_vocals,17.0667,nó đã qua cái giai đoạn cuối rồi là hết rửa được lúc đó mẹ ở bệnh viện bây giờ lúc đó mẹ thói sang mẹ nằm im đó cái ẩu ạt cũng buồn.,nó đã qua cái giai đoạn cuối rồi là hết rửa được lúc đó mẹ ở bệnh viện bây giờ lúc đó mẹ thói sang mẹ nằm im đó cái ẩu ạt cũng buồn.,nó đã qua cái giai đoạn cuối rồi là hết rửa được lúc đó mẹ ở bệnh viện bây giờ lúc đó mẹ thói sang mẹ nằm im đó cái ẩu ạt cũng buồn.,nó đã qua cái giai đoạn cuối rồi là hết rửa được lúc đó mẹ ở bệnh viện bây giờ lúc đó mẹ thói sang mẹ nằm im đó cái ẩu ạt cũng buồn.,train
sadness_copy_of_sadness_tiktok12_00_01_00_733_00_01_05_656_seg4_vocals,sadness_copy_of_sadness_tiktok12_00_01_00_733_00_01_05_656_seg4_vocals,sadness_copy_of_sadness_tiktok12_00_01_00_733_00_01_05_656_seg4_vocals,sadness,sadness,sadness,3,data/wavs16k/sadness_copy_of_sadness_tiktok12_00_01_00_733_00_01_05_656_seg4_vocals.wav,data/wavs16k/sadness_copy_of_sadness_tiktok12_00_01_00_733_00_01_05_656_seg4_vocals.wav,sadness_copy_of_sadness_tiktok12_00_01_00_733_00_01_05_656_seg4_vocals.wav,copy_of_sadness_tiktok12_00_01_00_733_00_01_05_656_seg4_vocals,copy_of_sadness_tiktok12_00_01_00_733_00_01_05_656_seg4_vocals,12.2369,những nhóm mẹ hẹn lên bàn thờ nắp nhang mẹ cầu dẫn máy em qua quỹ mạnh không có bệnh gì hết.,những nhóm mẹ hẹn lên bàn thờ nắp nhang mẹ cầu dẫn máy em qua quỹ mạnh không có bệnh gì hết.,những nhóm mẹ hẹn lên bàn thờ nắp nhang mẹ cầu dẫn máy em qua quỹ mạnh không có bệnh gì hết.,những nhóm mẹ hẹn lên bàn thờ nắp nhang mẹ cầu dẫn máy em qua quỹ mạnh không có bệnh gì hết.,train
sadness_copy_of_sadness_tiktok13_00_00_05_033_00_00_14_919_seg2,sadness_copy_of_sadness_tiktok13_00_00_05_033_00_00_14_919_seg2,sadness_copy_of_sadness_tiktok13_00_00_05_033_00_00_14_919_seg2,sadness,sadness,sadness,3,data/wavs16k/sadness_copy_of_sadness_tiktok13_00_00_05_033_00_00_14_919_seg2.wav,data/wavs16k/sadness_copy_of_sadness_tiktok13_00_00_05_033_00_00_14_919_seg2.wav,sadness_copy_of_sadness_tiktok13_00_00_05_033_00_00_14_919_seg2.wav,copy_of_sadness_tiktok13_00_00_05_033_00_00_14_919,copy_of_sadness_tiktok13_00_00_05_033_00_00_14_919,9.9614,- Cái bệnh làm từ hụt hẫng nói chung là con người nó không ra hồn người nữa nhiều lúc cũng như mỗi gục ngã muộn đi khám xét nhưng mà sợ là bị phải nằm viện không nằm đi.,- Cái bệnh làm từ hụt hẫng nói chung là con người nó không ra hồn người nữa nhiều lúc cũng như mỗi gục ngã muộn đi khám xét nhưng mà sợ là bị phải nằm viện không nằm đi.,- Cái bệnh làm từ hụt hẫng nói chung là con người nó không ra hồn người nữa nhiều lúc cũng như mỗi gục ngã muộn đi khám xét nhưng mà sợ là bị phải nằm viện không nằm đi.,- cái bệnh làm từ hụt hẫng nói chung là con người nó không ra hồn người nữa nhiều lúc cũng như mỗi gục ngã muộn đi khám xét nhưng mà sợ là bị phải nằm viện không nằm đi.,train
sadness_copy_of_sadness_tiktok13_00_00_14_919_00_00_25_693_seg3,sadness_copy_of_sadness_tiktok13_00_00_14_919_00_00_25_693_seg3,sadness_copy_of_sadness_tiktok13_00_00_14_919_00_00_25_693_seg3,sadness,sadness,sadness,3,data/wavs16k/sadness_copy_of_sadness_tiktok13_00_00_14_919_00_00_25_693_seg3.wav,data/wavs16k/sadness_copy_of_sadness_tiktok13_00_00_14_919_00_00_25_693_seg3.wav,sadness_copy_of_sadness_tiktok13_00_00_14_919_00_00_25_693_seg3.wav,copy_of_sadness_tiktok13_00_00_14_919_00_00_25_693,copy_of_sadness_tiktok13_00_00_14_919_00_00_25_693,15.7664,cũng như mỗi khục ngã muộn đi khám xét mà sợ là bị phải nằm viện không lắm đi không ai lầu như hai trứng mất cả tôi chỉ ở nhà để tránh đi chở đi túa rồi thì có gia đình có hoa quả hay là cây cối dân làng hay có gì nhưng tủ sắn dịch vở gấp.,cũng như mỗi khục ngã muộn đi khám xét mà sợ là bị phải nằm viện không lắm đi không ai lầu như hai trứng mất cả tôi chỉ ở nhà để tránh đi chở đi túa rồi thì có gia đình có hoa quả hay là cây cối dân làng hay có gì nhưng tủ sắn dịch vở gấp.,cũng như mỗi khục ngã muộn đi khám xét mà sợ là bị phải nằm viện không lắm đi không ai lầu như hai trứng mất cả tôi chỉ ở nhà để tránh đi chở đi túa rồi thì có gia đình có hoa quả hay là cây cối dân làng hay có gì nhưng tủ sắn dịch vở gấp.,cũng như mỗi khục ngã muộn đi khám xét mà sợ là bị phải nằm viện không lắm đi không ai lầu như hai trứng mất cả tôi chỉ ở nhà để tránh đi chở đi túa rồi thì có gia đình có hoa quả hay là cây cối dân làng hay có gì nhưng tủ sắn dịch vở gấp.,train
sadness_copy_of_sadness_tiktok13_00_00_26_391_00_00_34_482_seg4,sadness_copy_of_sadness_tiktok13_00_00_26_391_00_00_34_482_seg4,sadness_copy_of_sadness_tiktok13_00_00_26_391_00_00_34_482_seg4,sadness,sadness,sadness,3,data/wavs16k/sadness_copy_of_sadness_tiktok13_00_00_26_391_00_00_34_482_seg4.wav,data/wavs16k/sadness_copy_of_sadness_tiktok13_00_00_26_391_00_00_34_482_seg4.wav,sadness_copy_of_sadness_tiktok13_00_00_26_391_00_00_34_482_seg4.wav,copy_of_sadness_tiktok13_00_00_26_391_00_00_34_482,copy_of_sadness_tiktok13_00_00_26_391_00_00_34_482,9.5434,tháng rịch bởi gốc thôi nói chung là các loại gì mà cứ được năm ba nghìn tôi cũng kiếm để trang trải hàng ngày các cháu ăn học.,tháng rịch bởi gốc thôi nói chung là các loại gì mà cứ được năm ba nghìn tôi cũng kiếm để trang trải hàng ngày các cháu ăn học.,tháng rịch bởi gốc thôi nói chung là các loại gì mà cứ được năm ba nghìn tôi cũng kiếm để trang trải hàng ngày các cháu ăn học.,tháng rịch bởi gốc thôi nói chung là các loại gì mà cứ được năm ba nghìn tôi cũng kiếm để trang trải hàng ngày các cháu ăn học.,train
sadness_copy_of_sadness_tiktok14_00_00_19_769_00_00_26_923_seg2,sadness_copy_of_sadness_tiktok14_00_00_19_769_00_00_26_923_seg2,sadness_copy_of_sadness_tiktok14_00_00_19_769_00_00_26_923_seg2,sadness,sadness,sadness,3,data/wavs16k/sadness_copy_of_sadness_tiktok14_00_00_19_769_00_00_26_923_seg2.wav,data/wavs16k/sadness_copy_of_sadness_tiktok14_00_00_19_769_00_00_26_923_seg2.wav,sadness_copy_of_sadness_tiktok14_00_00_19_769_00_00_26_923_seg2.wav,copy_of_sadness_tiktok14_00_00_19_769_00_00_26_923,copy_of_sadness_tiktok14_00_00_19_769_00_00_26_923,10.3561,- Mẹ mẹ mẹ con mất vì ung thư dứt vào năm hai nghìn không trăm mười tác ba con mất vì ung thư vòm học vào năm hai không hai mốt.,- Mẹ mẹ mẹ con mất vì ung thư dứt vào năm hai nghìn không trăm mười tác ba con mất vì ung thư vòm học vào năm hai không hai mốt.,- Mẹ mẹ mẹ con mất vì ung thư dứt vào năm hai nghìn không trăm mười tác ba con mất vì ung thư vòm học vào năm hai không hai mốt.,- mẹ mẹ mẹ con mất vì ung thư dứt vào năm hai nghìn không trăm mười tác ba con mất vì ung thư vòm học vào năm hai không hai mốt.,train
sadness_copy_of_sadness_tiktok14_00_00_29_225_00_00_38_747_seg3,sadness_copy_of_sadness_tiktok14_00_00_29_225_00_00_38_747_seg3,sadness_copy_of_sadness_tiktok14_00_00_29_225_00_00_38_747_seg3,sadness,sadness,sadness,3,data/wavs16k/sadness_copy_of_sadness_tiktok14_00_00_29_225_00_00_38_747_seg3.wav,data/wavs16k/sadness_copy_of_sadness_tiktok14_00_00_29_225_00_00_38_747_seg3.wav,sadness_copy_of_sadness_tiktok14_00_00_29_225_00_00_38_747_seg3.wav,copy_of_sadness_tiktok14_00_00_29_225_00_00_38_747,copy_of_sadness_tiktok14_00_00_29_225_00_00_38_747,13.8391,- Nếu hai cô hai múc mẹ mất thì con cảm thấy buồn đau lòng con không dám nói chuyện và tâm sự với ba vì sợ bao buồn dù mẹ mất đi nhưng mà ba vẫn còn ở bên cạnh con.,- Nếu hai cô hai múc mẹ mất thì con cảm thấy buồn đau lòng con không dám nói chuyện và tâm sự với ba vì sợ bao buồn dù mẹ mất đi nhưng mà ba vẫn còn ở bên cạnh con.,- Nếu hai cô hai múc mẹ mất thì con cảm thấy buồn đau lòng con không dám nói chuyện và tâm sự với ba vì sợ bao buồn dù mẹ mất đi nhưng mà ba vẫn còn ở bên cạnh con.,- nếu hai cô hai múc mẹ mất thì con cảm thấy buồn đau lòng con không dám nói chuyện và tâm sự với ba vì sợ bao buồn dù mẹ mất đi nhưng mà ba vẫn còn ở bên cạnh con.,train
sadness_copy_of_sadness_tiktok14_00_00_38_747_00_00_50_530_seg4,sadness_copy_of_sadness_tiktok14_00_00_38_747_00_00_50_530_seg4,sadness_copy_of_sadness_tiktok14_00_00_38_747_00_00_50_530_seg4,sadness,sadness,sadness,3,data/wavs16k/sadness_copy_of_sadness_tiktok14_00_00_38_747_00_00_50_530_seg4.wav,data/wavs16k/sadness_copy_of_sadness_tiktok14_00_00_38_747_00_00_50_530_seg4.wav,sadness_copy_of_sadness_tiktok14_00_00_38_747_00_00_50_530_seg4.wav,copy_of_sadness_tiktok14_00_00_38_747_00_00_50_530,copy_of_sadness_tiktok14_00_00_38_747_00_00_50_530,17.2989,và tâm sự với bà vì sợ bao buồn dù mẹ mất đi nhưng mà bà vẫn còn ở bên cạnh con khi đó con cứ cảm thấy đỡ buồn và đau lòng hơn nhưng khi bà mất đi thì con cảm thấy ăn nặng hối lỗi vì không quan tâm công nói chuyện không tâm sự với bà.,và tâm sự với bà vì sợ bao buồn dù mẹ mất đi nhưng mà bà vẫn còn ở bên cạnh con khi đó con cứ cảm thấy đỡ buồn và đau lòng hơn nhưng khi bà mất đi thì con cảm thấy ăn nặng hối lỗi vì không quan tâm công nói chuyện không tâm sự với bà.,và tâm sự với bà vì sợ bao buồn dù mẹ mất đi nhưng mà bà vẫn còn ở bên cạnh con khi đó con cứ cảm thấy đỡ buồn và đau lòng hơn nhưng khi bà mất đi thì con cảm thấy ăn nặng hối lỗi vì không quan tâm công nói chuyện không tâm sự với bà.,và tâm sự với bà vì sợ bao buồn dù mẹ mất đi nhưng mà bà vẫn còn ở bên cạnh con khi đó con cứ cảm thấy đỡ buồn và đau lòng hơn nhưng khi bà mất đi thì con cảm thấy ăn nặng hối lỗi vì không quan tâm công nói chuyện không tâm sự với bà.,train
sadness_copy_of_sadness_tiktok14_00_01_24_545_00_01_33_193_seg6,sadness_copy_of_sadness_tiktok14_00_01_24_545_00_01_33_193_seg6,sadness_copy_of_sadness_tiktok14_00_01_24_545_00_01_33_193_seg6,sadness,sadness,sadness,3,data/wavs16k/sadness_copy_of_sadness_tiktok14_00_01_24_545_00_01_33_193_seg6.wav,data/wavs16k/sadness_copy_of_sadness_tiktok14_00_01_24_545_00_01_33_193_seg6.wav,sadness_copy_of_sadness_tiktok14_00_01_24_545_00_01_33_193_seg6.wav,copy_of_sadness_tiktok14_00_01_24_545_00_01_33_193,copy_of_sadness_tiktok14_00_01_24_545_00_01_33_193,11.2385,những lúc vui vẻ nhất con có ba có chị và có mẹ có ao ước có một gia đình ấm lò hạnh phúc nhưng mà không thực hiện được.,những lúc vui vẻ nhất con có ba có chị và có mẹ có ao ước có một gia đình ấm lò hạnh phúc nhưng mà không thực hiện được.,những lúc vui vẻ nhất con có ba có chị và có mẹ có ao ước có một gia đình ấm lò hạnh phúc nhưng mà không thực hiện được.,những lúc vui vẻ nhất con có ba có chị và có mẹ có ao ước có một gia đình ấm lò hạnh phúc nhưng mà không thực hiện được.,train
sadness_copy_of_sadness_tiktok14_00_01_33_398_00_01_43_462_seg7,sadness_copy_of_sadness_tiktok14_00_01_33_398_00_01_43_462_seg7,sadness_copy_of_sadness_tiktok14_00_01_33_398_00_01_43_462_seg7,sadness,sadness,sadness,3,data/wavs16k/sadness_copy_of_sadness_tiktok14_00_01_33_398_00_01_43_462_seg7.wav,data/wavs16k/sadness_copy_of_sadness_tiktok14_00_01_33_398_00_01_43_462_seg7.wav,sadness_copy_of_sadness_tiktok14_00_01_33_398_00_01_43_462_seg7.wav,copy_of_sadness_tiktok14_00_01_33_398_00_01_43_462,copy_of_sadness_tiktok14_00_01_33_398_00_01_43_462,13.1889,ấm lò hạnh phúc nhưng mà không thực hiện được bây giờ con sống với anh họ và anh họ rất là thương con anh họ nuôi con ăn nuôi con học con rất thương anh họ anh họ là người con biết ơn nhất của người.,ấm lò hạnh phúc nhưng mà không thực hiện được bây giờ con sống với anh họ và anh họ rất là thương con anh họ nuôi con ăn nuôi con học con rất thương anh họ anh họ là người con biết ơn nhất của người.,ấm lò hạnh phúc nhưng mà không thực hiện được bây giờ con sống với anh họ và anh họ rất là thương con anh họ nuôi con ăn nuôi con học con rất thương anh họ anh họ là người con biết ơn nhất của người.,ấm lò hạnh phúc nhưng mà không thực hiện được bây giờ con sống với anh họ và anh họ rất là thương con anh họ nuôi con ăn nuôi con học con rất thương anh họ anh họ là người con biết ơn nhất của người.,train
sadness_copy_of_sadness_tiktok14_00_01_43_462_00_01_50_367_seg8,sadness_copy_of_sadness_tiktok14_00_01_43_462_00_01_50_367_seg8,sadness_copy_of_sadness_tiktok14_00_01_43_462_00_01_50_367_seg8,sadness,sadness,sadness,3,data/wavs16k/sadness_copy_of_sadness_tiktok14_00_01_43_462_00_01_50_367_seg8.wav,data/wavs16k/sadness_copy_of_sadness_tiktok14_00_01_43_462_00_01_50_367_seg8.wav,sadness_copy_of_sadness_tiktok14_00_01_43_462_00_01_50_367_seg8.wav,copy_of_sadness_tiktok14_00_01_43_462_00_01_50_367,copy_of_sadness_tiktok14_00_01_43_462_00_01_50_367,11.7726,học con rất thương anh họ anh họ là người con biết ơn nhất của người nếu như không có sự giúp đỡ của anh họ sẽ tủi thân vì sống một mình con ước là sau này con lớn và xen nuôi lại anh họ.,học con rất thương anh họ anh họ là người con biết ơn nhất của người nếu như không có sự giúp đỡ của anh họ sẽ tủi thân vì sống một mình con ước là sau này con lớn và xen nuôi lại anh họ.,học con rất thương anh họ anh họ là người con biết ơn nhất của người nếu như không có sự giúp đỡ của anh họ sẽ tủi thân vì sống một mình con ước là sau này con lớn và xen nuôi lại anh họ.,học con rất thương anh họ anh họ là người con biết ơn nhất của người nếu như không có sự giúp đỡ của anh họ sẽ tủi thân vì sống một mình con ước là sau này con lớn và xen nuôi lại anh họ.,train
sadness_copy_of_sadness_tiktok15_00_00_50_131_00_00_59_029_seg3,sadness_copy_of_sadness_tiktok15_00_00_50_131_00_00_59_029_seg3,sadness_copy_of_sadness_tiktok15_00_00_50_131_00_00_59_029_seg3,sadness,sadness,sadness,3,data/wavs16k/sadness_copy_of_sadness_tiktok15_00_00_50_131_00_00_59_029_seg3.wav,data/wavs16k/sadness_copy_of_sadness_tiktok15_00_00_50_131_00_00_59_029_seg3.wav,sadness_copy_of_sadness_tiktok15_00_00_50_131_00_00_59_029_seg3.wav,copy_of_sadness_tiktok15_00_00_50_131_00_00_59_029,copy_of_sadness_tiktok15_00_00_50_131_00_00_59_029,12.2834,con giỏi nhất là giữ hứa kia do con nhữ con gió lớn nhất là giữ múa to nó sẽ tạp vô nhà có khi là nó thổi bài hỏi bài một cái chết lá.,con giỏi nhất là giữ hứa kia do con nhữ con gió lớn nhất là giữ múa to nó sẽ tạp vô nhà có khi là nó thổi bài hỏi bài một cái chết lá.,con giỏi nhất là giữ hứa kia do con nhữ con gió lớn nhất là giữ múa to nó sẽ tạp vô nhà có khi là nó thổi bài hỏi bài một cái chết lá.,con giỏi nhất là giữ hứa kia do con nhữ con gió lớn nhất là giữ múa to nó sẽ tạp vô nhà có khi là nó thổi bài hỏi bài một cái chết lá.,train
